text,label
paldo to pag pinasok natin sa phub hahaha million subscribers agad,nsfw
at first thought this was from an nsfw cosplay sub and you were cosplaying nude sakura,nsfw
want to see you from the backside in these panties,nsfw
sarap dilaan at kainin gang pwet sabay pasok sa pwet,nsfw
perfect tiddies wanna grab em,nsfw
sali kayo sa tg group onlinebastusanph,nsfw
sali kayo sa tg onlinebastusanphfreeaccess,nsfw
if no one is around you say baby love you of you aint runnin game ps dedehin ko yan ih,nsfw
iyot meet up mam,nsfw
sige lang baby linisan mo para masarap susuoin,nsfw
taena lalabsan agad ako dito dinedede ko pa lang,nsfw
like your bulbol nakaka turn on,nsfw
mmm those nipples look so enticing,nsfw
nibble on your huge nipples,nsfw
hour kami non stop kaya ganan din ang effect after an hour jugjug,nsfw
sarap nipples tigas na tigas,nsfw
welcum back po as always nice bewbs,nsfw
sarap tlga ng kepu nito,nsfw
pasali hehe sarap gangbang,nsfw
pwede ikaw jumakol sakin,nsfw
tang inna maraming beses belle,nsfw
suree cumming right up,nsfw
tng ina mo foreigner nag tatagalog,nsfw
watch my masturbate in my gyms bathroom free one,nsfw
would love to watch you masterbate in the gym bathroom then id drink and lick your sweet juices dry,nsfw
sex vid pra mlaman kng legit,nsfw
looks perfect after sex,nsfw
mas masarap kapag kinantot kita,nsfw
damn so sexy sarap dilaan katawan mo,nsfw
have you tried anal tho,nsfw
we need longer video to finish fapping prof,nsfw
most beautiful vagina on this app,nsfw
man this is so hot would love to see you getting creampie again,nsfw
tng nang katawan yan ang sarap ang lambot,nsfw
sarap naman kumantot ng babaeng to enjoy guys,nsfw
sarap dito sa nakakalibreng boso,nsfw
shet pink nipples hope to see one beke nemen,nsfw
taena ganda ng katawan mo,nsfw
swerte naman ng kumantot sayo,nsfw
cowgirl style naman po gusto ko makita pano mag ride si girl hehe,nsfw
pinayflix vip vip invitation php ref tybepuyf fc,nsfw
yummy nipz and saucy oyster downside,nsfw
pinayflix vip vip invitation php ref wu mjwqrrvs,nsfw
galing talaga ng pokpok kooo,nsfw
three girls three backshots blast the audio and enjoy,nsfw
si mina talaga super slut hehe,nsfw
just want to lick their underarms during cowgirl or missionary,nsfw
sir tirahan mo naman kame ng puday hahaha,nsfw
daam op may phub channel kayo,nsfw
can we uhhhhh sex,nsfw
sheeeeet sarap kainin talaga lalo na pag may bulbol,nsfw
bewbies commenting as bi female hahaha,nsfw
ang sarap suck ng bewbz mo,nsfw
kaya bro pauntog naman dyan ng isa dun sa may nipple part haha,nsfw
laki bro pasuso naman,nsfw
maliit kasi nipples mo kaya parang pang lalaki,nsfw
best moan so far if natagalan ni guy yungnmga ganyan mo then he was also good in his part lakas makadala nung moan eh,nsfw
wanna be fucked as hard as this ugggh,nsfw
yo wtf why did that felt like closure sex,nsfw
yung gantong sex kakamiss,nsfw
tng ina ang sarap tirahin ni ateng,nsfw
sarap pakinggan ng mga unggol ni ate mmmmm,nsfw
difficult request yet worth it thing to fulfill grabee ka bumayo,nsfw
wala bang yellow basket ung sex chair,nsfw
wow pwede po iputok sa loob niyo,nsfw
tangina ang hot neto sarap kumabayo,nsfw
pinayflix vip vip invitation php ref ppgatr cqck,nsfw
still waiting for lot sex videos of yours as you mentioned last week heheh,nsfw
wiw puti ng singit,nsfw
beautiful breasts on sexy body,nsfw
small puffy nipples are enough imo they are more than enough size,nsfw
sexy ng pusod at tyan sarap dilaan,nsfw
try mo naman mag grocery ng fully naked,nsfw
let me pierce those nipples,nsfw
hotel sex compilation hehe,nsfw
damnnnn thats so lovely you wouldnt mind me fapping to it right,nsfw
not the pinoy porn titles,nsfw
morning sex is great,nsfw
imbes na nagawfh nag lulu dahil dito,nsfw
girl like you shouldnt need to pay for sex,nsfw
mas masarap ako kumantot dyan miiiii tamo hahaha,nsfw
many females have bad luck in relationahips married or single no age bar in exchange of financial help in any city with safety confidentiality and satisfaction to know more kindly dm instagram com huhnottoday giggolo playboy womenlookingformen bdsm submission maleescort lonely women sexual desires,nsfw
sana nakita ko ung buo pati yung tambok may panty fetish ako eh,nsfw
glad opted for the nude instead of the two colors,nsfw
dressing room nudes part of,nsfw
sarap tigang na tigang ako sayo,nsfw
ang ganda ng puki mo nakakapaglaway,nsfw
gago si monmonis ba to ive been looking for you mag mmeet sana tayo,nsfw
heal mo inner child ko pasusuhin mo ako,nsfw
ask you to post at bra peeking xx,nsfw
love those eraser nipples,nsfw
ngl gonna bust my nuts in you,nsfw
mas lalake pa yan kapag sinuso ko,nsfw
ghost nipples are the best imagine putting multiple hickies on that areola,nsfw
grabeeee ang sarap sobrang biyaya ano kaya itsura pag gising ang nipples,nsfw
grabeng cum back naman yaannnn,nsfw
love those brown nipples,nsfw
impressive yummy nipples good luck on your exams luv,nsfw
someone could do the same to my mom she is so slut,nsfw
nah nigga getting clapped infront of his girll,nsfw
im giving free nudes of my step move write mee,nsfw
fuk thts hot af,nsfw
don do that porn have ruined our mindsets please because of your fantasies don ruin your family values,nsfw
ive seen on xhamster but cant recall,nsfw
you made me gooning,nsfw
sex workers are usually pretty active on tinder,nsfw
beep boop im bot that helps downloading videos nsfw download via tube tube xi ffeb if dont reply to comment send me the link per message np com message compose to downloader amp subject download amp message put your video link here and click send nsfw download more videos from cumsluts tube category cumsluts info np com user downloader comments cju dg info amp amp contact amp creator np com message compose to botbert,nsfw
you sound like cock,nsfw
cock bad kinkshaming good,nsfw
its lose lose at this point everyones cock,nsfw
we re just here to do the sex offender shuffle,nsfw
sex offender registry speedrun,nsfw
imagine getting caught and having to register as sex offender for the rest of your life smfh,nsfw
how to make the sex offender registry in one simple step,nsfw
blowjob,nsfw
bullshit it seems to me,nsfw
many girls are made for porn but there are just few girls porn was made for and you pretty girl you are the chosen one of porn,nsfw
lame af she seems completely satisfied when you actually sleep with woman youll realize how much porn as misled you,nsfw
joints after sex love that,nsfw
think going to need link to this anal cream pie pic to compair for research purposes,nsfw
link for the lazy com creampies comments ibfj it took while to scroll down there but damn are there some gems along the way,nsfw
cause he keeps cumming on her face,nsfw
he gave her cum stache,nsfw
look at those nipples,nsfw
her breasts nipples and areoles are stunning,nsfw
do you send nudes,nsfw
the nipples would have made me explode so quick im sucking them and cumming inside at the same time lol,nsfw
hey know her she let me do her anal,nsfw
had no idea id find amazing health advice in porn sub,nsfw
yeah thank you again for this you have no idea how hard it is to find this exact type of porn ive searched high and low for years and ive only managed to find small handful of videos,nsfw
good stuff billy but the quality of girls and big porn names deteriorated if im honest,nsfw
this baby talk is huge boner killer,nsfw
facial girl was but girl giving the handjob had crazy eyez,nsfw
do not typically comment on porn but good lord,nsfw
absolutely but dont swallow want cummy kiss,nsfw
whlwe should always share our sex,nsfw
yesssssss tongue kiss deeply,nsfw
id french kiss you,nsfw
yes id cum inside at once so done,nsfw
multply by coz you deserve to have an orgasm of around times,nsfw
sure im always waking up to boner thinking about amp after looking at ur post,nsfw
sarap lick ko nipples at armpit mo,nsfw
my weakness shower sex,nsfw
at nakita ko na nmn yung peborit kong areola,nsfw
bitin srap susuhin nyn,nsfw
go get your vibrator,nsfw
pwet puke,nsfw
puke,nsfw
puke please,nsfw
puke tas pwet pag nagcum ka na,nsfw
pwet at puke po,nsfw
oops pauupuin kakantutin,nsfw
pag asawa ko to titigan ko lang lagi pekpek nito dko lagi ihard fuck pra ndi masira ung kagandahan ng puki didila dilaan ko lang tas soft intimate fuck,nsfw
ang ganda tignan lalo kapag may naagos na tamod palabas,nsfw
ofc kakantutin isang grabehan,nsfw
sarap creampie nyan,nsfw
kitang titirahin,nsfw
both eat that pussy til you cum first then fuck that ass til cum in you,nsfw
baka belle yan sarap ng puke nyan malasa,nsfw
puke puke puke,nsfw
dilaan ko muna kiffy mo then banatan kita sa wetpu,nsfw
grabeng puke yan sarap kainin,nsfw
kainin ko puke mo pgkatapos kantutin mo pwet mo,nsfw
ganda ng ekup shet,nsfw
sa pussy muna then after sa pwet pwede,nsfw
puke syempre,nsfw
pussy,nsfw
upo sa mukha then kantot,nsfw
pauupuin sa matigas na utin,nsfw
both yan sakin kakantutin at pauupuin,nsfw
most gorgeous pussy on the internet,nsfw
eat then fuck,nsfw
hays sakit na ng etits ko kaka bate ahaha,nsfw
palaplap ng puke mo boo,nsfw
omg wish could eat and fuck both of ur holes,nsfw
kantut,nsfw
it matches your pussy lods makes you more cuter and sexy,nsfw
pass kaya ko ipasok sarili ko hahahahhaha hahati kapa sa kita ko lol,nsfw
kantutin buong araw,nsfw
kakantutin malala,nsfw
rough seggs pagsasawaan,nsfw
pauupuin habang kinakantot,nsfw
sarap kainin kantutin tangina ang linis,nsfw
kakainin pauupuin at kakantutin kainin kita ng nakaganyan tapos nakapatong legs mo sa shoulder ko,nsfw
why not both sit on my cock and on my face,nsfw
kakantutin,nsfw
kantot rabbit haha,nsfw
kain muna yan bago kantutin sarap maminkmink,nsfw
sasambahin tangina parang pornstar katawan,nsfw
holy fuck thats hot,nsfw
kakantutin ng pa missionary para sagad na sagad kada bayo ganda ng pekpek mo eh,nsfw
uupo ka sa mukha ko at lalamutakin ko yan bago kita kantutin,nsfw
sitting on it and fucking it are essentiall the same thing,nsfw
kakantutin syempre tatamodan nadin,nsfw
tang inna ung gnyang kagandang puke sino hnd kakantot jan haha,nsfw
papaututin,nsfw
kakantutin lalapirutin didilaan kakagatin dadaliriin papagurin papupulahin kikilitiin papasukan ng pipino papasukan ng titi papalu paluin,nsfw
napaka ganda ng puke neto sure ako napaka cute ng muka neto,nsfw
sarap dilaan at kantutin,nsfw
upuan mo ako pagkatapos kantutin kita,nsfw
kantutan im fucking that pink pussy for hours straight,nsfw
papauupuin sa aking galit na galit na ari hahahahaha tas sabay hawak sa magkabilang binti at ifufuck sa full nelson cowgirl position,nsfw
want to hear that laugh in person someday hopefully while eating your pussy,nsfw
di lang kantot gagawin ko dyan lslapain ko yan,nsfw
kakantutin na agad yan dahil mahaba haba pa ang araw,nsfw
tangina sarap kantutin niyan pink,nsfw
pagkatapos mo pagpalain ang face ko kakantutin na kita siyempre gusto ko lang muna malasahan ang pink pussy mo,nsfw
eat me lick me fuck me,nsfw
want to lick that asshole,nsfw
nice pussy beb you do diode or waxing,nsfw
best pussy,nsfw
love to insert my thick cock deep insideyou warm wet tight pussy,nsfw
fuck yeah,nsfw
let me lick your both holes fuck your pussy and cum at your face baby east proof detect haikus and sometimes successfully learn amp more amp about amp me com haikusbot opt out of replies haikusbot opt out delete my comment haikusbot delete,nsfw
let me lick your both holes fuck your pussy and cum at your face baby,nsfw
ganda ng pussy,nsfw
creampie material,nsfw
beautiful pussy,nsfw
fuckkk,nsfw
san ba location mo ill eat lick and fuck you,nsfw
pussy then ass oohh yyeeaahh,nsfw
would like to very much pound that ass,nsfw
that perfect asshole,nsfw
ll never get tired of seeing that pretty pussy,nsfw
com hubaderangpinay wptnzm gw,nsfw
yes babe will eat lick and fuck you,nsfw
will like to lick ur pussy,nsfw
kung pwede lang everyday creampie ka sakin,nsfw
sarap ng puke,nsfw
laki ng puke mo ang sarap habha in,nsfw
gus ko sana kaso inch lang titi ko,nsfw
nice pussy,nsfw
can lick your beautiful pussy and then fill you with hot cream,nsfw
wanna lick your pussy,nsfw
tita can cum for you,nsfw
cum to tito,nsfw
sarap bulwakan ng tamod sa loob ng pekpek,nsfw
suso at bilat sarap,nsfw
sarap kainin ng puke neto mukhang manamis namis,nsfw
lalaspagin kita tita,nsfw
fantastic tits love pinay they re so sexy,nsfw
padede naman po,nsfw
fuck you look so beautiful,nsfw
pakantot ako please,nsfw
sarap ng dede mo po ganyang ganyan gusto ng bf ko,nsfw
im straight but got horny with your tits imagining us playing each other twins,nsfw
beautiful tits,nsfw
kinginang yann,nsfw
kantutan muna tayo bago ka magbreak,nsfw
perfrct tits,nsfw
taeng yan apaka ganda ng dede mo ate hahahhahahahahaha,nsfw
fuck it lets do it akin na,nsfw
tangina sobrang sexxxxxxyyyy,nsfw
the hips the hairy pussy,nsfw
stunningly gorgeously beautifully deliciously scrumptiously tasty sweet fucking body id love to all day and night long,nsfw
those curves so fucking hot and sexy pinapainit mo yung malamig na panahon dahil sa tag ulan,nsfw
nice fucking curves,nsfw
sarap kantutin,nsfw
shit,nsfw
ayokong umasa sa paniniwala may pagasa nga ba na baka ang etits koy mapagbigyan,nsfw
whole quicksand crush intelligent gold middle murky voracious caption cats this post was mass deleted and anonymized with redact redact dev,nsfw
homeless intelligent arrest badge cable sleep deranged wise afterthought hard to find this post was mass deleted and anonymized with redact redact dev,nsfw
really love to show off my boobs,nsfw
putanginaka ang sarap paglaruan at susuhin ng dede mo,nsfw
sarap tamuran,nsfw
and really love how you show them to us those perky boobies,nsfw
we are thankful hot perky tits,nsfw
oh dede ka muna,nsfw
sarap ng boobs nya hays,nsfw
has my bwc cock rock hard,nsfw
fuckkkk sarap naman po ipasok sa bibig,nsfw
ganda ng boobs,nsfw
grabe sa laki bilog na bilog nakakadik ang dede mo,nsfw
best pair of tits in,nsfw
laki putangina bilog na bilog,nsfw
ganda nang dede ah,nsfw
padede love,nsfw
ganda ng suso,nsfw
pwede pakantot na rin,nsfw
perfect tits shape padede naman,nsfw
halika dede ka muna,nsfw
padede po,nsfw
padede ako,nsfw
padede,nsfw
padede ako please,nsfw
dede cash yon,nsfw
fuckk,nsfw
want my pussy licked in public places,nsfw
ganda nito outdoor mas nakakalibog,nsfw
so fvcking damn hot,nsfw
fucking fantastic bush,nsfw
fuck ang hot fetish ko talaga naka dress tas walang panty,nsfw
look for oldies yun mag isa na walang kamalay malay tampal puke kamo,nsfw
pag maputi tlga na chubby sarap ng pekpek eh,nsfw
sayang haha kung dito ka samin dumaan nako nakasave na yung kuha mo at pinag jajakulan ko na,nsfw
tas nahagip pekpek mo sa cctv jan sa inyo no haha,nsfw
lovely tits,nsfw
grabeng dede yan,nsfw
sarap kiss mula pussy paakyat ng tits gang sa lips sabay baon,nsfw
fuck,nsfw
lake ng suso mo pwede ba palamog,nsfw
sarap dila dilaan ng boobs mo,nsfw
wow good fuck,nsfw
instinct na ng man mabighani sa boobs cause they once saw it from day one,nsfw
kinginang dede yan sarap laplapin,nsfw
tipong magigsing ka na lang tapos bubungad sayo ganyan kagandang pair of tits goodmorning talaga,nsfw
dare you to leave the dressing room door open at amp go topless wait for man to enter and say aaay let stranger see your boobs videotape it and post it here,nsfw
yellow neighbor padede,nsfw
sarap kumantot habang dumedede,nsfw
one of the best pair of tits ve seen in here damn,nsfw
tang inang hugis yan ang sarap nalang humiga buong araw buong linggo kapag ganyan katabi ko sa kama wag na kumain nasa tabi naman na yung kakainin hahahaha boss pa cuddle nga isang gabi lang,nsfw
defaulted to one day will be messaging you on utc wolframalpha com input utc to local time to remind you of this link com hubaderangpinay comments mdrt hi neighbors nk bmuo context click this link com message compose to remindmebot amp subject reminder amp message com fr fhubaderangpinay fcomments mdrt fhi neighbors fnk bmuo aremindme utc to send pm to also be reminded and to reduce spam parent commenter can delete this message to hide from others com message compose to remindmebot amp subject delete comment amp message delete mdrt info com remindmebot comments bko remindmebot info custom com message compose to remindmebot amp subject reminder amp message blink or message inside square brackets aremindme time period here your reminders com message compose to remindmebot amp subject list of reminders amp message myreminders feedback com message compose to watchful amp subject remindmebot feedback,nsfw
torpedo tits,nsfw
those tits are perfect,nsfw
laki ng suso shit,nsfw
holy shit id love to spend day or two with you when reach the philippines,nsfw
great tits po,nsfw
pagod ka na ba halika dumede ka,nsfw
sarap dumede,nsfw
sobrang pagod nga penge dede,nsfw
brand new boobies,nsfw
wow sarap litaw utong kay misis kasi lubog finding utong eh,nsfw
napa ka perfect talaga ng tits mo sobrang perky,nsfw
pag dumede ba ko jan makakalimutan ko na yung pondong ginastos sa sugal ng mga contractor sa flood control,nsfw
ganda ng suso tayong tayo,nsfw
sige padede ako,nsfw
one of the best tits in this sub,nsfw
sobrang pagod nako padede nga,nsfw
boobiiiieeeessss,nsfw
padede si daddy,nsfw
san ba yan need ko dumede ngayonnn,nsfw
want dumede after work today,nsfw
this pussy wants big cock,nsfw
my bwc wants your pussy,nsfw
baby cowgirl while sucking your tits,nsfw
that pussy fckkkk,nsfw
tight pussy yum yum,nsfw
the perfect pussy that ever wanted,nsfw
upuan mo ko sa mukha fckkk,nsfw
perfect boobs perfect pussy,nsfw
creampie kitaaaa,nsfw
pussy how abouy ur ass,nsfw
would love to cum inside your pussy,nsfw
ive precummed,nsfw
prettiest pussy in all of,nsfw
tried this pussy tight as fuck,nsfw
tried this pussy before tight asf,nsfw
yass,nsfw
this is the best hubaderangpinay spread ve seen today,nsfw
im gonna eat dat pussy all day,nsfw
arghhhh the pussy that never fails to get me hard that needs hard hard pounding,nsfw
the best pussy ve ever seen,nsfw
taena nakakailang jakol ako pagnakikita ko pukeng ito eh,nsfw
my cock wants to get in that pussy,nsfw
beautiful pussy babe,nsfw
let my bigcock fxck your pussy,nsfw
that pussy looks sooo tight,nsfw
perfect pussy,nsfw
cute and perfect pussy,nsfw
wow one of the best pussy ive ver seen,nsfw
tight pussy crave to eat it,nsfw
pussy to die for sheeesshhhhh,nsfw
tamuran niyo buong katawan ko,nsfw
gusto kainin puke mo rapsa,nsfw
godpussy,nsfw
bukkake,nsfw
sarap gangbang sabay lahat kami ipuputok tamod sa katawan mo pati bibig mo,nsfw
tatamoran ko talaga buong katawan mo,nsfw
eto ung pinkabest pink pussy pinay ee love ur position belle puta kantotpreso saken pag gnyan kasarap,nsfw
pwede kipay nalang saka mouthfuck after creampie,nsfw
ikaw na siguro ang ultimate fantasy ko na makantot,nsfw
kung sino ka mang nakakantot na kay belle proud ako sayo,nsfw
ohhh that pussy looks so tempting,nsfw
watch me getting fucked totally free,nsfw
so fucking hot,nsfw
thats pretty pussy,nsfw
ang ganda ng kiffy mo sarap siguro dilaan nyan,nsfw
pussy to die for,nsfw
holy shit,nsfw
sexy pussy,nsfw
yummy pussy,nsfw
best pussy ever,nsfw
best pussy hands down,nsfw
absolutely stunning pussy,nsfw
so fcking hot perfect body,nsfw
goddess pussy,nsfw
pussy looks amazing,nsfw
the nails the tits the pussy hays why so perfect my belle,nsfw
my most faved pussy salsal lagi ako every time see tou,nsfw
ve never seen cleaner tighter pussy in all my life,nsfw
that pussy looks so fucking good,nsfw
give this woman the pussy of the year award already,nsfw
godly pussy,nsfw
so fuckin hot,nsfw
probably the best pink pussy ive seen here in this sub,nsfw
what lovely pussy,nsfw
ganda naman ng pepe mo ate,nsfw
so cute pussy,nsfw
besr pussy,nsfw
sana ma fuck kita soon,nsfw
tangina sarap,nsfw
best pussy in,nsfw
my fav pussy,nsfw
heres sneak peek of godpussy nsfw using the top posts np com godpussy top sort top amp year of the year pov you re under my desk at work redgifs com watch bleakwarmdarwinsfox comments np com godpussy comments bkmp pov youre under my desk at work do men who eat pussy for their own pleasure exist redd it soz gif comments np com godpussy comments jgnv do men who eat pussy for their own pleasure exist youre brave enough to slide in unprotected right redgifs com watch bubblysorrowfulbichonfrise comments np com godpussy comments px youre brave enough to slide in unprotected right im bot beep boop downvote to remove contact com message compose to sneakpeekbot info np com sneakpeekbot opt out np com sneakpeekbot comments wk blacklist ix github github com ghnr sneakpeekbot,nsfw
pinaka gandang pussy na nakita ko sa akng buhay,nsfw
grabe sobrang ganda ng pussy porma na porma talaga,nsfw
pagjakolan mo nga ako,nsfw
halos araw araw na kita pinagsasalsalan,nsfw
kakalabas lang ng tamod ko ngayon,nsfw
always kang pagjajakulan,nsfw
jakol lang,nsfw
gus ko ipahid titi ko boobs mo pti katawan mo,nsfw
ayaw ko gusto ko makantot kita,nsfw
petite and flawless body mammii,nsfw
tangina ang kinis,nsfw
shet sarap ng dede mo,nsfw
ganda ng dede mo tang ina,nsfw
perfect fucking tits,nsfw
sarap tangina,nsfw
ganda ng dede,nsfw
perfect tits,nsfw
pwede padede,nsfw
sarap laplapin,nsfw
heavenly pussy,nsfw
mhhm love eating pussy after sweaty session,nsfw
yummy pussy baby love you,nsfw
nice pussy baby,nsfw
your body makes me horny,nsfw
your pussy is so fucking perfect,nsfw
how about we watch us together masturbating,nsfw
pwd padede,nsfw
omg don get caught because we love those titties,nsfw
hardworking nails,nsfw
ty sa dede love,nsfw
would fuck you so hard,nsfw
pa suso po salamat,nsfw
sarap ng utong,nsfw
puke pero didilaan ko yumg pwet,nsfw
want your pussy hehe,nsfw
you pussy only babe,nsfw
that juicy pussy,nsfw
at puke,nsfw
parehas masarap tamuran,nsfw
wow not really into pwet so puke parang ang sarap ng amoy nyan op langhap sarap,nsfw
my pussy after hard sex free sex vid,nsfw
let me fuck your pretty little pussy dear,nsfw
perfect pussy in front of me,nsfw
beautiful pussy and feet wanna lick both of them,nsfw
thats the pussy id go round on,nsfw
ganda ng pussy mo teh sarap tignan at subukan hehehe,nsfw
god pussy indeed,nsfw
damn love your pussy,nsfw
she head to toe perfection and that pussy,nsfw
perfect toes perfect pussy,nsfw
wow so sexy though and nice pussy too hehe,nsfw
watch me cum,nsfw
ang sarap naman slurp ng cum mo,nsfw
love it when you masturbate,nsfw
masarap pag ikaw sana jinajakol ko no,nsfw
boring naman mag jakol,nsfw
anong cup size ng boobs mo curious lang,nsfw
ughhh shit ang sarap,nsfw
sheeesh kahawig na kahawig ng dede mo yung gumagawa sakin nyan noon kakamiss tuloy haha,nsfw
true sarap talaga magpakantot sa ganyan hehe,nsfw
petite check damn so hatt,nsfw
deym perfect tits,nsfw
damn thats fucking tight,nsfw
fucking perfect,nsfw
breedable po,nsfw
hot your body reminds me of my wife she had the exact same figure and tits before she bore our baby her boobs are on their way to recovery after years,nsfw
good god wish you would back that ass up to me like that id be honored to fuck you blind,nsfw
wanna lick that sexy back and then fuck your ass hard,nsfw
love to fuck that cute ass,nsfw
grabe sobrang nakaka libog,nsfw
after seeing this my cock hard,nsfw
simply gorgeous ass and delicious pussy,nsfw
adorable ass your opened cheeks pussy looks delicious to suck,nsfw
to fuck the air,nsfw
id eat that sweet pussy for hours,nsfw
make an ass licking anal vid got the perfect one for it just gorgeous,nsfw
id fuck in that position all day,nsfw
be honest is it something that turns you on having someone face in your ass,nsfw
first creampie vid sarap sa palawan hehe,nsfw
damn that body and riding skill cant blame carrot for coming like that thank you for the video and for making us all cum hahahaha looking forward to more of your uploads sa palawan enjoy,nsfw
bat ba ako nagbukas ng dump account jakol malalabhuhu,nsfw
sarap naman din ni koya just the right size tas matagal ang tigas uuughhh sana maka fuck ako ng tulad nya,nsfw
daks pala ang carrot ni mr carrot,nsfw
mmm yeah filipino pussy is sooo tight,nsfw
kantutan to the max,nsfw
tangina lord isang order din ng ganito pls,nsfw
baka pwede po ako sumali as creampie cleaner po,nsfw
damn such nice view with your ass,nsfw
tang ina sarap susuhin neto,nsfw
that one fucking good looking tits would suck on,nsfw
tangina ganda ng suso mo,nsfw
grabe grabe sobrang ganda ng shape ng dede mo sana ma message moko at makilala kita,nsfw
ganda ng suso mo sarap dumede,nsfw
may ask whats your boobie size coz thats one hellah perfect tits,nsfw
love the tits,nsfw
nice tits what great view,nsfw
like to suck on titty please,nsfw
damn nice titties,nsfw
your tits are beautiful,nsfw
yan yung utong na gusto ko,nsfw
tangin ang perfect ng dede,nsfw
pa dede naman po,nsfw
ganda ng utong,nsfw
think dito ko lang sa masasabi to nice tits,nsfw
nice sweet tits and plump pussy mound,nsfw
ganda ng suso sobrang tigas ko,nsfw
sakto tong kamay ko na pangtakip sa dede mo,nsfw
pussy spread pic pls,nsfw
best fucking tits ive ever seen here,nsfw
yung may nakahubad na babae na sa harap mo pero sa titi ka pa rin nakafocus ahahahha,nsfw
spoken like an insecure little bitch who cant pull women lmao bro put up or shut up geez,nsfw
favorite position ko to cause it looks so good for videos better to do it on the bed and your hands should be on his chest good shit tho,nsfw
di ah ganda nga ng boobs mo,nsfw
putangina bakit ganyan life niyo ako naman hahaha,nsfw
kaya ang porn ang profession may professional pornstar kasi angb hirap lumiyad liyad ng walang training at workout ngalay ka talaga pag amateur ka haha lols,nsfw
perfect tits nice waist and lovely wish could taste that someday,nsfw
best pinay tits,nsfw
wow sexy as fuck,nsfw
fugging hot squat fuck next,nsfw
tangina ang sarap,nsfw
that is the best fucking position op but it is so difficult lol,nsfw
sarap ng tits tang na,nsfw
sexy af and nice jiggling tits,nsfw
titi too small,nsfw
lumaki yung boobs mo ah,nsfw
ugh yummy tits,nsfw
best phgonewild tits ve seen today,nsfw
god motherfucking damn those are some of them perfect pairs ive ever seen,nsfw
whats your skincare routine,nsfw
ugh love your boobs,nsfw
mahiwagang salamin tumuwad ka na sa akin ikaw ay di mabibitin mahiwagang salamin diyan kita titirahin tyak ang puke wawarakin di ako fans ng bini pero dhil dito napatingin ako ng lyrics ikaw nlng bias ko sa bini ikaw ay isang binibining hubad sa salamin,nsfw
mirror mirror on the wall when can dive my face on those boobies puzzleheaded ant detect haikus and sometimes successfully learn amp more amp about amp me com haikusbot opt out of replies haikusbot opt out delete my comment haikusbot delete,nsfw
mirror mirror on the wall when can dive my face on those boobies,nsfw
mn those boobs are so finee,nsfw
suckable tits may gad,nsfw
no way now know your skin care routine,nsfw
nice tits op,nsfw
yummy perky tits would love to have taste of those twins,nsfw
wow you got perfect tits,nsfw
sarap ng dede mo,nsfw
sanaol ganyan suso ng jowa,nsfw
fuck ansarap,nsfw
tagal mo na di nagpopost ng ganitong vids nakakmiss next time pussy at ahole namn,nsfw
kakalibog haha,nsfw
yaaass,nsfw
oh yeah rub that pussy good,nsfw
pink ang utong mo kasi leni ka love you na,nsfw
happy cake day leni thank you cassie sa pa gift mo sa amin,nsfw
yaaaaassss,nsfw
fuck so hot followed you there hehehe,nsfw
kakampinks are so classy dude you wont get this fine of woman on non kakampinks,nsfw
sheeesh pink na utong for leni,nsfw
yasss back,nsfw
fuckk nakailang cum na ako sa videos mo hahahaha,nsfw
kamukha mo yung classmate ko before pero hindi pala ikaw yun,nsfw
tangina ang laki,nsfw
so laki ng boobies,nsfw
sarap sana dick ko na yung next chos,nsfw
this is so fucking hot in love,nsfw
sarap wasak na wasak puke mo nyan,nsfw
ughh sarap naman tingnan nyan mommy yan na ba minimum daks requirement mo,nsfw
ok lang sakto lang naman sa butas ng puke mo,nsfw
damn need to know how many hours can last on that juicy pussy,nsfw
sinabayan kita mag masturbate hehe,nsfw
mmm you slut,nsfw
grabe moans sa dulo tangina ang laki ang hot,nsfw
di namannn kasi libog na libog ako sis madulas masakit nga lang pag pinilit ko isagad hahahaha,nsfw
sarap shit petition for the audio,nsfw
sobrang nakaka libog mowwo art,nsfw
clara emma rouge peachy oyster when you gonna fuck le clicks and shammami,nsfw
bro the fuckler,nsfw
dont know why but peachys shaking her ass make me feel unwise ngl,nsfw
yung short haired raw fuck,nsfw
rimjob next pleeease,nsfw
that ass tho,nsfw
wow speechless ako dun ahh good looking boobs featuring armpit pa hehe,nsfw
wow sarap paamoy ng underboobs,nsfw
those are some nice tits,nsfw
those tits and braces,nsfw
made me cum so hard with this one,nsfw
such beautiful tits great smile,nsfw
putangina ang sarap,nsfw
sarap laplapin ng kili kili habang pawis,nsfw
sarap kainin ng puke nyan lalo ganyang pawis,nsfw
kagulat yon nice tits,nsfw
the smell nice tits,nsfw
shit sarap ng pawis,nsfw
lemme cum on your sweaty tits while you flex your cute af brace,nsfw
sarap dilaan ng armpits at underboobs na sweaty huhu sukang tuba nation,nsfw
ang hot ng smile damn nice tits din,nsfw
your tits must feel incredible crushed on my chest,nsfw
napaka solid ng dede mo po maam,nsfw
my kind of girl gamer and personal slut,nsfw
yan ang view tapos cumshot goods talaga parang hev abi djk langbhahaha,nsfw
damn tits,nsfw
hot stuff definitely worth posting on pornhub,nsfw
fuck that hot,nsfw
okay lang yan at least makita ng malapitan yung pag bouncr ng ass mo,nsfw
ugh mommy padede,nsfw
amazing boobs,nsfw
wonderful shape to the boobs,nsfw
pakantot po,nsfw
kantot,nsfw
fuck goddess body,nsfw
such beautiful pair of boobs its insane gorgeous curves too damn,nsfw
damn those tits want to svck that its perfect,nsfw
panalo sarap almusalsalin este almusalin,nsfw
shet ganda ng boobs mo siz,nsfw
more pits and tits,nsfw
damn katawang pang kantutan,nsfw
perfect boobs,nsfw
classy,nsfw
tangina pinaka magandang suso na nakita ko,nsfw
bilog na bilog yung suso mo madam kasarap naman,nsfw
dont worry ill make you even sweatier when im done ravaging that erotic little body,nsfw
the sweat makes it so much sexier wanna slide my dick in between,nsfw
what is it with you and your sweaty tasty af tits lemme lick off the sweat off of your tits and pits,nsfw
grabe yang pawisan na dede at kilikili na yan gusto ko ihimod muka ko jan,nsfw
electric fan niyo yung sa mga classroom nostalgic,nsfw
holy shit just wanna be inside you,nsfw
mirror mirror on the wall whos the most fuckable of them all,nsfw
cute tits,nsfw
fuck love that curves,nsfw
is that ai want to fuck it,nsfw
di libog naramdaman ko eh tangina nagka flashbacks ako sa dalawa kong accounting subjects nung last school year hahaha,nsfw
eto na ata pinakamagandang dede na nakita ko rito sa reddit like damn ilang mins ko nang tinitignan,nsfw
perfect tits omg let me suck em up,nsfw
nice tits can suck them,nsfw
ganito dede ko tapos tatawagin nyo akong bro,nsfw
ganda un tits mo bro,nsfw
lusog naman ng dede mo bro,nsfw
laki ng suso mo bro,nsfw
bro padede hahahaha,nsfw
nice tits bro,nsfw
nice tits step bro,nsfw
utong reveal nga,nsfw
fuck what pair,nsfw
padede bro,nsfw
thats some cool tits bro,nsfw
pwede bang palamog ng suso mo bro,nsfw
ganda ng boobs mo bro,nsfw
mamamia bro ill hold your tits,nsfw
laki ng dede mo brad,nsfw
pa dede ka naman bro,nsfw
padede bro angas ng suso mo eh malupitan hahahah,nsfw
ang laki ng dede mo bro pwede kainin,nsfw
nice boobs bro,nsfw
bro sick tits,nsfw
nice tits mane,nsfw
id love to send you massive cum tribute if you would accept it,nsfw
tangina bro,nsfw
bro padede,nsfw
anak ng teteng sino umaaaway sayo turo mo saken reresbakan to tapos pa dodo nice boobs,nsfw
padede brow hahaha,nsfw
lemme suck da tits,nsfw
tangina ang sarap ng dede mo,nsfw
ganda ng dede mo bro,nsfw
your tits are amazing,nsfw
no offense to your gf pero fck mukhang masarap kang sakyan eme,nsfw
and people still think boobs are all there is to sex wild,nsfw
sus kunwari pa kayo eh hayok na hayok nga kayo sa mabibilog ang boobs and busty lol,nsfw
like girls in generals big boobs small girls it dont matter to me much more to sex than breast size in dude,nsfw
ang sarap nyo both op sana may sounds para better aaahhh shit,nsfw
met or swallowed my cum first night,nsfw
whats funny is she will probably post something similar very soon wait for it met or swallowed his cum first night,nsfw
akala ko sadyang sina swallow ang cum sa first meet miss my hookups hahaha,nsfw
very sexy girl met pinay here who has foreign bf that is away she came home with me did her doggie pulled her hair hard and spanked her butt really hard then when ready pulled out and came in her mouth she acted shocked but few minutes later said how hot it was she was good fuck we kept at it until her partner came back,nsfw
perfect slut,nsfw
finally blessed us with that pussy,nsfw
oh shit this is heaven for me,nsfw
sarap sarap naman ng boobs mo babe nakakatigas,nsfw
deyyyyymmmmmm laki ng suso,nsfw
damn those tits looking fine,nsfw
nakaka libog yung kanta grabe para kong nagrelapse,nsfw
ll cum in you like you ain,nsfw
do me favor just stay still relax and hold your cum,nsfw
na ol ganyan kataas ang libog ng babae sheeesh,nsfw
man that bounce is so fucking hot ngl,nsfw
so fuckinggggg hoooot come ride my hard dickkk,nsfw
titaaaa paki bayo ako pls,nsfw
wala ng intro intro putangina sana all,nsfw
both girls are eating but which one are you eating kiffy or eating hotdog,nsfw
thats some good pussy licking,nsfw
fuckin hot,nsfw
nice tits but those are some fucking gorgeous nipples,nsfw
nice tits you got there,nsfw
one of the best pair boobs around,nsfw
hentai tits amazing,nsfw
excellent boobs,nsfw
sarap dilaan and massage po gt,nsfw
delicious fuck,nsfw
nice tits,nsfw
group applicant here manyakis rapist and baptist lol,nsfw
did he cum inside,nsfw
tang ina ang galing,nsfw
laki nmn ng titi niya kainggit,nsfw
intense good shit,nsfw
wanna fuck you so hard amd shower my cum all over your pretty tits baby,nsfw
you can he happy and horny,nsfw
man dont want to be horny anymore just want to be happy,nsfw
if ever in london hit me up cause ll fuck ur brains out,nsfw
definitely will fap to this can have full version or live one,nsfw
finally real pinay fap material goddess,nsfw
nice ass,nsfw
look so sexy bouncing on his cock,nsfw
omg fuck me like that,nsfw
holy fuck his finger in your asshole at the end put me over the edge,nsfw
titty reveal hehe,nsfw
pussy reveal next,nsfw
shit so sexy,nsfw
sarap padede op,nsfw
tits looking fine af,nsfw
wanna suck those gorgeous tits,nsfw
solid talaga titty mo,nsfw
shit how wish,nsfw
best tits mm,nsfw
ganda ng katawan mo tapos yung tits saktong sakto ang hugis,nsfw
titty and kilikili reveal,nsfw
sarap nyan ah chat moko malibog ako,nsfw
tangina,nsfw
im fucking you while you do it,nsfw
cant watch before after or while you do it woukd be very busy fucking you instead eto yung normal na mangyayare if ikaw ang kasama good job though,nsfw
want to breed that bitch,nsfw
gusto kita ihardfuck,nsfw
anyone who likes small boobs,nsfw
small tits slim petite body youre an ideal and heavenly girl for me ngl edit see you like to bake thats cool,nsfw
me like your small boobs,nsfw
petite lover here,nsfw
ang kinis po pahaplos perfect tits for me,nsfw
well boobs are nice no matter what size,nsfw
boobs are boobs regardless of size so in saying that those boobies are yummy af,nsfw
dayummmm would suck those tits for hours,nsfw
boobs are awesome in all forms and sizes,nsfw
fucking love it baby,nsfw
love small boobs uwu,nsfw
boobs are boobs,nsfw
stunning boobys dear,nsfw
very cute big or smol boobs are boobs,nsfw
your breasts match your slim petite figure id say your pretty hot,nsfw
mukhang underage pa to ah tangina sarap neto,nsfw
love small boobs,nsfw
fap worthy,nsfw
smallboobsmatter,nsfw
who doesnt like boobs,nsfw
holy tits on stick those milkers are huge literal na kapos palad anong cup size mo madam,nsfw
dude dami sgurong tumititig sa dede mo kahit balot na balot,nsfw
wow super wititty hahaha,nsfw
perfect boobies hope to see more of it,nsfw
awesome boobies good,nsfw
fuck you re perfect wanna give you baby shower,nsfw
pwede po dumede mommy,nsfw
and still so fucking,nsfw
holy shit they are immaculate,nsfw
padede ako pwede hehehe,nsfw
very nice tits for would suck them dry,nsfw
legit milf perky tits,nsfw
sent this to my boyfriend last year during work kasi we were sexting tapos sobrang horny namin lmao did not ask permission to post this here but know for sure mat turn on siya pag nakita niyang nagpapakita ako ng boobs here sa hope yall like it,nsfw
my my duch amazing lovely boobs,nsfw
you re so fucking sexy ruru perfect tits perfect ass perfect body,nsfw
amazing as always my dream is seeing you with cum in your mouth,nsfw
fuvkkkk want to cum inside ruru so bad,nsfw
release the video with the other girl again this time with the fucking carrot has lot of treasure hidden its time to unearth para lahat ng nandito mainggit,nsfw
with those tits bulag lang magsasabi na di ka hot,nsfw
nice ass baby lt,nsfw
help doc ayaw na lumambot etits ko,nsfw
holy fuck,nsfw
your ass is perfect,nsfw
re enact ninyo scene sa storytelling selma blair ka pero obv mas hot and curvy ka kaysa dun tapos si carrot si teacher then imbes na word fuck me hard just scream out his name,nsfw
unli kantot nanaman maga nanaman pepe mo dyan,nsfw
damn that ass looks so hot,nsfw
baka naman pwedi mapanoud magjajakol lang ako sa gilid,nsfw
dick between those pussy would be mans dream you guys should do threesome,nsfw
sheesh grabe ung laplapan ah nkakauhaw grabe kayo hahaha,nsfw
thats why etits is created,nsfw
curious lang like have you tried dick between those pussies,nsfw
pwede bang itry na may tite sa gitna,nsfw
want to put my cock in between,nsfw
di ko alam kung saan ako mas kikiligin yung waking up to getting fucked or yung may holding hands habang kinakantot lol,nsfw
those hanging tits,nsfw
me too id love waking up and taking that yummy ass deeply in the morning fuck that yummy pussy long hard and deep empty my entire balls inside you in the morning omg,nsfw
tangina sarap ng gising ko niyan kapag nakantot kita,nsfw
fuck ang sexy mo,nsfw
he woke me up by fucking me then telling me he already leaving na,nsfw
let me fuck you next,nsfw
need nd cock,nsfw
nice juicy ass,nsfw
lucky guy to do anything they want to you and your ass,nsfw
would love to grab that ass pound that pussy,nsfw
op your round ass is the bane of my existence,nsfw
and thats what you call fine ass,nsfw
that ass is my goal,nsfw
not an ass man but my god yours just made me stare so perfect,nsfw
some voodoo shit,nsfw
this is some next level shit,nsfw
nice ass po,nsfw
dont know why but short hair girls to me are so fucking hot,nsfw
damn bro ako muna titira sa baba nya habang tinitira ka nya sa taas,nsfw
you have one of the most beautiful boobs that have ever seen,nsfw
fucking hot love red its my favourite colour,nsfw
next level shit,nsfw
amazing tits got ther hope incan taste it,nsfw
wow nice outfit po and nice boobs din,nsfw
nice love it when normal girls those not on reddit just to post nudes post stuff like this those titties are hot what size,nsfw
fucking hot,nsfw
ganda talaga ng dede mo tangina,nsfw
can feel the drool forming in my mouth fuck thats hot,nsfw
love your tits,nsfw
gandang dede naman nyan,nsfw
great tits fuckin awesome,nsfw
tanginang suso yan ang sarap,nsfw
sarap po ng suso mo ugh,nsfw
the shape of your boob and how your erect nipple protrudes are just awesome,nsfw
star nga ang suso mo,nsfw
im not sure if its the angle but dang thats mighty good looking tit,nsfw
very sexy and erotic,nsfw
if im that man would have my hands all over those tits,nsfw
those tits need some sucking and slobbering,nsfw
luv your boobies damn,nsfw
missing your soapy sex soapy tit fuck please,nsfw
hard fuck para mas talbog yung suso,nsfw
shet love that tits,nsfw
sarap iyutin tapos ung gf ko na bahala sa suso,nsfw
what finish theres no better way to treat lady but to give her nice warm cum shot to the face,nsfw
ganda ng utong sarap susuhin nyan,nsfw
panalo sir pang pornhub haha,nsfw
anal fck that goddess sir,nsfw
most of my video is my fubu the male escort and the masseur are two different people lol,nsfw
youd think that with this being his job and all hed have better technique all hips and no knees tsk he fucks like lady,nsfw
shucks wanna hire too may particular body type ako na gusto kong ifuck ako uuughhh,nsfw
things id do to ravage that body myself fuck,nsfw
oh my the way he grabs your hips and ass,nsfw
well yeah we already talked about that before pero malayo kami haha but its okay my fubu here has the same body figure and dick size as mrcarrot nag eenjoy din naman ako,nsfw
thats the horny girl,nsfw
gusto kong kainin ang puke mo,nsfw
nah ill hit you up if im in the philippines and show you how guy should fuck thats not good enough for you,nsfw
so fine shit,nsfw
tangina sana all maganda katawan,nsfw
sarap talaga ng pussy mo idol,nsfw
got instant hard on with that wet pussy,nsfw
the image of that juicy pussy just slapped me on the face,nsfw
sarap himudin both holes then suck clit hahahaa,nsfw
mukbang ko pussy mo,nsfw
damn ang lucky ng maging bf mo perky tits laki din,nsfw
pussy naman,nsfw
wheres that ass,nsfw
absolutely and dont know when ill stop fucking you,nsfw
fuck hard,nsfw
hmm can you make me cum,nsfw
ohmy this made my balls heavy and in an online class fuck,nsfw
wanna fuck you so bad look at that bodddyyy,nsfw
fuck syempre,nsfw
fuck definitely,nsfw
fuck na fuck este pak na pak pala hehe,nsfw
fuck for sure,nsfw
fuck akin ka nalang,nsfw
fuck all day baby,nsfw
fuck fuck fuck fuck fuck,nsfw
fuck yeah hell yeah,nsfw
definitely fuck,nsfw
fuck like there is no tomorrow,nsfw
kantutin kita sa pusod,nsfw
fuck fuck fuck fuck fuck fuck fuck fuck fuck,nsfw
always fuck any day any time,nsfw
yes ma am would love to fuck,nsfw
fuck fuck fuck lt,nsfw
fuck and impregnate haha,nsfw
if choose fuck will let me do it,nsfw
fuck no doubt,nsfw
fuckkkk,nsfw
definitely fuck baby sooooo sexy,nsfw
fuck all day,nsfw
take your fucking panties off,nsfw
so amazing tits,nsfw
sarap naman dumede,nsfw
how can assist you ma am lol sa wakas may bagong post,nsfw
sweet titties,nsfw
really wanna see you get fck from behind,nsfw
wow sexy tits,nsfw
fuck you re so hot,nsfw
well now have to masturbate nd time today that doesnt usually happen youre actually just fucking hot,nsfw
good tits,nsfw
holy smokes your boobies looks perfect,nsfw
my favorite pair of boobies,nsfw
great tits,nsfw
your tits are perfect,nsfw
wow you re so beautiful with amazing tits,nsfw
awesome tits,nsfw
can give you boobs massage,nsfw
yum pretty pussy tas wet sarap kainin,nsfw
love your swole clit,nsfw
sarap even the asshole wink is inviting,nsfw
fuck ang sarap,nsfw
now thats nice pussy,nsfw
fucking hell ikaw talaga dahilan bat ako nag ms peach,nsfw
thats the same guy you always fuck,nsfw
wow hot will fap for,nsfw
lucky if only you were local mfm here we cum,nsfw
beautiful ass,nsfw
fuck solid,nsfw
nah im just inviting you to fuck,nsfw
god wish could make you wet and cum,nsfw
lemme make you obsessed with backshot mirror selfies,nsfw
hinay hinay sa pagpost baka bigla kitang kantutin jan,nsfw
tassive mits baby,nsfw
they look massive,nsfw
love your sexy body and them big beautiful tittys,nsfw
lol ang laki sarap blowjob gamit yan,nsfw
ughhhh tits to die for talaga,nsfw
solid tanginang yan hahahaha,nsfw
true looks massive without bra,nsfw
grabe sarap sarap ng suso mo ang sarap lamutakin,nsfw
hmmm could like that tits all day,nsfw
wish could give you nice massage right now,nsfw
very nice tits,nsfw
looove those pointed boobies,nsfw
let me work on that tits,nsfw
damn that sports bra did its work yummy sweaty tits,nsfw
sarap susuhin dede mo,nsfw
sweaty tits are so sexy,nsfw
more sweaty boobs and armpits please,nsfw
fuck that,nsfw
solid sarap talaga kantutin ng mga milf body,nsfw
no those tits way look too good out of those sports bra real surprise,nsfw
fuck wanna lick ur hairy armpit,nsfw
fuck ang hot ng armpit hair mo,nsfw
someone said look like latina daw na may jav boobs,nsfw
stupendous boobs,nsfw
it looks like jav pussy also,nsfw
wish could at least see her pussy,nsfw
how your pussy looks,nsfw
tangina perfect,nsfw
your boobs resemble that of tsukada shiori,nsfw
them tits are bomb,nsfw
why are you getting downvotes some people are shit,nsfw
love your lips and titties,nsfw
shit sarap,nsfw
kagulat ung nd pic muntik nako dumede sa screen ko,nsfw
tangina swerte nung kasabay mo hahahahahahaha apaka hot grabeee,nsfw
those are fucking beautiful booking my flight now,nsfw
damn thats tits to dream of,nsfw
pefecft tits ang hot,nsfw
fuck thats perfect,nsfw
approach the car then ask for permission can caress those tits,nsfw
best tits ive seen in here,nsfw
blessed is thy tits,nsfw
pa dede nman,nsfw
kakagising ko lang at eto una kong nakita napajakol ako if see that through the car window auto hard on,nsfw
teh suso mo labas,nsfw
uhmm yummy padede,nsfw
holy fuck more public flash please,nsfw
big tits with hairy pits aghhh,nsfw
sarap laplapin ng hairy armpit mo,nsfw
pwedw ba dumede,nsfw
more hairy armpits with boobies,nsfw
your boobs are so fir and big the best have seen till date,nsfw
sobrang ganda naman ng tits mo,nsfw
love ur tits and armpits,nsfw
love it your pits and tits,nsfw
sobrang perfect tits sarap dedehen,nsfw
id love to caress and massage it while we shower together,nsfw
let me kiss those titties for,nsfw
fan of mine said my tits are straight up made from hentai or manhwa lmaooo,nsfw
those are some amazing tits,nsfw
damn sarap dumedendyan habang bumabayo,nsfw
indeed they are amazing tits,nsfw
ganda ng suso mo,nsfw
best tits,nsfw
beautiful tits you got there,nsfw
this has got to be the best tits here,nsfw
your tits said keep your eye contact here lol,nsfw
sarap ititfuck,nsfw
nice huge boobies,nsfw
yung finufuck ka naman pls missionary pov,nsfw
na aappreciate namin boobs mo,nsfw
wifes big boobs,nsfw
ako nmn huhu sarap pakantot,nsfw
hope youll have pov cam version for this nice bouncy tits envy your view,nsfw
nice tits sarap play,nsfw
aamazing tits,nsfw
ate padede po,nsfw
pwede pa dede habang nag lalaro ng valo,nsfw
wow succulent tits,nsfw
waaa dede,nsfw
such beautifull big pussy,nsfw
fat kiffy,nsfw
tambok ng pekpek sarap papakin,nsfw
body tea amazing and that juicy fat pussy,nsfw
thats queens pussy so ready for all kinds of sexual escapades,nsfw
that pussy looks so yummy and tight,nsfw
fck so hotttt rub that clit,nsfw
wanna eat that pussy in parking lot,nsfw
your pussy is so tiny looks delicious,nsfw
id love to see you cum,nsfw
id love to eat that pussy,nsfw
pretty pussy and love the hair,nsfw
your pussy is nice but too much wrinkles smiley,nsfw
pass haha,nsfw
man could keep jerking forever those tits are majestic,nsfw
no it was wonderful nut while admiring your amazing boobs,nsfw
holy shit laki naman nyan can you lick your own nipples babe,nsfw
holly fuuck the prettiest tits ive ever seen,nsfw
grabe nmn yng prang npkfull suffocate me with your tits babe,nsfw
how do you have to nice titties making me suck on them would ruin my nnn,nsfw
fck,nsfw
no tits are perf,nsfw
ruined already thinking and imagining titjob with those massive warm titss,nsfw
tang inang suso yan sobrang sarap,nsfw
oww pinkish pero di parin ako magjajakol,nsfw
tara kantutan tayo maam,nsfw
sarap lambot boobs laki pa,nsfw
thanks for sharing you got my french cock all hard,nsfw
bakit ang sarap dumede sa umaga healthy daw yun,nsfw
love your titties,nsfw
tangina ang lake haha,nsfw
nakakalibog ka po sobra,nsfw
nilalamig na dede,nsfw
solid dede boss,nsfw
painitin ang dede,nsfw
why do most filipinas have light pink and large titties urs is sooo stunning,nsfw
wow great boobs,nsfw
tit perfect,nsfw
post exam boobie pics dump,nsfw
love your boobies,nsfw
hopefully you did as amazing on your exams as your tits look,nsfw
ang lake at ganda ng boobs mo,nsfw
hope exams went as well as the boobies are looking,nsfw
love them big titties,nsfw
gorgeous boobs what about the poonannie,nsfw
sobrang ganda naman ng dede mo madam,nsfw
padede pls tg quickfix,nsfw
one of the best tits here sa,nsfw
ugh masakit na titi ko pls go lang,nsfw
nice tits pakagat ummm,nsfw
dede ang sagot sa pagod,nsfw
yes yes thats it fuck that bitch ra,nsfw
my fav pornstar,nsfw
wanna fuck your hot sexy face,nsfw
wash my dick with your tongue,nsfw
com nd cum in dm,nsfw
best boobs iv ever seen,nsfw
my tits are please grab them and slap them,nsfw
damn girl those are big ones will grab and slap them around pinch those nipples suck those big tits ur dms open,nsfw
id be fucking this slut she got such big tits to grab on and her expressions are like good cumslut,nsfw
if were her rn id want him to squeeze my tits tighter,nsfw
her boobs,nsfw
those tits can swing on my face,nsfw
bigass stepmom,nsfw
can someone dm me wanna fuck my step mom,nsfw
how about you me your me some wilde fuck,nsfw
someone pls fuck me like this next to my family,nsfw
guys its sarah black in pornhub,nsfw
gng are we deadass,nsfw
shit if you hit be sure to tell us,nsfw
wish could fuck my stepmom like this,nsfw
dm me to jerk off with celebs,nsfw
petite teens are easy to fuck,nsfw
want to watch my aunt getting fucked by her husban so hard,nsfw
wish could fuck her,nsfw
she has gorgeous tits,nsfw
wanna fuck her so badd,nsfw
bro nutted,nsfw
nutted,nsfw
nice fuck,nsfw
me when the tits,nsfw
wanna grope and pound her hardddd,nsfw
dm to jerk off with celebs,nsfw
love the fact that she not really into it she just taking dick like she supposed to because if she truly loves her son she will spread her legs whenever asked,nsfw
years of poor masturbation habits have destroyed your erection quality and penile growth to regain what could have been yours through exercises and improving blood flow consult us drop dm on coisaxtion on instagram,nsfw
mutual fap,nsfw
wow super lovely boobs,nsfw
let me be ur fucking son,nsfw
true he fucking good looking women,nsfw
cuck here any horny bulls here ende amme pati paranj adikam,nsfw
fuck yea lt,nsfw
fuck that horny milf,nsfw
just like me and mom daily fucking,nsfw
squeeze her fuvking nipples dumbassss,nsfw
want an arab woman to be whore who will never be satisfied,nsfw
hot as fuckk boy,nsfw
thats not her son is plowing her bitches line up to fuck this dude guess hes got good dick why yall label it mother son what its not stupid fucks,nsfw
want to fck her,nsfw
she is beautiful and her facial expressions makes me think that she is getting forced fuck like blackmail and bang,nsfw
my best friend wanted to be eat my bfs cum with me on her bday oc,nsfw
had some with ex wife and friend and the best part was both girls sucking my cock and kissing at the same time that ll make man feel like god,nsfw
certified street talk analyst here hes saying that he would masturbate furiously to this for years if he was the guy in this ffm female female male combo,nsfw
need more content of chicks getting absolutely slammed while cuddling and making out holy shit,nsfw
where the fuck do you find girls like this,nsfw
hoky fuck how do get invited to join next time,nsfw
you lucky dick hate you lol,nsfw
and its fucking gone,nsfw
need dirty whore like that,nsfw
well isnt that just hot as fuck,nsfw
fucking hott,nsfw
mmm fucking hot yesss mmm,nsfw
props to this guy holy shit wish could fuck like that,nsfw
take that dick mar,nsfw
why dont you girls have reverse gangbang where you all fuck your bf,nsfw
fuck thats hot,nsfw
looks like all need third to lick that cum off her hip,nsfw
fuck in love,nsfw
fuck my sister nicely,nsfw
oh sure but when ask to fuck my friends boyfriend im whore need new friends smh,nsfw
love getting cumshots in my mouth in public,nsfw
dont get paid enough for this shit,nsfw
dont know what kind of eyes you have but cant see shit,nsfw
you can see the shadow of the flight attendant and then you just barely see her and then she walks away probably saw it and was like oh fuck no not dealing with this crap and heads right back,nsfw
idk maybe that their first reaction to guy getting blowjob next to him was to stay in his seat and jack off,nsfw
bruh you almost made me shoot my load from laughter fucken animal,nsfw
so they just let them masturbate on flight full of people,nsfw
serious jellyfish march quiet sink aware mysterious placid history fanatical this post was mass deleted and anonymized with redact redact dev,nsfw
have you heard the dave chappelle bit about public masturbaters and what happens when you try to stop them,nsfw
you squeeze your tits together oh no oh no,nsfw
smellz like cum in here,nsfw
either they got caught or it staged like most hq amateur shit anyone that been on plane knows there no type of privacy whatsoever ever,nsfw
yep was on pretty short flight recently and took the aisle seat so kinda drunk couple could sit together within minutes of taking off the guy put his armrest up and they made out like horny high schoolers lol the woman was sitting next to me though so her leaning over meant had little more wiggle room yay anyway one we got to cruising speed they undid their seatbelts and im pretty sure the guy just started fingering her sneakily was exhausted and didnt want any part of it so just kept my headphones on and let them have their moment it didnt go on for very long before they just fell asleep together which was so friggin cute it did stink little though but they also took their shoes off,nsfw
you wanna talk to people mid jerk suck,nsfw
also the guy cock is small enough for the stewardess not to notice,nsfw
how the fuck did they not get caught how is this even possible lol,nsfw
he still may not want to be in some random persons blowjob video lol,nsfw
this is nasty for the passengers but amusing for us idk what else to say,nsfw
honestly what they did was pretty fucked up though wouldn feel bad for them like come on other people don want to be forced to be around your sex life especially in public there high chance there were kids nearby too these people need to use their brain to think about other people and the risk reward consequences and also the fact that they blurred their own faces out but left the other passengers in it that really cool sure theyd love that if they found out,nsfw
thank you everytime see shit like this think that but if say something everyone downvotes me for being prude,nsfw
gt thank you everytime see shit like this think that but if say something everyone downvotes me for being prude to be fair you are prude in sexy sex sub its relative term,nsfw
hot but listen woman you gotta catch every drop don that dribble down onto the seat for the next passenger come on,nsfw
well yeah no dick no crime the judge probably,nsfw
spoiler alert they did and probably felt uncomfortable af flight attendants see everything plus even if you dont see it half the plane will be wondering why it suddenly smells of cum and pussy just assume she gets her bear trap out at some point,nsfw
im sorry half the plane will be wondering why it suddenly smells of cum and pussy um either youve never had sex or youve been with some smelly nasty women also if your cum stinks like that you may wanna get yourself to doctor,nsfw
lmaoo can make this shit up,nsfw
imagine being recognized on the street by someone only as the bystander in airplane mouth cum video lmao,nsfw
yeah and also imagine your leverage when they point it out oh so you were watching someone sucking dick on an airplane huh do that all the time do you,nsfw
uhhh when have time yeah stay pretty busy though what with all the sucking dick on planes and all,nsfw
yeah that website is sketchy as fuck but thats how the link stays up lol,nsfw
happened to me maybe or years ago was dating an italian girl and one evening we were taking the train from london to peterborough where lived at the time she had high sex drive and while like sex as much as the next guy definitely struggled keeping up with her at times but anyway on the train we started making out little we were in the end of the carriage with door leading into the next carriage right beside us which the train staff would come through now and then and people sat maybe or rows ahead of us fairly quiet but certainly not empty she started rubbing my dick through my jeans which drive me mad and was pitching quite an obvious tent and that was fun in itself but then before could say anything she was unzipping me and had my dick in her mouth was so on edge and nervous of being caught but who the hell tells girl to stop sucking their dick nobody interrupted us or seemed to notice what was happening but as was getting close to cumming we pulled into station told her to stop we were literally passing people on the platform and couple of them might have seen us for second but she kept sucking came in her mouth just as the train rolled to stop and the doors opened and it was probably one of the biggest loads ive ever had it was insanely hot and terrifying in equal measure not my usual thing whatsoever and havent done it since im generally against people doing that in public its gross for everyone else that has to be around you by it was also one of the most exciting things ive ever done sexually so id agree with you that guys have to be crazy to do it or you have crazy woman who can get you to do anything once they have their lips on your cock know people will say this didnt actually happen but whatever,nsfw
gotta stick my dick in crazy at some point,nsfw
damn that cock is beautiful,nsfw
listen not gay but from one dude to the other nice cock,nsfw
this is your captain speaking we are making our final descent please return your seat to the non blowjob position and pass any sticky napkins to our flight attendants thank you,nsfw
good fucking girl but please make sure to swallow it all next time love your hand technique at the end though astonishing,nsfw
perplexed how does this bitch have the shame to sensor her face but not give shit about filming another dude who not part of her sex act know what sub this is and that everybody here wants to bust nut but objectively just kind of public exploitation is fucked up,nsfw
that dude has really nice cock,nsfw
fuck the guy listening to audible this guy is wearing corduroys,nsfw
wow they actually fucking did that that is insanely fucking hot,nsfw
wont work for me im uncircumcised that shit make noise,nsfw
kind of dick move not cool,nsfw
bet they just used green screen and edited this shit no way they get away with that,nsfw
cum and then die holy shit,nsfw
thats what thought but it actually in her axe wound freeze it seconds in and you can see her tight balloon knot dudes got floppy dick and she sucks him down to his fupa,nsfw
what happened to you man why are you talking like that caveman shit you probably need some stuff checked out,nsfw
get this very often because my dick is small and she doesn hurt and it ez for her it like the meme have won but in what cost,nsfw
anal and deep throat fuck what more can you ask for,nsfw
all can appreciate this first comment made out of genuine curiosity but every comment afterward was it kind true necessary helpful the thing that you guys are seeing could be multitude of things for yes his cock naturally hangs in downward curve but if you look at most other videos he rock hard in this one particular video and maybe some others he the teeniest bit softer because when you film in public you get lots more nerves and jitters which can affect your sexual performance so the simple reason he softer in this specific video is just because we filmed it in public location and he was nervous he came quickly as well happens to the best of us he not soft in every video and we re not lazy drug addicts thanks,nsfw
thank you for defending his cock,nsfw
the cock warden,nsfw
good lol the weird fucks talking shit about your dudes dick have almost certainly never used their own dicks ever so they decide that they would do better than that it legit embarrassing as fuck lmao,nsfw
dazzling vase foolish instinctive squeal exultant mountainous rotten direction puzzled mass edited with redact dev,nsfw
fuck everyone else youre doing amazing honey,nsfw
the cock crusader,nsfw
at this point im concerned either he has some form of weird floor bending cock or blood pumping issue anyway hard to watch this and not think ouch this can break,nsfw
wise man once said every pussy got good fucks in it during the st fuck youre like nah im tired of this one time to move on,nsfw
correction taste of dick and asshole,nsfw
that cock is in her pussy,nsfw
coming back for research purposes actually saved this gif because enjoyed it so much also initially thought his cock was in her asshole but it seems she has really tight pussy would you not enjoy it if she sucked it after being in her pooper,nsfw
how does it feel when you have taste of dick and vagina together always question in my mind,nsfw
horny woman first nice fuck and she sucks it empty great,nsfw
holy shit please make more of these throbbing,nsfw
it not in her ass,nsfw
am saying he is not hard because he fucked her over times and he is not into her he is just going thru the motion men who fuck women understand for every hot woman out there theres guy that got tired of fucking her,nsfw
bitch is higher then plane,nsfw
fucking beaut would love to be on both sides of something like this,nsfw
she deserves real dick,nsfw
right in the ass,nsfw
dawg im looking for oc artists what the fuck,nsfw
hell yes baby girl fuck,nsfw
her hair is so fucking cute,nsfw
holy fuking shit,nsfw
if you want to see me cum write me,nsfw
someone never seen jackass,nsfw
lucky guy cant get girl to take my thicc bbc in her ass,nsfw
holy fuck someone come give me the same treatment,nsfw
fucking hell wouldve grabbed her waist and rose like jockey in the preakness and emptied myself into her the condom had on,nsfw
cute af but you need bigger cock to play with baby,nsfw
you re such good slut,nsfw
ride nf fuck nd deepthroat pie,nsfw
lot of haters here criticizing his dick but wish to be in his spot,nsfw
my bf pounded my bestie and licked all the cum off her ass oc,nsfw
fucking beautiful,nsfw
the way her bestie was rubbing his leg by the end of it she was catching feels for that dick,nsfw
im tryna beat my shit then see this comment got me dead asf,nsfw
wow this is hot as fuck,nsfw
he lucky man to get to fuck the two of you wow,nsfw
mean to say that oc the one smoking has probably not had her bf the male in the gif actually fuck her instead of someone else get what polyamorous relationship is but its not really relationship if youre spectator,nsfw
its probably been months since she had her bf fuck her,nsfw
so close to licking her asshole,nsfw
this is legit art and passion but dirty at the same time boner confirmed,nsfw
download mp savemp red url com cumsluts comments nngj my bf pounded my bestie and licked all the cum gzvwgdq amp sound on size mb duration sec feedback com user downloadmp comments ltux feedback dmca savemp red url com cumsluts comments nngj my bf pounded my bestie and licked all the cum gzvwgdq amp dmca,nsfw
id rather make that scara run and cum over those cumbrella lashes,nsfw
get some bitches or touch grass brother either way get away from the internet,nsfw
how do people get into these situations seriously this is ridiculous some slagathor just puffing away while the adonis smashes the ass slagathor friend and then when the cummening happens slagathor laps it up like dogette and mr cumshot just rolls home to his mums house for fucking wholesome meat and potato pie fuck off,nsfw
get the fuck out of here this is what reddit porn should be about classic gone wild vibe,nsfw
this is so fucking hot wish could join,nsfw
beep boop im bot that helps downloading videos download via reddit tube redirect videodownloadnode com redirect html tube cumsluts comments nngj my bf pounded my bestie and licked all the cum also work with links sent by pm dont be afraid to upvote read profile for more info info np com user videodownloadnode amp amp support amp me amp ko fi com videodownloadnode amp amp github github com thenode amp amp private message com message compose to videodownloadnode amp subject paste the video link below,nsfw
oh fuck yes,nsfw
the music the scene the fucking the cum the leg stroking dream,nsfw
good fuck,nsfw
that cock is amazing,nsfw
so hot all of it all of it is so fucking hot,nsfw
this was so fucking hot,nsfw
she got fire ass,nsfw
pray for cum everyday,nsfw
yeah mean get this girl is super hot and everything by why is everyone upvoting her fake cum posts,nsfw
imagine being person that gets upset by fake cum you guys need to get gf,nsfw
not upset my dude fake cum is just turn off for me imagine rubbing fake pussy juice all over your dick and then posting it to turn women on real deal is where it at,nsfw
what no it not practically easier to use real cum than to fake it are you insane fake cum is bottle with couple of pumps maybe seconds real load takes at least seconds so fake cum is at least faster,nsfw
this is probably your sexiest post ever although the anal creampie pic is maybe tied with this one will we ever see gif of you getting ejaculated on,nsfw
its dangerous fetish ive been banned from numerous churches because keep masturbating in front of the priest while maintaining vigorous eye contact it has ruined my life,nsfw
why the fuck hasn your bf knocked your up yet,nsfw
with this cum baptism your prayers would be answered,nsfw
man you look just like one of my ex girl friends she also got flushed when she was horny too wonder what does that,nsfw
your good slut cum bucket whore,nsfw
haha nice one you slut,nsfw
you deserve it bitch,nsfw
fuckin cute,nsfw
cum,nsfw
lmao this shit actually made me laugh,nsfw
would waist drop of cum on that beautiful face would save it all for your pussy,nsfw
oh id love to have that as an inside joke with the gf thoughts and prayers for that dick,nsfw
what slut,nsfw
such perfect face to cum on,nsfw
hallelujah praise be to the cum gods for they have bestowed bountiful load upon your face,nsfw
you really drained this dick today love them all want,nsfw
she is harleyraiyn video sauce manyvids com video cock ride huge facial cumstache,nsfw
with cum on your face,nsfw
the sports that the masses truly care about,nsfw
covered from her cunt to her lips fucking amazing shot,nsfw
heres sneak peek of bodyshots nsfw using the top posts np com bodyshots top sort top amp year of the year amazing he didnt hit me in the face this time im assuming people are happy about it imgur com ckurg jpg comments np com bodyshots comments kro hp amazing he didnt hit me in the face this timeim proud of this one he covered me good oc imgur com izhbc png comments np com bodyshots comments iq ddm proud of this one he covered me good oc pulling out to cum all over me redgifs com watch whichlikelyreynard comments np com bodyshots comments mhtjzd pulling out to cum all over me im bot beep boop downvote to remove contact me com message compose to sneakpeekbot info np com sneakpeekbot opt out np com sneakpeekbot comments wk blacklist ix,nsfw
belly shots are fucking hot,nsfw
boom headshot snipins good job mate its challengin work outta doors guarantee youll not go hungrycause at the end of the day long as theres two people left on the planet someone is gonna want someone dead ooh dad dad im ye not crazed gunman dad im an assassin well the difference bein one is job and the others mental sickness ill be honest with ya my parents do not care for it think his mate saw me yes yes he did feelins look mate you know who has lot of feelings blokes that bludgeon their wife to death with golf trophy professionals have standards be polite be efficient have plan to kill everyone you meet dad dad yeah put mum on the phone,nsfw
camwhores video videos harley cumshot,nsfw
drink lot of water dont jerk off for like week and eat lot of things that contain zinc,nsfw
how do you cum that much,nsfw
fuck me perfect,nsfw
chriskyle of cum,nsfw
absolutely beautiful just needed to lick from her pussy to her neck then kiss her,nsfw
did this once with an ex and she normally didnt like cum on her face but she was so impressed that came that hard and that much that she wasnt mad and kinda liked it that was good time,nsfw
yours is beautiful strong cumshot,nsfw
cum on her hot petite body,nsfw
used to do this to my little slut,nsfw
harleys cumstache teen blowjob amp amateur porn spankbang share google nltvnpe ucrejsslg sauce,nsfw
thats shit ton of cum,nsfw
ayo why does she have mario beard of cum,nsfw
amazing gorgeous who is fucking she,nsfw
so anyone got advice on how to cum like that,nsfw
mother fucker is sniper,nsfw
my god he is amazing can believe how much how far and accurate he is with his cum love to be his next canvas,nsfw
cum mustache,nsfw
can lick that cum off you,nsfw
left chic is also lucky bitch she got facial,nsfw
fuck yeah he is,nsfw
not everyone wants dude sucking his cock,nsfw
this guy is one lucky son of bitch,nsfw
the girl in the right was so jealous of the girl on the left wearing the cum,nsfw
the girl without glasses is definitely little cum whore,nsfw
pornhub com view video php viewkey ph fd,nsfw
lucky bitches wish can participate in this,nsfw
bro you one lucky son of bitch,nsfw
this has been one of my favorite videos for years some buds wanna goon to this shit,nsfw
jesus fucking christ,nsfw
funny how the cum targeted the glasses of all things,nsfw
little lucky prick he really coded that girl with the glasses that was thick shot shes hot that girl go with the glasses shes sexy got nice body pretty face,nsfw
must be nice to have little dick like that and get these too hot women to tongue fuck the head of your dick until you come all over their face and mouth just only if those two hot sexy women knew what real dick actually looks like and feels like inside of them,nsfw
the girl on the right is insatiable for cum,nsfw
str up nasty bitches,nsfw
one on the right is cum slut,nsfw
even my dick is bigger than that wtf,nsfw
bro got double kill streak on those glasses,nsfw
right in the glasses hot,nsfw
wow such obedient sluts,nsfw
oh my fucken god that was hot,nsfw
girl on the right without the glasses and pink hair ties name please,nsfw
this is so fucking hot what lucky guy,nsfw
need blowjob,nsfw
get hard easier knowing got bigger dick then this,nsfw
lot more than that but then again haven had two girls leaking my dick,nsfw
if you wanna see me cum then just write me,nsfw
this is so fucking hot,nsfw
my dick is ready cum sit on it,nsfw
is it weird that jealous of the girl in every cumshot scene,nsfw
kind of know what you mean once nut my head is so sensitive and it just feels weird to me if girl keeps sucking the tip if cum in her mouth or if cream pie my old lady only got few more thrusts until cant take it any more and just need my dick left alone,nsfw
she looks like my side chicks sister recognize from when she flashed me her pussy,nsfw
is this the fucking rumor dude,nsfw
damn fucking coated her,nsfw
so is she magical cocksucker or does he have world class cock and cum control,nsfw
why would someone cum on fire hydrant,nsfw
wanna suck dick so bad haven had one in year,nsfw
what hot slut,nsfw
god wish girl would suck my dick,nsfw
love eating cum,nsfw
would love for stranger to do this to me so can walk around publicly wearing his cum on my face,nsfw
wheres my cum slut at,nsfw
sooooo fuckin hot boing stroke and sqwert,nsfw
omg need cock to unload on me,nsfw
lisa the cum nosed reindeer,nsfw
need my dick drained like that,nsfw
number six is just fucking amazing,nsfw
drinking plenty of water helps increase cum load size,nsfw
what shit cumshot though lol,nsfw
bet he is so death gripped that he cant cum without doing it himself,nsfw
seriously anytime see vid of some babe and the dude is jerking himself like wtf why is she even there if you re just gonna do it yourself,nsfw
cus most girls suck at jerking off cock at least if you dont lube it up,nsfw
death grip refers to many men masturbating in way where they clench their penis too tightly and become accustomed to fist grip leading to orgasm vaginas and mouths are not as strong as hands grip strength even with lots of practice so men who masturbate by holding their cock real tight can often end up having difficulty achieving orgasm during sex the cure is to stop masturbating like neanderthal and like idk explore your anatomy little more,nsfw
bit formal for cum sub but ill bite gt your circumstance is not generalizable it is as you said rare thats fair enough point although did qualify that it was merely my opinion it may also be worth pointing out that the existence of death grip syndrome has not been empirically verified and causality between penile strangulation intensity psi and delayed ejaculation during intercourse has not been established im afraid we just have anecdotes and conjecture here,nsfw
your one case is an anecdote not anecdotes its healthline com health death grip syndrome good to admit thebody com article death grip masturbation when youre wrong en wikipedia org wiki death grip syndrome,nsfw
im not quite sure why this has provoked an emotional reaction im actually inclined to believe dgs is real phenomenon was only pointing out that its existence has not been empirically demonstrated gt its good to admit when youre wrong did you actually read the links that you provided they seem to support my view your first link heathline says death grip syndrome isn officially recognized as medical condition the majority of the evidence online is anecdotal but that doesn mean it doesn exist nd link death grip is not an official medical diagnosis rd link the concept of death grip syndrome is not recognized by any mainstream medical bodies richard santucci chief of urology at detroit receiving hospitals center for urologic reconstruction believes that too strong masturbation is not common cause of delayed ejaculation and states that diabetes medications low testosterone anxiety are the common causes gt your one case is an anecdote not anecdotes think you misunderstood was saying that death grip appears to be based on anecdotes thought id add an excerpt from paper published in the journal nature in conclusion after reviewing the literature it is clear that no one theory accounts for all the varied presentations of de and no theory by itself has strong empirical support heres the link nature com articles ijir,nsfw
so thats why couldnt cum when lost my virginity,nsfw
oh why wait just shove your cock into the slut and let her suck it out of you,nsfw
like the dress and tits but the cumshot was shit,nsfw
weak ass nut fr fr,nsfw
why look into the camera just swallow that cum gezzz,nsfw
good slut,nsfw
tbf this is weak pathetic cumshot lets all be honest,nsfw
my guy calm down no need to bitch theres enough porn online to find what youre looking for so you dont need to write this under something you dont enjoy as much,nsfw
this is why sissies are superior for big cock daddies like that she just sitting there with pathetic passive look waiting for daddy to cum what dumb bitch sissy will be begging sucking his balls mouth greedy and open then cock back in to make sure not drop is wasted smh,nsfw
think it better to blow my dick,nsfw
looks into the camera for what concentrate on swallowing his cum gezzz,nsfw
lip chase punch cow voiceless theory shaggy wide tan panicky this post was mass deleted and anonymized with redact redact dev,nsfw
tits of the year,nsfw
gonna buy my wife these tits asap,nsfw
fuck shes got great tits,nsfw
wonderful tits,nsfw
such good obedient bitch,nsfw
sooo fucking hot,nsfw
fuck that bitch is pretty with nut,nsfw
she got the best looking tits ve ever seen,nsfw
damn her ass is top notch,nsfw
what an ass,nsfw
fuck yes would cheat on my wife in heartbeat with her and impregnate her even if my wife walked in on us,nsfw
some you cant say no to those you gotta breed for the sake of your gene pool especially if they are young and horny,nsfw
im first to impregnate her young pussy though get in line,nsfw
im in love the amount of cum was just nature saying give her all you got she is worth breeding with,nsfw
goodporn pro stella violet fucked goodporn pro stella violet fucked stella violet,nsfw
she understood the assignment,nsfw
sxyprn net post sk anal fuck hard amp so amp ss latest,nsfw
how imagine my husband fuckin another girl,nsfw
he has really nice cock,nsfw
damn bitch with an ass like that who also cumslut keeper,nsfw
you need to clean his cock better babe but that is some good fucking,nsfw
one of the best ass,nsfw
her ass is up there for sure,nsfw
she prime fuck wow,nsfw
his stroke game is non existent lmao boy was pulling her back more than actually fuckin her,nsfw
need to cum,nsfw
get really angry when they take greasy load on the face but dont finish by poppin that cock back in their mouth,nsfw
if come there will cum creampie inside girls sweet yummy beautiful,nsfw
zapped her ass,nsfw
sexy bitch,nsfw
great ass,nsfw
hot as fuck,nsfw
groping leads to fucking fucking leads to leaking cum on the bed,nsfw
and it so freakin erotic with sound,nsfw
damn just piece of meat thats how you see yourself or you just speak like that to turn on these freaks in here that look at women as lesser being whore also doesnt make you lesser just makes you whore,nsfw
he got you holding on for life what good fucking,nsfw
slut,nsfw
id leave your pussy filled up with loads of warm cum every single day baby,nsfw
id fuck you till you passed out with an ass like that,nsfw
omg play with your tits all day like that though can stop reading your caption in master yoda voice xd,nsfw
nice boobfondling,nsfw
need to be groped like this,nsfw
mmm like so very good raid the dick,nsfw
license worthless grandiose knee silky alleged summer fearless detail consist this post was mass deleted and anonymized with redact redact dev,nsfw
let me grope you,nsfw
creampie is the best,nsfw
that one hot fucking video could watch you leak out cum for hours,nsfw
fuck yes,nsfw
love seeing that sexy pussy full of cum,nsfw
there would not be any cum leaking on the bed if was there,nsfw
leaking cumm leads to me going down and tongue fucking your beautiful pussy until your sweet nectar is running down my throat then slowly kissing so you can taste our wonderful melange,nsfw
need to find me slut like that,nsfw
say he couldve fucked you harder but dammit youre such good little slut,nsfw
your pussy and tits,nsfw
oh yes what delightful drip from your freshly fucked pussy,nsfw
dude you gotta be gentle with those tender tits,nsfw
the perfect evening you look amazing getting fucked,nsfw
don forget to fuck the ass too,nsfw
those tits are what size are those beauties love them,nsfw
my god your tits are amazing,nsfw
if was underneath you with my mouth open there would be no cum leakage on the bed,nsfw
wishing was there with you sucking and screaming on my cock as wait for my turn,nsfw
oh hell yes love how hes pounding that pussy hard,nsfw
wouldn let drop of cum hit the bed eat it out of you,nsfw
love for it to be my cum,nsfw
daaamn you re good slut,nsfw
looks like gays dad fucked his wife with kids maybe his sons his brother ganduraja condom,nsfw
he invited me to his hotel room so invited him into my pussy,nsfw
lots of girls do not realize they re not that skilled because dudes are so happy to get off they don critique them god ve said so much stuff to so many exes about what prefer or what just straight up doesn feel good and they freaked the fuck out about it meanwhile on this side they re like move half millimeter to your left my right on my clit and lick it side to side and little bit more slowly with more pressure and just like wtf yeah love to tell you exactly how to suck my dick and have you follow through on it but you flatly refuse still remember the first girl that approached sex like you just tell me what to do and ll do whatever it is enthusiastically but not into piss shit or feet those are the only boundaries goddamn angel was seriously beginning to think girls like that simply didn exist outside of porn,nsfw
literally my favorite cumshot with chaser only that could be hotter is by facing the camera ideally missionary so we can see your beautiful pussy,nsfw
and she comments back nutted so much to this last night it was insane,nsfw
omg you can ride dick,nsfw
cottdammit you re seggsy as hell,nsfw
wow your body is amazing and his cock looks divine,nsfw
looks like he won the lottery wow that ass is amazing,nsfw
lucky guy love how you ride cock,nsfw
and he enjoyed your pussy,nsfw
fantastik beutiful super lovele movings amzing good pussy rider amzing good movings,nsfw
sliding it back in after the cumshot should always be the way or better yet just deposit the cum deep inside,nsfw
damm so good fantastik beutiful pussy rider amzing good body so lovele,nsfw
dude didnt even last mins in your pussy tells me how tight it is,nsfw
damm so super lovele pussy rider amzing good movings super cool pepo wery lovele,nsfw
would you invited me into your pussy drenched,nsfw
your ass turns my cock on,nsfw
my cock wants to ride you,nsfw
awesome fuck,nsfw
bet you get that cock so hard the way you work that pussy,nsfw
gorgeous ass made me hard,nsfw
yes please fucking gorgeous,nsfw
damn that is so fucking hot,nsfw
liked how you were throwing that ass in circle,nsfw
ooh fuck yes mmmm,nsfw
what great ass,nsfw
shake that ass babe,nsfw
seems reasonable love the pull out cum shot and then back in for more,nsfw
can yuo cum to my hotel,nsfw
like the cum control you are beautiful,nsfw
fuck what lucky fucker he is,nsfw
those hips tho wouldnt of let you make me pull out tho im cream pieing that ass,nsfw
holy shit that hot lucky dude,nsfw
you can tell me that she doesn know how to fuck,nsfw
damn thats nice ass,nsfw
wow what lucky prick that is whos that lucky son of bitch that shes riding mean damn he is so lucky shes got to be tight she looks it,nsfw
you realize how sexy you looking at you oh my god look at that perfect position what beautiful woman from that sexual position from any position who am kidding you could milk the cum out of dead man with that sexy body,nsfw
damn available to stop by so can ride my big cock nice and slow,nsfw
you have friendly nice pussy,nsfw
give me blowjob cutie,nsfw
love to swallow as deep as possible during the release of cum,nsfw
the bigger the hoop the bigger the hoe,nsfw
rest in peace is right holy shit,nsfw
had girl do me exactly like this once it was our first date we walked around park for two hours talking got her riled up with my kissing touching listening skills we agreed to go to an empty parking lot during on hot summer day and fucked in her car with the ac blasting we fucked for while and towards the end she started jerking my shit and when said was about to cum she put her mouth on it and deepthroated me shot ropes of cum down her throat and she swallowed it all trying not to choke while looking deep into my eyes with her teary bloodshot eyes like good little cum slut after finished we both left tried to message her again but she ghosted me after its shame really she had cute lips and gave excellent head she really made my toes curl im going to my deathbed thinking about that just hope shes sharing the talent with the world,nsfw
fuck me,nsfw
yes love to fuck you,nsfw
please love to fuck your sexy ass mouth,nsfw
try my cock,nsfw
easy with small cock like that,nsfw
model ph page pornhub com model pretty in pink xox,nsfw
her finger in the ass with those nails no thank you as much as might like it like my rear end healthy more,nsfw
would be even better if she had her tits out and then also stuck finger in his ass for expert mode as he was cumming,nsfw
minutes xvideos com video hvovpud hentai girl titjob,nsfw
jahahf xvideos com video utitphd tifa tit fuck final fantasy,nsfw
croft xvideos com video kfcffcb ef fucking the big and soft tits of lara croft,nsfw
pizza gal and real sis xvideos com video hfvpfeo umemaro vol pizza takeout obscenity pizza hentai,nsfw
classic it xvideos com video kliedid una bellezza bionda incagliata con capezzoli forati riceve una cavalcata hardcore,nsfw
men smashed playground gal xvideos com video kkaaikb girl lost the cellfone,nsfw
against xvideos com video ohhhvvv anna anon hentai compilation,nsfw
mins of hardcore xvideos com video rena senpai and my baton by amelialtie,nsfw
minutes gym training xvideos com video umemaro vol sexy trainer shoko sugimoto eng sub,nsfw
how do get you to suck my cock,nsfw
lemme give cum,nsfw
always dream of deep cum,nsfw
suck my cock,nsfw
love her nails must suck cock like this,nsfw
neeeeed you on my big thick cock,nsfw
clean the damn room fuck,nsfw
zinc gives more volume but bot more actual sperm so the semen itself can be monstrous load but the little microscopic sperms are not increased by numbers also watch out high zinc can cause low copper and potassium make sure you keep track and keep your vitamin and mineral levels at healthy level,nsfw
don believe in that shit it all fake like those silly dick stretching and girth augmentation exercises it the equivalent of those chi grand bull shit masters if that were true every guy on earth would be on them supplements and with massive inch dicks squirting litters of semen per day yes there are guys that can naturally ejaculate an over abundant amount of cum it condition called hyperspermia it cool condition to have if you don wish to have offsprings there are natural ways to increase semen volumes primarily through edging and or sexual abstinence for period of or more days give or take depending on the person the longer time without ejaculation the better people with high libido can abstain for shorter periods and increase semen volumes faster due to their sexual appetite unfortunately for men studies have found that men who practice edging for years can later develop erectile dysfunction it won happen on all men but that negative effect is something to consider,nsfw
what the fuck are you going on about lmao,nsfw
she did not ever even slightly gag with all that cum in her mouth an absolute cum queen,nsfw
she looks so sexy with the cum on her face its almost like she was born to be cumslut,nsfw
eporner com video zltvuylvxkn min galilea pb if you want much cleaner site and hd use this link also has about other bukkake vids on there this girl loves cum,nsfw
txxx com videos bukkake with min galilea,nsfw
that little wink was clench for me what up with the one dude who cum is thin like water,nsfw
love seeing each individual load swim around even after there whole pile of cum in her mouth,nsfw
so like how much do bukkake videos cost to make anyway if the numbers are to be believed thats performers by the end not including crew and post production staff that all have to be paid in an age of near unlimited free online porn that seems like an awfully big investment,nsfw
as would have this recurring fantasy where am cummed on by crowd of men and fucked till am leaking,nsfw
so fucking jealous,nsfw
what beautifully filthy slut thats marriage material right there god bless the little angel,nsfw
yes and then cum swap,nsfw
would hope so any time im not being filled with cock and cum is the worst sin can commit,nsfw
this way lot more can help us in our skin care routine,nsfw
have week worth of cum in my balls if are interested,nsfw
im always so curious about how this effects their stomachs the rest of the day or the next day like its sexy as fuck but theres no way this ends well for her right,nsfw
pornhub com view video php viewkey ph ef cbd,nsfw
wow that so muchhhhh cum,nsfw
need to experience that someday so much cum,nsfw
fucking disgusting ngl,nsfw
how want to have cum all over my body,nsfw
where do sign up for this dream of getting so much cum,nsfw
do western porn do fake cum like japanese ones do cuz they look so white and thick and also the among is crazy or am not normal,nsfw
that lot of cum only used to one load,nsfw
fucking love that she looks like friend of mine which makes it even hotter,nsfw
my dick is telling me too that,nsfw
lucky little whore so many freshly pumped flavors for her taste buds to experience must be thrilling,nsfw
definitely capable of happening have been involved in multiple swinger groups where groups of men completely covered the women completely or filled salad bowls with gallon of cum or oversized champaign glasses with liters and im talking men at most to loads each bukakkes are definitely real the woman shown here has just experienced mild one,nsfw
woman found dead with litres of cum in her stomach,nsfw
would change my diet to only cum for this hh,nsfw
want this to be daily skin care routine,nsfw
bitches be doing shit like this and wonder why they cant stay in healthy relationship,nsfw
can be the only one who almost puke watching her drink so much cum,nsfw
just imagine instead of swallowing if she gets impregnated by these mich cum and she is not in birth control who would be the father of her baby,nsfw
you deserve my cum as well,nsfw
all porn scenes especially facials and swallows should end with girls ftj it so weird when guys jerk it off when there two hands and mouth or more that does the job,nsfw
there was jerkinghimontoher but it was banned due to no moderation such shame,nsfw
is there sub for girls jerking cum onto other girls,nsfw
heres yer sauce pornhub com view video php viewkey ph ac amp pkey,nsfw
dude is she even pornstar or something,nsfw
literally crack whore,nsfw
its so sad what she did to her face was super into her before that shit,nsfw
out of hot fuck,nsfw
fuckk she gives me billie eilish,nsfw
is there sub for this and that scene where jesse jane and riley steel do this but with blowjob instead,nsfw
nope she is from michigan someone use to know dated her and she ran off to be pornstar crazy shit lol,nsfw
gonna say he better hurry up and cum his cock looks red enough to pop,nsfw
xvideos com video you must watch what bad influence chloe cherry is for little allie addison as chloe instructs allie how to work dick for huge facial,nsfw
fuck that made me hard,nsfw
cumshot of the year already,nsfw
this may be the best cumshot ve ever seen,nsfw
holy fuck need this,nsfw
that blonde looks like billie elish lol what love able sluts,nsfw
fuck yes mmmm,nsfw
girls need to help girls get cum,nsfw
dream cum true,nsfw
the good little jerkoff helper trendyporn com video manojob allie addison and chloe cherry the good little jerkoff helper html,nsfw
oh fuckkk,nsfw
the cocked slut from euphoria,nsfw
thats soo fucking hot,nsfw
if it was my cock you were sucking yes lmao,nsfw
had gf that held it in then kissed pushed it in my mouth that day learned do not like cum in my mouth haha,nsfw
spit that cum in my wife mouth,nsfw
in that scenario absolutely sucking my cock and swallowing my cum id be most grateful,nsfw
yes my dick that dick any dick really hell id take suck too,nsfw
oh yea we could do some kinkier shit then just kiss,nsfw
leave some cum on your lips next time and absolutely would,nsfw
answering your question isnt that what the purpose of blowjob is regardless of whose dick youve been sucking on,nsfw
let you spit my cum into my mouth,nsfw
fuck ya girl even if it wasnt my cock youre fckn hoooooot,nsfw
no thats gay as fuck man gay fuck,nsfw
yes would kiss you after and would also suck second load from his dick and share that with you too,nsfw
idc if it was my cock make out with you even help you clean up any cum afterwards,nsfw
would kiss you after bukkake with guys,nsfw
always kiss my girl after she sucking my cock,nsfw
absolutely even with another guys cum still in your mouth,nsfw
how bout join in sucking it we can kiss each other the cock share the juice,nsfw
of course will ive tasted my own cum before,nsfw
no dick breath,nsfw
if you stopped sucking and stroking at the same time cum then am not even calling you back,nsfw
she actually swallowed the bulk of it before taking it out her mouth kinda impressive she pretty much just drank his cum so smoothly,nsfw
going to assume she swallowed most and thats just the last bit,nsfw
damn she deserves way more cum then that she had her mouth open tongue out and everything,nsfw
aah fuck want someone who can suck my cock like that,nsfw
id eat that pussy,nsfw
yes even if that wasn my cock,nsfw
id love to kiss you after you sucked his cock,nsfw
let me taste that cum on your lips,nsfw
spit it in my fucking mouth please,nsfw
absolutely cum is delicious,nsfw
after my cock was in yo mouth,nsfw
yes as long as its my cock youre sucking off,nsfw
why not if you re giving me blowjob my tongue has probably been in your asshole already,nsfw
expect kiss after come kiss me with mouth full of someone elses cum as well works either way,nsfw
anyone who gives great blow job or is getting pounded and takes load creampie or mouth for kiss and cleaning up their mess sharing is caring please recycle,nsfw
of course my dick my cum you bet,nsfw
you are not latino real latinos arent doing this degeneracy theyre out there fucking white bitches if latino took yo girl and thats why youre trying to make latinos look like cucks then thats your problem,nsfw
yes yes yes love the kiss after and love the taste of cum on the sweet lips and tongue of gorgeous girl love the sweet cumkiss yummy yummy,nsfw
omg yes would love to taste his cock cum on your lips,nsfw
would kiss you after you suck someone else dick no no wouldn,nsfw
if its my cock you just finished sucking and swallow then fuck yes,nsfw
slightly chubby college student am breedable to you,nsfw
you have the best body ve ever seen no fuckin joke yes yes would,nsfw
youre more than breedable you are hod damn wife material would happily breed you for the rest of my life,nsfw
dunno probably spill all my cum on your face,nsfw
breedable in all the perfect places,nsfw
thought saw the most stunning woman on here tonight then come across your awesomeness oh my god fuck yeah,nsfw
that description sounds like sweet lil fucktoy,nsfw
you re like marilyn monroe beautiful and breed the ever living fuck outta you,nsfw
if didn want to cum on those tits so bad,nsfw
would repeatedly thrust thick warm loads of cum deep in that pussy daily,nsfw
wtf youre stacked more than breedable,nsfw
breedable is for girl that would do youre the pinnacle of my breeding aspirations would be great to see you pregnant,nsfw
absolutely would love to go balls deep in that pussy and leave you breathless and full of my creamy goodness and then suck on those juicey titties while you are cuming like river,nsfw
oh fuck yeah,nsfw
fuck yes dont mind if bend you over and give you good fucking,nsfw
you are hot baby and want to fuck you bad,nsfw
wow very breedable,nsfw
gasped when you unzipped the hoodie holy fuck,nsfw
fuck my jaw dropped yummy,nsfw
smash or pass,nsfw
absolutely beautiful and of course yes breedable,nsfw
let me suck on your tits,nsfw
you check all the breedable boxes even your taste in hoodies is good,nsfw
if youre into older guys ill pound your pussy,nsfw
your cute as fuck,nsfw
my pussy is already filled with cum how about you take my ass instead,nsfw
fun fact the head of the human penis is shaped as such that it creates suction to pull out competitors sperm the idea being if woman found better mate after having already been inseminated the second sperm stands solid chance of beating the first to the egg,nsfw
take your upvote and stick it in her cunt you disturbed my fap and made me laugh prick,nsfw
we can use it as lube and will shoot another load in your pussy,nsfw
nah just let me use the cum as lube,nsfw
could maybe have another go at your pussy to see if my sperm could beat his to the egg,nsfw
let me fill your ass twice,nsfw
how about clean that delicious looking freshly creamed pussy then go in for another load after that,nsfw
but how am gonna breed that pretty pussy if don fill it up,nsfw
would love to pound that ass,nsfw
ill alternate between the two before flooding that pussy,nsfw
im gonna slip in that cream filled pussy first to lube my cock for that sweet ass,nsfw
wanna load lot of cum into your hot body and delicious pussy,nsfw
id just give you another load in your pussy,nsfw
how bout add another load to that pussy,nsfw
ll fill your pussy with even more,nsfw
what beautiful pussy,nsfw
you like cum in your ass too babe,nsfw
ill fill your ass with cum but first want those sloppy seconds,nsfw
can we add one more to the plastt sub want cum each time in their pussy too lol,nsfw
sliding in sloppy seconds first and that tight ass second,nsfw
you are such dirty little girl and love your butterfly pussy lips,nsfw
idk think id take another shot at your pussy,nsfw
nope ill take your cum filled pussy,nsfw
want to fill you up with more cum we can use that load as lube,nsfw
id just creampie your pussy again then your ass,nsfw
put more cum in you first,nsfw
its not breeding if you get it in the ass,nsfw
would love to eat that creampie right out of that delicious pussy and have another go at it then we switch to that perfect ass mmmmmm,nsfw
what so fucking cute,nsfw
rub my big brown mexican cock with em soles first,nsfw
breed your ass,nsfw
that pussy can get enough cum,nsfw
but what if wanna fill you with more cum it win win,nsfw
whose cum,nsfw
that may be the most perfect pussy have ever seen,nsfw
what perfect pussy baby put my cock in wont want to pull out,nsfw
ima eat ur pussy after he fucks clean his cum then ima fuck in the ass hope it gets dirty,nsfw
we can use your pussy as lube and ll fill you up again,nsfw
nope towel that other dudes jizz off and pump in my own into your pussy to the chariots of fire theme swim little tadpoles swim,nsfw
how bout push his cum in even deeper with my cock until mix my own in with it,nsfw
ll use that cum filled pussy to lube my cock for stretching that asshole,nsfw
rub my big brown mexican cock with em soles,nsfw
nope maybe next time your pussy will be available,nsfw
some dudes pecker snot all over you nah chick ill pump your ass after you hit the showers of course holla,nsfw
ang ganda ng pekpek,nsfw
ph god pussy,nsfw
shit may bago na naman akong crush,nsfw
you have nice pussy there,nsfw
pussy inner lips are perfect,nsfw
ang bango tignan ng pepe mo wonder how it tastes like,nsfw
oh that burger pussy wooh,nsfw
hahahhaah pepe po,nsfw
very hoooooooooooooot love to cum inside right now,nsfw
my tongue licking your ass to pussy back and forth would complete that vid,nsfw
do you want it in your pussy or asshole,nsfw
hot shet fuck sarap lang kung ganyan lagi,nsfw
im dreaming of filling up that pussy with my own cum,nsfw
lumalaki na boobies mo keep it up,nsfw
on scale of one to ten how fuckable is my petite body,nsfw
unscalable can see this petite body laying in front of back with my thicc cock ramming from behind as you moan and cream onto me,nsfw
the perfect body to fuck and cum on your pretty ass tits,nsfw
there no scale for perfect body like that the answer to the question is to only worship and fuck that body hard,nsfw
prefect body like yours cant be measured with scale the answer is only to worship that body and fuck it hard,nsfw
fuck youre absolutely perfect numbers cant describe it,nsfw
would creampie,nsfw
definitely above cause if you are as tiny and tight as you are want to carry you up and fuck you standing up slamming you onto my cock,nsfw
very fuckable doesnt need enhancement at all instant viagra,nsfw
screw the scale love to fuck you all day everyday,nsfw
fuckable,nsfw
your bodys perfectly fuckable,nsfw
show off your pussy for the extra points,nsfw
make me cum by it,nsfw
would suck on those tits,nsfw
if could would give it more then your tits are just too cute,nsfw
fuck you from behind,nsfw
wanna fuck them all day all night,nsfw
tits shape butt idk skin tone posture built,nsfw
anong count to ten kantutin kagad yan,nsfw
cause like petite gals,nsfw
fucking belleee why you re fuckable af,nsfw
my pussy on the next slide hehe,nsfw
gusto ko imukbang puke mo,nsfw
pwede ba ipasok dila sa puke mo,nsfw
sarap pasukan ng malaking burat,nsfw
good morning lets fuck this morning,nsfw
paano paputiin ang maitim na kiffy gusto ko katulad nung sayo,nsfw
wanna fuck in the shower,nsfw
fvck,nsfw
love you lil pussycat,nsfw
come let fuck,nsfw
prettiest petite to ever exist,nsfw
full on kamanyakan gagawin ko sayo my queen,nsfw
may kassmang iyot ha,nsfw
suckable dede mo mam shit,nsfw
wanna fuck,nsfw
armpits and tits combo,nsfw
pekpek reveal naman sa next,nsfw
pinaka masarap na klase ng dede,nsfw
yes yes let me kiss those from tit to pit,nsfw
putangina sarap dilaan,nsfw
fuck ansarap kantutin,nsfw
lalasapin muna ng dila ko yang kilikili mo papunta sa suso mo,nsfw
sarap ng suso mo ganyang ganyan gusto ng bf ko,nsfw
dede kili kili at pepe napaka perfect natural at napaka sarap,nsfw
perfect titties gad deymmm yumiii,nsfw
ang sarap talaga perfect yung dede,nsfw
yummy ng utong,nsfw
want to fuck you hottie,nsfw
your pussy is really wet,nsfw
suck my cock please,nsfw
please will keep sucking my cock,nsfw
am going to cum but you can close your eyes and let me cum in your mouth,nsfw
will cum,nsfw
ohhh fuck,nsfw
grab your titties,nsfw
no wait tell me how it feels first rubbing your tits,nsfw
check if you re wet slide your right index finger into your pussy crack,nsfw
good girl now take your middle finger and ease it between your pussy lips,nsfw
so fuckin hard right now,nsfw
licking every inch of your full left tit before taking that perky nipple into my mouth,nsfw
think your ass is jealous of your pussy,nsfw
and then gonna fuck it,nsfw
am serious about the fucking,nsfw
no do you have dildo or vibrator want you to put it up your ass,nsfw
wish was there to finger your clit and drip warmed lube on your dildo,nsfw
push gently baby open your asshole for my big dick,nsfw
tell me how my hard cock feels in your tight little asshole,nsfw
take it baby that me in your ass and you feel perfect,nsfw
am going to be jerking off over this forever,nsfw
so what you doing to yourself hard as fuck,nsfw
mmm fuck im hard,nsfw
ah its great want fuck your mouth for bit as you look into my eyes,nsfw
but now want to lay down and want to feel your clit,nsfw
as im lightly touching your clit,nsfw
your starting to buck up off the bed your pussy is on fire so gave to go down on you baby,nsfw
your pussy is so great,nsfw
my cock is aching though for it but dont care,nsfw
im giving it everything have on my tongue im sucking your clit like crazy mhmm,nsfw
my cock is going to explode if dont get inside you please baby girl want you,nsfw
fuck my cock aaaahhh fuck climb on top and just tease the entrance to your pussy,nsfw
know want it so plunge in slowly as start to fuck you look at you,nsfw
lean forward as fuck you and slowly kiss again you have me have no control,nsfw
ok babe cum my cock is pumping like crazy into you are just in heaven waiting for your pussy to release its building up cum on baby cum for me finger your pussy hole give me your cum all over my face,nsfw
lol spin class,nsfw
how was spin class boo can imagine that you re even more sexy now,nsfw
now show me your fucking body right now want it,nsfw
really want to suck on your tits then fuck you save the overt sexuality for when it appropriate,nsfw
probably going to hurt you with my cock little bit when see you just little don worry we can still be friends afterwards but yeah going to be bit rude with your lil body,nsfw
that cute little pussy may have to spank you for being so bad and not wearing panties,nsfw
want to spread your legs and eat out your wet pussy,nsfw
mhmmm and then im going to turn you over and put my hard cock deep inside you,nsfw
yea you do you enjoy my big hard dick fucking,nsfw
mmmm love that miss your tight pussy fucking my big dick,nsfw
and you can suck on me hard until we cum,nsfw
bending you over the kitchen island and fucking you from behind thats the best position,nsfw
will pick you up and out you on the counter top spread our legs and tease you with my hard cock,nsfw
moving my tongue in different motions and using my fingers to put pressure on your clit,nsfw
mmm then put your legs behind your head stick my finger in your wet pussy and make you squirt all over my fingers then slide my dick inside you and fuck you slowly til you beg to go deep and hard then fuck away,nsfw
im stroking my hard cock thinking about you,nsfw
ill tie you up to the bed and get on top of you after eating you out and be so rough and passionate youll be itching to get out of those handcuffs so you can ride me till kingdom cum,nsfw
rub your clit soft and gently,nsfw
it really depends on recent masturbation tendencies but idk min probably,nsfw
am constantly horny,nsfw
just remember you dont get to cum until say you can,nsfw
baby just get here so can fuck you how you like it,nsfw
haha just wait until have you bent over and reach around to rub your clit,nsfw
because im gonna tease the hell out of you before let you cum all over my face,nsfw
oh god want to fuck you so deeply,nsfw
want to make your pussy raw and cum in your face youre such dirty bitch and youre all mine,nsfw
my cock gets so hard when think about fucking you kissing your neck and pulling your nipples hard,nsfw
im going to hold your hands down and peel your pussy lips apart so can lick your clit and stick my tongue inside you then when you are dripping wet im going to push my hard dick into your tight pussy as deep as can,nsfw
im going to tease you by fucking you with just the tip so you are begging me to go deeper and when you think you cant take it anymore ill grab your hair and pound you from behind and spank your ass because your such dirty girl,nsfw
then when youve cum all over my cock im going to turn you over and force my cock all the way down your throat and fuck your face and just before cum im going to pull out and cum all over your face,nsfw
sliding down your legs after that want to gently circle your clit and wont stop until you tell me to,nsfw
can indeed my little fucktoy,nsfw
thats how your going to feel when spread your pussy with my tongue and make you come with my mouth,nsfw
were in the shower and youre soaking wet everywhere we get so worked up rubbing my hard hard cock against your,nsfw
when you have free moment slip away and show me you pretty little tits,nsfw
want to slowly spread your legs wide and kiss down the inside of your thighs,nsfw
and slowly close in on your sexy clit,nsfw
as im licking your clit,nsfw
want you to fuck my mouth thrusting your hard cock down my throat and making my pussy sloppy wet while you fuck me with my wand and the fun extension,nsfw
want you to fill my pussy with your thick cock so bad love and id love to do this all with my pretty purple princess plug in,nsfw
god want to fuck your mouth and pussy so badly,nsfw
please fuck me really hard,nsfw
my pussy is tight and can take lot of pain,nsfw
please will just need you to fuck me,nsfw
please need your cum,nsfw
oh my god can feel it growing in my pussy,nsfw
please cum in my mouth,nsfw
oh fuck thats big love that,nsfw
please cum for me cum for your love,nsfw
my tits feel great firm bouncy very sensitive,nsfw
pussy moistening,nsfw
can feel my own pussy heat so hot on my hand,nsfw
mmmmm my pussy juice is sweet baby and there so much of it for you,nsfw
how my pussy baby,nsfw
tell me how you like to eat my pussy,nsfw
my clit is on fire please can cum,nsfw
glad you wanna eat my ass too it been awhile,nsfw
have thick rubber dildo about but very wide head especially,nsfw
shut up tickling my ass with the fat head heheh,nsfw
twisting dildo head like screw in asshole entrance,nsfw
and feather lick my asshole love that,nsfw
ok it is in holy shit have all inches in my ass for you,nsfw
omg your huge hard dick is filling up my ass,nsfw
omg you better be jerking off,nsfw
amazing fucking amazing you pervo we re pervos,nsfw
mhmmmm sure then take your cock in my mouth mhmmm,nsfw
touch your tip with my tongue its oozing pre cum,nsfw
my pussy is just tooo wet for you,nsfw
like how youre gonna tear my pussy just with your tongue,nsfw
and rub your finger on my clit,nsfw
want to squeeze your dick inside my kitty,nsfw
fuck mee sooo hard that wont be able to walk for dayssss,nsfw
bought to start spin class ttyl,nsfw
you want to see my dick don you you want to taste it,nsfw
not letting you see my dick till see that little coochie that you won be hiding from me much longer,nsfw
want to stick my dick right in between those sorry for blatant vulgarity but this is real life lol,nsfw
oh yum wanna ride that shit until your toes curl,nsfw
you would probably make my dick stay hard for at least two hours,nsfw
may have to fuck you from behind for while too,nsfw
miss your big dick in my tight wet pussy,nsfw
sides and fuck me hard and fast,nsfw
yeah were gonna fuck for long time,nsfw
want your big hard dick inside of me,nsfw
blowjob not my eyes,nsfw
im assuming its nice view,nsfw
want your cock so bad my pussy is aching,nsfw
want to be thrown on my tummy with my hands behind my back have you pull my hair while forcing me down fucking me until cum on your cock,nsfw
then come over and fuck me right now daddy,nsfw
im going to rub my pussy thinking about you,nsfw
could you please french kiss my sweet little pussy love,nsfw
want to feel your warm mouth on me your wet tongue gliding slowly around my clit,nsfw
want your hands to be all over my body slowly moving over my nipples and feeling them get harder under your finger tips can feel you tracing every curve of my body eventually going down between my legs feeling how wet am teasing my clit until cant take it anymore and beg you to eat me out,nsfw
would love to fuck you with your toys,nsfw
wrist bond to the couch as im bent over the arm ass up for you,nsfw
was using my wand thinking about you fingering me with my plug in holding my wand to my clit slowly pressing and easing off massaging me with the wand my hands tied above me so was helpless to you as you made me squirt and cum and splash till you were satisfied,nsfw
thrust your cock deep inside my mouth stretching my throat and making me squirm while im all tied up,nsfw
cant wait to have you inside me while you play with my clit ramming me so hard and making my legs shake want to be gasping for air while begging for more,nsfw
fuck want that so bad,nsfw
want massage your shoulders,nsfw
make me cum,nsfw
kaka adik yan belle parehas,safe
sarap dun ako sa both,safe
both call me greedy,safe
all of the above,safe
have seat please hahahaha,safe
pag si belle xempre both yan,safe
pareho sabay kainin ko both,safe
sarap talaga kakainin ko to ng malala,safe
to lick both holes,nsfw
drop your pp care plss,safe
both kasi nkakagigil ka,safe
alternate then finish with cim,safe
start in the pink finish in the stink,safe
wow kulay pink very rare color sa mga pinay kung ako iyan kakainin ko iyan everyday eh,safe
this is the most perfect body ve ever seen,safe
omg at first glance akala ko sex doll it took me second look to recognize you,nsfw
ayoko na palan ng studies upo ka na,safe
tuod fv at best lagyan mo paperbag edited yung kutis obvious naman yan seen better,safe
may fr ba dito,safe
big fan here maam,safe
kakainin muna change hair color si belle,safe
ano na yan send ko na agreement tsaka nda mo hahahah,safe
shave lang yan haha,safe
kahit di naka shave ang sarap parin,safe
delicious is an understatement,safe
dila ko nlng kulang hahap,safe
more like kakainin nakakatakam eh,safe
ayokong mawasak ka kaya umupo kanalang sa mukha ko didilaan ko bawat kasingit singitan ng katawan mo,safe
kakainin muna sarap ng pink,safe
id be happy to do regardless,safe
you probably should the pink short hair suits your figure,safe
gaano kq rami ang yung best squirt,nsfw
upo ka na sa mukha ko babe,safe
sisigurhing manghihina ka hahahahahahahaha,safe
ay ganon ba hahah,safe
pauupuin sa face ko,safe
grabe sarap kainin ng tahong pink na pink,safe
one of many sounds id love to hear you utter while having that delicious morse in my mouth,safe
that sounds like hell of plan that would repeat constantly,safe
natural dont do bleaching down there sensitive kasi skin ko,safe
wish lickin or eating you up right now,nsfw
definitely yes be able to get hold of me please,safe
want to do all of that yes,safe
ay hindi ako nagssogo,safe
hahah jowk lang yun tara okada lol,safe
so clean so good tara sogo,safe
is the backdoor accessible,safe
can sleep on there,safe
can do all to you please,safe
hahahahahahahahaa know eto naman di mabirooo,safe
ill be waiting for you when you visit miami,safe
paktay ka sakin belle,safe
masarap ako kumain yong napapa iyak ko mga babae sa romansa ko,safe
ganda niyo po tita sexy po kayo,nsfw
tita if may ilang taon ka na have thing sa mga middle aged ladies eh,safe
sure tita ilang putok po ba,safe
sarraaap nakahain na siguro mga hr ako kakain nyan haha,safe
kakain na sabay pagtingin mo eto naka hain uyy sarap,safe
paputok naman si tito tita,safe
ugh sarap lalo sa personal,safe
sure sa loob po ba tita,safe
swerte naman ni tito,safe
youre very welcome beautiful,safe
oh my god you have beautiful body,nsfw
potokan na happy new year,safe
hoy ang init non,safe
sure pero pang live action kasi to di pwedeng hanggang picture lang,safe
mukhang buhay ang roman candle ko nito,safe
want my face deep in that everyday,safe
huwag mo kong susubukan malakas humigop ang bibig ko,safe
sheesh gumanyan ka sa harap ko baka mabigla ka,safe
mahilig pa naman ako sa lumpia,safe
pwede ba ipasok yung lumpia tita,safe
ang swerte ng mga pamangkin hehe,safe
sarap mekus mekus ni ninang tapos tornado tornado natin yung tingel nya,safe
lagpas lima na ughhhh,safe
naka ilang putok na ako sayo tita,nsfw
masarap na masakit happy new dear po,safe
wow tita welcum ba ako,safe
ang sarap nan mommy,safe
happy new year tita,safe
kainin ko muna tita,safe
dahil dyan follow kita ugh,safe
would you look at that all of the words in your comment are in alphabetical order have checked comments and only of them were in alphabetical order,safe
pwede ba sa loob tita,safe
papagatas ka ba sa tita mo,safe
can you let me do that noona pleaseeee,safe
tara na san ka ngyn,safe
sige tita pero wag mong ssbhn kina papa and mama secret lng ntn,safe
fetish ko mga ganyan shet,nsfw
kung ganyan lang naman tita ko papasukin ko to lagi sa kwarto niya,safe
that looks sooooo good wtf,safe
when ba tita hihihi,safe
sa loob tita pwede,safe
tapos na pasko bhe,safe
media noche pala dapat anyway padin,safe
tribute kita ta ugh,safe
beautiful sexy view so yummy,nsfw
last post before take break pp,safe
perfect ill pay any amount for this,safe
imma and nakaka turn on naman yan parang sarap nya ilaro sa clits ko shet fantasy,safe
omg welcome back aaaaa enjoy ur break,safe
bat mag bbrreak ka na,safe
give it to me yummy,safe
sure san ka ba,safe
have plane ticket for you soon as you ready,safe
so so so close just little bit more,safe
is ur name rachel,safe
love to pull them down for you,safe
beautiful body with too much hair out of gt strip and you re perfect,nsfw
those curves are absolutely stunning,safe
op nasan ang pagibig,safe
pwede ba kita sambahin,safe
halu can send you cumtrib and moaning audio thank you,nsfw
salamin salamin eto na ba ang para sa akin,safe
ka mga bigaon ba ninyo,safe
pwede makita po kili kili nyo naman hehehe,safe
hay sarap pang destress neto after exam ko bukas same pa tayong accountancy student so know you know my struggles,safe
tara hangout central luzon din ako pm,safe
salamat po butt shots naman,safe
amazing body and love the bush,safe
grabe am in heaven think im seeing goddess,safe
sana pwede mameet siya,safe
salamin salamin sa dingding paano ang aking tingting hays thank you lord talaga by maloi,safe
so curved its warping space time com xxxciaxx imtrffjj,safe
thank for this damn naka loads ako sayo,safe
grabe napakaganda ng hubog ng katawan,safe
ung nag pipicture sa sala talaga yan nahiya lang ako hehehehe ang sexy mo grabeee that figure nakakagigil ng sobra maari maki hawak,nsfw
salamin sala mine ang sexy mo op omfg,nsfw
upuan mo na ang mukha ko,safe
ovulating magang maga ahh,safe
you should be proud of yourself,safe
let me lick and suck it,nsfw
perfect combination hot and slimy,nsfw
sarap linisin mo pa,safe
sige nga gusto ko madami ha,safe
thank you for sharing such an awesome sight,safe
and we always love to watch them,safe
pinapanood ko lang to te naramdaman ko na uli yung bigat ng likod ko whhashsjsha mabuhay ang mga big,safe
sarap laruin ng dila,safe
wow they are absolutely perfect very very sexy,nsfw
how do we meet,safe
ang hot mo po,nsfw
sarap busog buong taon,safe
san po ito bakit walang ganito near samin hahahahahahah,safe
wish im stranger while you recoding it,safe
why is this video so hot,nsfw
wow thats what like pls dm tg bullpampanga,safe
if you live in metro can,safe
kaso walang cctv dito sayang,safe
that would be so good to do love feeling your reaction to my tongue exploring it in public,safe
do it shaved next time hehe,safe
if you kiss my neck not responsible for what happens next,nsfw
jesus id suck on them for hours can,nsfw
loving all the support with that off on my channel till tomorrow,safe
napaka swerte ng tumitira sayo gabi gabi,nsfw
ang firm sarap ang sarap sarap,safe
ill kiss you everywhere,nsfw
sarap naman dakmain nyan,safe
not just the neck damn,safe
sorry but ill prolly skip your neck go straight to those melons,safe
swerte nung mga guy haha,safe
syet sarap may gatas ba yan mmmmmm,safe
if you get my reference,safe
sarap ganyan dati katawan nung ex ko hehe and hours dn non stop madalas,safe
same as mine kasi hehehe,safe
parang asawa ko to ah,safe
wish was on top,safe
for some reason just love your chest and sweaty neck,safe
sweaty and yummy my type,safe
pa share naman ng vid,safe
sweaty messy tasty yan yung masarap sa feeling talaga,safe
sarap dilaan basang basa ng pawis,safe
sana ma try ko,safe
gt sarap matulog pag ganyan katabi,safe
hahahaha sakto for lunch time cuddle for lunch nalang,safe
sarap naman gumising tapos eto unang makikita,safe
sarap how do get you on my bed,safe
would love to meet those haha,safe
ako po pagod na,safe
ay nako nako nako,safe
sinong hnd titigasan jan,safe
perfect way to end my stressful week,safe
my only tg urgirlbelle single scammers list urgirlbellee double urgirlbellee double and urgirlbelleee triple always check username before engaging ty,safe
mmmmm so yummy and juicy and delicious and sweet,safe
inches do lol and your now thinking he lying right lol,safe
all got is ins,safe
this is so hot,nsfw
more of this please,safe
let me lick those holes,nsfw
would slobber those holes deep with my toungue,safe
goddamn youre so hot,nsfw
sobrang sarap naman po,safe
ibang klase ang init ng panahon,safe
avail na kayo super legit ni belle,safe
why dont you take mine in for spin baby,safe
still so clean and tight,safe
uhhhmm sarap naman kainin nyan,safe
out of this world,safe
damn makes me want to taste you,safe
lovelyyy wanna eat hehe,safe
sings your body is wonderland ill use my hand,safe
does it also accept average cocks asking for friend,nsfw
delicious really want taste,safe
what would give to have gf like you,safe
labas nio pambato nio sa sub na to yan ang rank number ko,safe
ganitong ganito ang lalabasan ka ng maraming beses,safe
if only can would,safe
wait lang po tapusin ko lang nnn tas para sayo lahat to,safe
akin ka na lang iingatan kita,safe
ubos na huhu lage kasi ako naka antabay sa post mo,safe
wala pako nakikita tatalo dito,safe
masikip pa sarap bumaon,safe
yan nga gusto ko gawin ever since makita kita dito sa ikaw ata ultimate fantasy ko,safe
kawawa naman yung naghahanap padin dito sa nsfw acc mo hahahaha,safe
mas ok sa loob,safe
can feel the flesh,safe
midnight snack looking great,safe
would love to leak it,safe
you have to force me to stop eating that,safe
napaka gandang hayup ka,safe
may pink card ka,safe
free dont mind if do hahhahaha,safe
you have to most beautiful body have ever seen,nsfw
best slits ive ever seen so far,safe
singit palang ulam na,safe
mabelles lang to te,safe
araw araw nga eh,safe
palagi npapanaginipan na nga kita eh haay,safe
ughhhh yes sure at hinding hindi ako magsasawa sayo,safe
vcs meet up mam,safe
sipping for that lil sexy bod belle,nsfw
super ganda super sarap,safe
such soft tease sarap,safe
weh nasaan ung kalat ng kwarto mo,safe
ang perfect po so puti at makinis,safe
kelan ka gygym uli,safe
ang ganda pag may konti buhok,safe
would love to join in there,safe
ang bango and lambot siguro nyan hmm,safe
ang linis nakakatakam kainin,safe
dm me on tg,safe
send it to my tg brobot,safe
that looks so juicy wanna lick it,nsfw
would love to watch,safe
sure dm on tg,safe
love to see play,safe
want to watch your videos all the time,safe
almost got caught again,safe
iba tlga ung feeling pag kakagusing mo lng tas may dumaan na chix na bakat ung sarap masaya buong araw ko pag may nakakasalubong akong ganto eh,safe
more in public babe,safe
yunnn may bago nice,safe
sniper ka boss haha,safe
tanong mahuhuli mo ba,safe
pahuli ka na pls,safe
pgnahuli kta kain ka ahaha,safe
both its my dream to enter those holes of yours,nsfw
sabay na pwde naman dba,safe
both para ok na ok,safe
its tight hehe in also wild backdoor,nsfw
sarap backdoor but the looks more juicy,nsfw
maga kasi kaya ganyan haha,safe
swerte naman ng nagpamaga,safe
hahahahhaa ai ganun ba,safe
pwede ba sa bibig,safe
aral kalang walang problema sakin hahahhaha,safe
pakilala ka kasi ahhahajahaha,safe
do not post comment or share false misleading or defamatory information about any person including users creators or public figures this includes rumors unverified claims or intentionally distorted content we want this community to stay respectful and fact based spreading false information can harm reputations and create unnecessary drama,safe
report ka ngayon dahil fake news hahahahhahahahaha,safe
this needs the dolby soundtrack,safe
ang clean ganyan sana lahat,safe
kayang kaya pa ng isa,safe
perfect before during and after,safe
nakakatakam nmn kainin nyan,safe
we would love close up view,safe
more of this mizzz,safe
heaven is opening up even for me,safe
ready for another round baby,safe
get chance to win free sub on my channel,safe
seeing this got me extra hard,safe
love the leak let me plug it for you baby,safe
how do avail anything of yours sexy,nsfw
how do get more of this so sexy,nsfw
pm if interested got inches tool here height maputi and good hygiene maayos manamit lets have some fun,safe
wish you could do that to me,safe
ako naman next lods mas malaki tong sakin kesa jan,safe
thinking your two hands perfectly grips my,safe
di ka naman marunong,safe
di naman sa pinagooverthink kita pero what if ako nga yun hahahahah chariz,safe
malay mo ikaw na susunod,safe
more hj practice needed,safe
here just saw your recent post cant dm you hmu puuhleease,safe
meron din ako nyan hahs,safe
ang laki din ng iyo,safe
this is so hot what lucky guy,nsfw
ugh wish that was me,safe
damn sarap nian ha great body,safe
that thigh gap tho,safe
wow ha fit na fit close to hot,nsfw
man swear this body type is fine as heck,safe
because lot here asked for it,safe
who ever owned this girl you are lucky,safe
sarap kainin looks so clean,safe
obligatory reaction gif meme tax media giphy com media ylpeyxasyeppc giphy gif,safe
where video it got taken down,safe
can send you something,safe
my reaction when see you bent over imgur com bnncn gifv,safe
do you take cumtributes coz id like to oblige,nsfw
yang ang tunay na,safe
that simply mouth mastering,safe
to worship this everyday,safe
damn bet youd be yum to eat lovely thank you,safe
sheeesh baby would fill them holes up dm me,safe
now that great ask if ever there were one,safe
wish could eat that and,safe
both holes look delicious,safe
would love to eat all of that,safe
couldnt have asked for more delicious treat right after woke up,safe
where can see more,safe
that is looking delicious,safe
ill show my bikini in the next vid,safe
lord kita mo yan gusto ko rin yan,safe
mamamatay nalang kami sa inggit,safe
thank you ruru and carrot sana may missionary pov naman next hehe enjoy the vacation,safe
pinay girls know how to ride,safe
hey god where is this in my life,safe
parang feel ko hindi palawan yung masarap hahahahaha,safe
parang pwet lang ni lena paul,safe
not being gay but damn carrot has thick legs,safe
wow one of the best congrats idol,safe
ang sarap naman tapos sa palawan pa nakakamiss to be ridden like that,safe
enjoy na enjoy lung lalake,safe
saan kayo sa palawan,safe
namatay nanaman kaming lahat sa inggit hahahaha,safe
ganyan ka na pala sa iba lord pano kami,safe
damn swerte ni kuya,safe
kung carrot yang sinasakyan mo ako naman pangalan ng akin bungkokan taro hahaha,safe
ganito po need ko lord,safe
wala bang pov dyan,safe
ganyan ka pala sa iba lord,safe
sanaol nalang ang kaya ko masabi,safe
will you guys be searching for one time palawan fubu,safe
san kayo pumunta sa palawan,safe
sht always dreaming to try this positon damn,safe
si bro ay pinagpala sa lahat ng lalake,safe
familiar ung hotel seda vertis kaso palawan,nsfw
galing mo talaga ruru,safe
ayan na nga baga ang pinakahihintay ng lahat haha,safe
what cam do you use just curious,safe
mapapasana all ka na lang talaga,safe
lord is this too much to ask for ba,safe
binhi ni renan binaon sa taniman sa palawan,safe
mapapa sana all nalang talaga,safe
damn that was hot but get less squeaky couch lolol,nsfw
wow welcome to our island hope to meeting you guys someday with my wife,safe
hindi lang eut masarap sa ganyan kakinis dila himod buong katawan pati tumbong,safe
sana all ganito mag ride they exert effort inactivating quads and glutes hindi yung naka upo lang hahahaha,safe
sana ako naman next,safe
respectfully you re hot,nsfw
must be damm enjoy,safe
palawan ecstasy inside you,safe
pro top player urgh,safe
mas masarap ka pa din,safe
no words man just sana all,safe
wow let try look good,safe
me next just got here,safe
sobrang sarap hays nakakamiss,safe
check my direct messages,safe
kahit maliit maraming katas nice one keep it up,safe
felt naughty didn buy anything,safe
mahaba na po pila sa fitting room,safe
yep better without the top sundress would be perfect for you,safe
can decide what to wear eh,safe
if the weather allows it something that does off chest or midriff would get my vote,safe
yummy didnt like how they looked,safe
to me that body is perfect the right amount of everything,safe
hoy kaninong jowa tooooo,safe
fitting room fun you look great was it dress try on day,safe
looking extra cute in that outfit,safe
uniqlo checked saang store naman kaya next,safe
sana magawi ka uniqlo cainta,safe
almost married just one finger away,safe
come back home now beh di na ako galit,safe
that green dress might look good on you tbh,safe
swerte naman ni bf haha,safe
you look so expensive,safe
thank you for the rose haha,safe
gorgeous you just earned new follower,safe
baka need mo ng kasama next time,safe
bagay sayo yung dress,safe
kahit araw araw ka mag aya hindi nakakasawa,safe
in batangue acent ano gang pagkakasarap nayan,safe
bagay sayo yang suot mo,safe
so hot and sexy,nsfw
would love to see what you were trying on too,safe
hi how about some dressed pics sure you look beautiful and sexy in anything you wear specially that green dress on the side,nsfw
bagay yung green dress op pero mas bagay kung ako magtatanggal nyan,safe
pwede sumama next time,safe
what perfect rack sana masuso ko yan,nsfw
damn you look tight,safe
god was showing off when he made you huh,safe
can play with them,safe
kahit curvy pero yummy,safe
swabe akin ka nalang madam,safe
ahhhh perfect bod rapsa,safe
stunning babe thanks for sharing,safe
haha same us men papasok para mag pic kung hot sabay sukat wahah,nsfw
youve gotten thicker from what ive remembered,safe
putek ang ganda ng katawan,safe
ang sarao mo siguro maka landian,safe
they sit so nice,safe
your posts have made my day thank you,safe
perfect body para sa isang magandang binibini,safe
mas perfect kung hubad lahat,safe
since we reached new milestone view from the ront,safe
ang weird din nung position ng couch eh hahaha,safe
rockin bod though chef kiss,nsfw
ganda ng lahat pero parang ako yung nahihirapan sa rhythm it me problem,safe
marami kang insecurities brad dami mong nakikita enjoy mo na lang buhay mo,safe
can def agree with that,safe
hope my body is like this para hindi ako nahihiya,safe
yeah it just looks good on videos,safe
pero masarap din sya when done right your man could ram you turbo mode like bunny from that position too hahaha,safe
parang masmahirap kesa masmasarap hehe nice body po and yummy feet din,safe
yeah but we had to try,safe
lovely body but the sofa doesnt look safe to do this haha,safe
likes from the other post,safe
nice video thanks for sharing what was the milestone,safe
nice body sana makatry din ng ganyan ka fit masarap yan sa video pero masakit sa itlog yan lalo na pag nasa couch nalulubog mas maganda sa tantra chair try nyo dun,nsfw
honestly ignore the negative comments thats the luckiest guy on the planet and theyre all jealous asf lol,safe
come on its hot homemade yan guys watched too much porn prod,nsfw
samalat sa video nyo maam sir,safe
dang these are so sexy,nsfw
damn pwede sa jav lol,nsfw
nice vid ganda ng katawan mo ganda din ng paa mo damihan mo pa ng gantong vids suportahan ka namin,safe
we actually managed to do proper one but sadly wasn recorded,safe
laki na puks ni ruru,safe
hottest thing ive seen today,nsfw
slime samaa we want moooore,safe
ganda ng body panalong panalo toh bro,safe
jesus thats ridiculous body,safe
meron yung mga unang vid,safe
side view sana bro if meron haha,safe
yown upload na bro haha,safe
since ni post nyo na yan nxt time mmf na tayo nyan fc lol,safe
deng just gripe sa partner best effing position imho glingan mo pa,safe
abit small from the guy,safe
may master sa baba oh parang its almost confirmed rip,safe
name for educational purpose only,safe
bro woke up and decided to be gorgeous,safe
same toner and moisturizer hahaha,safe
damn need nice and wild filipina wife,safe
wow this is great mirrorshot,safe
inbox me if you wanna be little naughty,nsfw
same skincare ng partner mo,safe
wow deoproce sunblock kaya makinis,safe
glad to have you back,safe
kaka labas lng laabasan nnaman hays,safe
the funnest bags youll ever see,safe
that really nice pair,safe
someone used your photo,safe
you have very nice bewbs,nsfw
pinapasakit mo ulo ko,safe
those are amazing pillows,safe
dahil espesyal ang araw na ito may regalo ako para sa lahat,safe
yaaas and glad most of all got the message,safe
ipanalo na na to,safe
tama babae ang bubuhat,safe
maraming salamat ipanalona to,safe
noted pag nanalo siya may pasabog na regalo ulit ako basta ipanalo natin,safe
yesss an awesome video from my fellow kakampink woot woot if manalo ba si mam leni another espesyal na araw na naman ba at another regalo na naman ba para sa lahat sana youll do video playing on yourself,safe
ipapanalo talaga natin to,safe
ipanalo talaga naten to ate,safe
hmm after mag wax guro hahaha,safe
hot hot hot details,nsfw
tama doon tayo sa pink,safe
mmm sexy would love to savor your flavor,nsfw
hot damn blessed to witness this,nsfw
ang ganda mo ateeee,safe
girl you are gorgeous,safe
busy kasi sa ground campaigns and activities eh hehehe,safe
sana araw araw special,safe
omg conan hahaha cutieee,safe
obligatory reaction gif media giphy com media lykmm iintrii giphy gif,safe
thanks for sharing this you just made my day,safe
tama baka ma depress ako pag hindi hahaha,safe
siguraduhin mo yan ha marami pa rason para piliin si leni maraming salamat and welcome kakampink,safe
bbm ako dati pero ngayon kakampink na,safe
kaya nga eh nakakamiss din pala hahaha noted,safe
kulay rosas ang bukaaas,safe
may mga nauna po paki steal nalang po hahahaha,safe
pwde bang humabol pa mine po,safe
patingin ng tindig charot,safe
hahahahahahahaha maka leni sila,safe
we draw leni lang leni in malaca ang lt,safe
hahahaha itinakda talaga siguro na ganyan love ya too,safe
none hehe tease lang,safe
got the eye of the tigeeerr shabay shabay,safe
iba talaga mga kakampink eh,safe
ang lupit mo kakampink,safe
nasa tamang president talaga ako eh,safe
you are so sexy,nsfw
ako lang to ano ka ba charot hahhaha,safe
mukang need ko nang lumipat kay leni ahh lalo kung makikilala ko to haha,safe
ang ganda na pinkish pa saan ka pa,safe
switch na pala ako,safe
tara sa grand rally madam,safe
upvote and an award for you my dear,safe
nag babalik ipanalona to,safe
set from ganda hahaha,safe
namiss kita baby buti bumalik ka,safe
kulay rosas ang butas,safe
can cumtribute then send it to,nsfw
legit pink crush letlenilead,safe
welcome back queen we all missed you,safe
eto na fave ko ipanalonana to,safe
damn sana mameet kita pag uwi ko ng pinas,safe
hahahahaha bwisittt di na kasi matanggal yang stains na yan nililinis ko yan hahaha,safe
hi suggest spraying equal parts water and vinigar then punas it with cloth or tissue hahahaha might help,safe
ay sorry hahahah nag mamagandang loob lang po hehehe,safe
talsik yan nag stain na,safe
te pwede po akong mag linis ng salamin mo mejo madumi ma ehhh,safe
parehas nung ka fwb ko,safe
the toy is so pretty please tell me san ka umuorder,safe
ang sarap dammnn pwede ko bang kainin yan after mo nyan,safe
lagay ka rin kaya ng butt plug,safe
ang lakiii nga at kayang kaya mo,safe
grabe pagka utog mo babe,safe
baka masyadong mahaba ilang inches ba yan,safe
should be all night long,safe
can give you that all night long,safe
hahaha ako din eh kasing laki ng braso ko,safe
such good girl when kaya namin makikita first bbc experience mo,safe
ready na for bbc,safe
konti nalang parang takip na ng stick,safe
di ba masakit ganitong size sis,safe
go to my redgifs acc it should have an audio there,safe
sarap higupin ng katas mo,nsfw
sarap lalo kung may audio,safe
let me fill that other hole,safe
laki nga sarap na sarap ka ba,safe
sobrang nakakangalay sa totoo lang,safe
pwede ba yan pilahan after ng iyong laruan,safe
sayang na delete account may alam ba if gumawa sya ng ibang account,safe
please clean the mirror,safe
pro naghubad in public con linagyan ng puso,safe
fancy to think this is ai wanna see the uncensored one,safe
can see the uncensored version for thesis only,safe
uy patingin sa makati ka ba ulit bukas,safe
patingin nga kung di ba talaga ai,safe
can we see video of her showing those,safe
would like to see that,safe
do the deed in public mas hot yun,nsfw
can see it too haha for my thesis defense lang,safe
yes grok nsfw circumvention technique,safe
hottt but looks ai,nsfw
very brave of you,safe
girl dont even have words lmaoooo,safe
the cctv guys brought home the footage from that moment,safe
dela rosa elevated walkway makati,safe
that is an awesome flash,safe
plenty wild you look so beautiful too what stunning view,safe
very nice just wild enough,safe
hot damn free them puppies,nsfw
enjoyed this way more than should have,safe
so lucky nman ng photographer mo,safe
that skin looks yummmm,safe
the kind of crazy like,safe
wow very nice po hehehehe,safe
wala ka suot na bra,safe
ibigay mo na sa min yan plsss,safe
so sexy getting excited,nsfw
lakas loob ah this looks like somewhere in makati yung tinatawag namin dati na snake road,safe
di pa sinagad dpt wala ng cover at damit lol,safe
wild and free mukhang elegant girl ka din ang hot talaga pag public dares ingat lang baka makasuhan ka ng public indecency prision mayor ang penalty jan,nsfw
di kayo natatakot talaga noh,safe
naol matapang op ha ha ha,safe
omg slay ka dyan mother,safe
parang tuta haha ang cute,safe
clara who who the first girl,safe
dont know anyone except,safe
ok how about le slicks,safe
boss pwede malaman ang username nila ruru at mina gusto ko lang ifollpw ang dalawa,safe
si mrcarrot lang makakasagot niyan men sorry,safe
ano po ang secret for more fwbs still looking and ang hirap talaga,safe
gusto ko ung una mr caroott lopitt,safe
boss ano username nila ruru at mina follow ko lang sila salamat boss,safe
youre living the dream,safe
why you still using imgur,safe
damn kinis and mapuputi nice,safe
the best yung lastt,safe
april boy idol hehehe,safe
dun tayo sa pang una,safe
lupit ng pacing mo idol,safe
all wanna know is anong kanta yung nagpe play on the second clip para mai add sa bed playlist hehe,safe
nagpost na naman si idle,safe
akala ko sabay sabay master hahahah,safe
do any of these girls have or twitter,safe
how to be carrot,safe
post run endorphins at rumaragasang estrogen,safe
if you want will help you showering after your run,safe
wow as in wow,safe
ang alat tigna sarap dilaan,safe
that braces tho sooooo lovely,safe
can smell your armpits,safe
hi maam share details please salamat,safe
damn so sexy lets chat in dm,nsfw
sarap dilaan ng kilikili mo after run,nsfw
sarap siguro masapak ako nyan hehe,safe
no joke ilike your smile,safe
this is what like sweaty and masarap,safe
sarap magpapawis at ma lick upside and down yang nasa pinagpawisan,nsfw
gusto ko dilaan kilikili mo,safe
oohh that pits deyum,safe
bigla ako napa follow,safe
ill lick off that sweat for you,nsfw
damn can we go for cardio sesh den hahahaha,safe
new crush unlock more please,safe
ang kinis whats her skin care regimen,safe
wala eh should we make one,safe
agree your content will do great hehe,safe
new follower new crush,safe
gusto ko den ng ganyan huhuhu puro lalake na aattract ko ok lang din naman pero miss ko na babae talaga oh my god,safe
ates curves is giving ughhh love it,safe
how do get imgur links to work,safe
hahahha medyo lame kuha ko,safe
hahahaha hanggang nood ka lang kawawa naman,safe
what sad comment from guy who can only watch in envy there there,safe
you look so hot,nsfw
you re so naturally beautiful what else is unshaved,nsfw
and so hot and beautiful damn,nsfw
that the best just let it grow,safe
please never stop posting,safe
damn ang hot nyo po,nsfw
as its supposed to be,safe
you look so amazing wish to have closer look to everything of your body,safe
looking good now lets see the kitty,safe
youre looking lovely honey cant take my eyes off of you,safe
mmm is love to explore your body taste you,nsfw
salbahe damn swerte ng mapapangasawa nito hehe,safe
kaya type ko talaga mga curvy,safe
pwrfect mommy can suck thst,nsfw
perfect size and shape,safe
love ur body so sexy,nsfw
okay lang unshaved basta walang amoy,safe
at prime such character,safe
sarap dilaan kili kilimg mabuhok,safe
love the natural look,safe
please grow your armpit hair,safe
wow your body is wonderland,safe
perfect rack are up to chinito guy like me,nsfw
swerte ng mapapasayo shet grabe lahat ng parts mo ang hot specially armpits mo,nsfw
so hot and yummy,nsfw
distracting you from the fact that all sweaty and messy,safe
you are perfect how you are darling although wouldn say no to shower workout,safe
like it sweaty btw plus those pits perfection,safe
love how look when ur sweaty,safe
mmmmm you look so yummy,safe
sarap pa den kahit pawis,safe
hot body and beautiful smile literally the girl of my dreams,nsfw
kaya pala front signature,safe
malambot ang katawan mo ang saraaapp himaa himasin,safe
how is she so finnneee,safe
we can get sweaty and messy together im not scared that easily you look lovely dear,safe
sarap dilaan ng pawis haha,nsfw
your sweaty body makes me crave you more,safe
why you need distracting,safe
like sweaty and messy,safe
lovely would shower with you to make you all clean,safe
you look so good and hot hehe,nsfw
first two pics deserve to be on brapeeking xx,nsfw
is it just me or are you getting hotter day by day,nsfw
damn can work you out mean workout with you,safe
cutie and tease active too enjoy your day sweaty cutie,safe
but sweaty and messy makes it better,safe
shall we get even messier,safe
idc how sweaty you are give it to me babyyy,safe
nothing like slurping it all up after workout,safe
it sweaty and sexyyy,nsfw
sweaty is so goood mmmmmmm,safe
love sweaty and messy,safe
ik those are heavy shoudl let me hold em for you,safe
dont mind sweating with you and messing you up even more,safe
golden shower if ur up to it,safe
thats the best time to do it,safe
another mirror sel ie,safe
haha may naglinis na,safe
ang linis ang sarap,safe
nilinis yung salamin grabe kita ko na buong kagandahan mo,safe
what stunning view to behold,safe
your hair looks niceeee,safe
dasurv ang pagbalik more pics please,safe
salamat sa malinis na salamin,safe
ang cute and sexy salamat sana masarap po ang ulam mo ngayong lunch,nsfw
tara na mag explore na tayo,safe
hottie naman maam pa experience,nsfw
sarap nmn nyan lods,safe
love your lil bush,safe
you have very beautiful body thank you for gracing us with your beauty,nsfw
straight na babae here but daaamn gurl you hottie,nsfw
ang sarap nyo po,safe
anong iphone gamit mo bhie,safe
mirror mirror on the wall who the prettiest of the all,safe
more pics pleaseeee sariwang sariwaaa,safe
best hair for pulling,safe
wish that was two way mirror so could burst from the other side,safe
the proportions are just freaking perfect,safe
you have pretty bush,safe
very cute my hands would not be able to keep to themselves,safe
ah welcome back correct me if wrong but were you active on twitter back in the day,safe
girlyyyy you do look cute tho wym feltt its objective that are,safe
and hot as well,nsfw
you look so good,safe
want that perfect body,safe
yes you are my dear,safe
oh my waw breath taking,safe
sheesh parang ang sarap trace yung curves mo with my hands,safe
god damn yung curves,safe
exquisite body love want to see soon handsome blk man from nyc in manila bbc lmk check dm,safe
perfect body ever seen,safe
damn are you pretty very lucky lover of yours,safe
damn youre so sexy girrrl naway lahat,nsfw
that curve got me strong the meat of mine,safe
wag mo sabihin na taga ka ur body looked someone know,safe
so freaking sexxxxyyyy love ti make as my wallpaper,nsfw
id worship that body,safe
juicy in all the right places,safe
hot perfect curves body tea,nsfw
your body is so beautiful,safe
mamamiaaaa love the curves,safe
hii sayang hindi kita ma chat huhu,safe
ugh sobrang hot kakagigil naman,nsfw
damn grabeng balakang yan,safe
sorry kaka discover ko lang ng sub na to pero dayuuuuuum girl,safe
just want to say na urvrlly gorgeous,safe
hii hope this doesn come off weird but your photo honestly caught my attention in really nice way trying to learn how to draw and thought ask would you be okay if tried sketching you if you end up liking it love to be friends too and can spoil you with praises and portraits,safe
the best body perfect shet,safe
stress posting ulit kasi wym di pa rin ma balance na adjust ko naman na lahat,safe
pero samyang and hotchix sounds yummy nyttttt argh would luv eat now kaso bwisit ka along ang baho sa caloocan grr na balance ko after hr hihi trip ko lang mag drama,nsfw
applying to be next,safe
iniisip ko kung anong binabalance mo if equation ba ledger or something else haha anyway masarap nga samyang noodles,safe
lesson learned idepreciate ang land,safe
ganda ng shape hugis na hugis,safe
cutie terno nails at top mo ng color,safe
love the silhouette of the st pic artsy,safe
wow you are gorgeous,safe
amazing whatd you do to get balance,safe
sana pala di ko binasa yung caption bumalik ang mga ala alang ibinaon ko na sa aking kaloob looban,safe
pretty nice ganda ng shape,safe
nagutom ako dun sa samyang makaluto nga lintek,safe
sorry to say this but hope youre stressed all the time para post ka lng ng post dito,safe
not hoping for more hardships but sana marami kapa di ma balance haha,safe
this is nice like it,safe
can cook you the best pancit canton if you let me,safe
cool story bro hold my beer,safe
whooh gusto ko magsabi ng masa sama na wordsz,safe
step bro what are you doing,safe
bat naman ganyan tol,safe
ang sarap naman dedehin nyan,safe
pls check dm bro,safe
parang taba na bro,safe
whats your ig haha,safe
grabe recoil ni bro,safe
salamat sa biyaya brooo,safe
ang lusog lusog mo namn bro pafist bump haha,safe
bruh those are nice,safe
yummy ang bilog nmn yn,safe
holy moly bro lols sherep mo naman mommy,safe
those def the jugs,safe
kasing lambot ng cotton candy,safe
ay weh sige sorry bra,safe
yes na yes bro,safe
grabe brooooo isa kang alamat,safe
kelan kaya mahahawakan yan,safe
dm you po need ko lang confirm,safe
bro basbasan mo ko,safe
laki naman yan bro sarap,safe
bro pwede ka ba ibrocha bro,safe
sabi nila sa umpisa lang masakit bro,safe
thats so unfair koya,safe
baka bro for brochahin,safe
pang housewife yung katawan pwede ka ba anakan,safe
hayaan mo na lang sila wag mo dibdibin mga sinasabi sa yo,safe
laki naman nyan bro,safe
lupet mag edit bro,safe
is that real bro,safe
juicy ripe melons dear my drooling compliments,safe
don call me bro friend,safe
laki nyan bro ah pahawak nga bro walang malisya bro ah,safe
bro di ko maniwala hanggang di ko mahawakan yang pecs mo,safe
goddamn want them milkers bro,safe
bro pakiss as friends,safe
ako na bahala humawak diyan bro,safe
ganda ng dibdib mo bro pano yan,safe
you got some lovely front bumpers babe,safe
lord na curious lang po ako silipin ang nsfw kasi dumaan na naman sa wall ko kakarefresh,nsfw
nice chest bro how much do you bench bro haha,safe
bro pa isa nga,safe
matagal na kitang crush bro,safe
damn bro thats hot,nsfw
nahh bro id win,safe
anu gusto mo step sis,safe
nkaka gutom pwede makikain,safe
bro want breast milk,nsfw
hindi ako naniniwala bro,safe
yeah bro tara ntot sagad magdamag,safe
ang laki niyan bro,safe
sh bro ang sarap,safe
wala na bro yan lang,safe
bro anlaki nyan ah,safe
yes bro nice tatas bro,safe
share mo naman chest workout mo bro,safe
hindi naman po papa,safe
they look so pillowy soft,safe
bad trip bro here for you,safe
told my gf to straddle,safe
yes to raw talaga,safe
asking the important question,safe
single ba gf mo hehe,safe
want to borrow your hot gf,nsfw
more bro hehe solid riding,safe
grabe sarap nya naman sumakay,safe
definitely one good ride,safe
ang galing ng gf mo bro swerte mo,safe
nakakamiss mawarak ng ganito huhuhu,safe
damn bro really investigating the girl miss her too,safe
lucky guy how do meet someone like her,safe
nice room which hotel is this,nsfw
as foreigner with pinay gf this is my fear,safe
yeah guess im foreigner too do chat with pinay here that have met in person who has foreign partner she wont hook up so you know it depends,safe
you like girls who has partners,safe
they are great they dont swell hopefully and dont tell,safe
haha okay have you ever been bull,safe
not intentionally only with that one girl,safe
yeah she was at little bar on the beach and offered her ride home but then offered her to come to my place it was later she mentioned her partner,safe
glad to see your still posting op,safe
guys are so lucky damn,safe
love to meet this or,safe
sana all reddiort girls baka naman,safe
she does so well,safe
if there are flirting with me and thier partner is on the other side of the world so far have had girl with partner should ask her why she went with me even though she has partner,nsfw
how do you guys meet do you msg on and meet or random lang na na mention may din pala sila,safe
that moan ugh sarap naman,safe
dm sir newbie here,safe
ito yung pia from the aj story ni carrot rd girl in the same day,safe
another mirror sel ie for saturday gt,safe
can tell thats beautiful woman hidden by her phone looks matching your gorgeous body,safe
wish had this view every day you are so damn hot and pretty,nsfw
my gawd ang perfect ang sexy mo po ate,nsfw
damn that kitty kat clean,safe
first thing saw waking up and opening my phone,safe
scar ba yun lods,safe
miss dati eyes lang pino post mo ngayon yan nalang natakpan sayo grabe ang ganda mo sa parehong photo with or without the eyes,safe
sexy woman just made mess on my screen,nsfw
ang hot mo namam sis,nsfw
thank you for your service,safe
damn sarap naman ng katawan,safe
bagay siguro yung yellow dress sayo huhu nice body,safe
very hot and adorable,nsfw
wow sarap naman nyan,safe
damn youre so fine,safe
wow coca cola body indeed,safe
im in awed can we be friends,safe
omfg wouldn be able to get enough of you,safe
one has to love perfect lady in mirror selfie,safe
ang sarap kahit lawlaw,safe
eggs aren the only thing getting hunted today,safe
that bikini looks like its been painted on,safe
bakit parang edited lang yung underwear nakahubad ka ata tinakpan mo lang,nsfw
gorgeous body can we see your whole body next if you are ok with it,safe
curious to know what brand is your ms paint light blue bikini,safe
welcum back pa minsan lang mag post pero every post is bomb,safe
take it all off,safe
damn you are one naughty girl,safe
damn exhibitionist ganto ang inaabangan ko pag nasa beach ako eh,safe
ang init na pina init mo pa,safe
post dinner flash hehe,safe
know its been said already but love the presence of the bikini tee hee hee id love to see the origonal tho,safe
be free by ms paint,safe
happy cake day nung,safe
slim curvy and sexy,nsfw
ck me like im your only tch,safe
umaalog pati utak ko,safe
what title ba ito haha,safe
thats freaking hot asf,nsfw
wow hotels even sa cr meron love chair,nsfw
motel suggestions na may love chair please,safe
damn thats some nice workout,safe
saang hotel to pls huhu me and my gf want to try this,nsfw
actually dahil saktong ballad ung nagpplay while ganitu ung activity nagmukha tuloy meme mable ung vid hehe,safe
kaya pala nagtataka ko hindi ko mawari ung moan bisaya pu pala kayu,safe
cardio at its finest,safe
oi hanep ang laban na laban,safe
ah nawala na agad,safe
he went to town on that,safe
ah para dyan pala yun,safe
asa ni nice lagi ni na place,safe
that slap in the end ahahahahha,safe
content creator of all time,safe
love that pero kailan kaya ulit,safe
ganyan pala gamitin kala ko gaming chair,safe
am hearing it right ywa ka babe,safe
para akong magrrelapse sa kanta,safe
damn thats hot next ako pls,nsfw
pot belly dad bod,safe
di na opaw uy hahaha its his shoulder imong nakita sa mirror,safe
pano magbupload ng may sounds,safe
dm lets talk foreigner bull here,safe
ali diri sabak daddy be,safe
saang motel my ganito,safe
if you dont mind can tell us wheres that room or whats the name of the hotel,nsfw
salamat boss ikw pala ang dakilang hokage na tagapagtatag sa sub na to,safe
yawa lage ka hahhaa,safe
gaming chair for men,safe
lord kelan ko ma eexperience ang ganito,safe
good god wanna be rode like that,safe
na feel ko to,safe
kailan kaya ako mkakahanap ng babae katulad nya,safe
ohhh so thats one way to use that device,safe
lami ah sa kayat,safe
giling mo pa lang rawr sarap naman kainggit,safe
whatta rider wont last long with that grinding,safe
klaroha og asa ni dapita but still good job padayon hahaha,safe
came from just watching damn,safe
grabeee sobrang sarap naman nyan,safe
di ko kakayanin yung request na ganyan hahaha ang galing gumiling,safe
luckiest brotha you beast madame,safe
these chairs are amazing really useful pero since its leather naglalagkit sa pawis,safe
ganda ng abs ni girl pampa workout din yan upuan na yan,safe
that quite fun chair all have there,safe
calling me tita is not arousing yah know bawi ka nlng next life,safe
so that how you use it,safe
hahaha sure super sanay ka na sa ganung comments ang hirap ksi makahanap ng may wild side sa pinas and kung meron man they are often with alphas haha,safe
hahaha lord when ba,safe
daymn girl wish you could ride me like that,nsfw
try mo ulit next time ikaw naman umupo,safe
parang mas gusto ko ako uupuan haha,safe
ganun pala sa guy di ko pa naranasan na ako umupo dyan ah haha,safe
grabe good idea nakatapat sa aircon kasi for sure grabe mag pawis sa ganyang material na upuan,safe
exact words say to my man,safe
sa lahug ql ni,safe
san po hotel yan,nsfw
naka ilang set po kayo lods,safe
sa sogo po ba to,safe
sa harap ng aircon really di ba malamig,safe
wanna see your face,safe
jade mani oh nice grind po,safe
threesome carrot and hot or hehe,nsfw
like kwentong biglaan pakwento naman dyan,safe
kwento mo sa aj mrcarrot hahaha,safe
upvote to para malaman ang kwento,safe
init namn nito deym,safe
ayan tayo sa biglaan hahaha,safe
this wasnt planned btw biglaan lang lol,safe
same thoughts sana all op,safe
dibaaaaaaa slide in my na,safe
she eats well good girl,safe
pano mag post ng may sound op,safe
hot video sana may pang pornhub,nsfw
man this is so hot to watch,nsfw
couple here want to play next time,safe
sa puntong to gusto ko nlng mging carrot,safe
sana makaexperience din ako ng ganto bago ako mamatay hahaha,safe
hmu ruru and carrot if ever you need another guy hahaha,safe
reddit nung girl pls hehe,safe
that guy has to be paying them lol,safe
youve gained fan ansarap po,safe
sarap titigan parang art,safe
mukang masarap tulog ko ngayong gabi ah,safe
theyre so damn pretty,safe
parang ana de armas,safe
worth saving to my gallery,safe
would like to thank the academy for this golden globe love holding it,safe
damn damn damn wanna taste them,safe
whoa ano po qualifications,safe
where do sign up lmao,safe
pasend na lang ng cv sa gustong pumila,safe
mmm girl that knows how to ride love it,safe
bet you liked it,safe
galing naman po magtwerk,nsfw
me sana ako next,safe
id love to be next,safe
sana swertehin ket vcs hahahahahaha,safe
tindi haha hot vid kuddos,nsfw
all goods kaso alaws sounddddd,safe
just wondering would you still have sucked him if he hadnt gotten tuli,nsfw
mapapa sana all na lang tayo lahat haha,safe
waiting sa next guy and post,safe
saan po kukuha ng number,safe
pwede ba ako ahahah,safe
the sound is bit muffled ll record new video na lang better audio,safe
hi pwede makipag collab sayo,safe
damn thats some good pov,safe
laki ng eggplant huhu,safe
galing mo po sana ako next,safe
first time ko mag comment dito sa though matagal ko na syang ginagamit more video please im completely addicted to you,safe
ako na ung last,safe
ate pwede po ako,safe
ako po pa next,safe
baka pede ako na next,safe
you can drain my balls,safe
oh me next please looks hot,nsfw
would love it when visit next year,safe
bf nya yan wag na kayo umasa hahahaha,safe
pwede bang pa next,safe
sila hahaha magkandarapa sila mag unahan sayo,safe
sanaol me me me,safe
sino as in the latin word for chinese,safe
pwede pa next naman,safe
that looks very hot,nsfw
ck dont know if could last long with those moves,safe
where to send cv,safe
how to join sa line up,safe
pde po ako next alabang area po,safe
swerte nun guy kung wala ka relasyon sa kanya haha,safe
morning ruru enjoy your vacay with mrcarrooott,safe
finally waited year for this,safe
youre so kawaii coming from girl here,safe
that wouldn mind staring all day,safe
we had the beautiful doggy style dont forget,nsfw
love it to the moon and back,safe
sunod idol hiwa reveal naman labyu,safe
wow those are literally perfect babe,safe
beautiful tnx for sharing,safe
tagal kong hinihintay to,safe
muling pagkabuhay talaga ang araw na ito,safe
holy hot diggity damn,nsfw
sarap dilaan ng armpits kagigil,safe
sana masakyan mo ko balang araw,safe
ruru posted new pic ooohh raaaaaahh,safe
my mind tell me that she peachyoyster but my heart tells me she different,safe
galing lang yan sa google,safe
hindi ka ba nagsasawa kay mr carrot dont wanna try me as fan,safe
ter or watch me while do it,safe
wonder how men can be gay,safe
slide in raw and fill you up,safe
sayang naman yung juice hayaan mo kong dilaan yan op please,safe
hi crush need help,safe
youre one of my favorites here in phgonewild lt,safe
kulit mo op haha,safe
me beautiful figure you have there,safe
the best things come in smol packages,safe
theyre enough to keep the hands busy,safe
prefer them yours are absolutely perfect,safe
woooow youre so sexy lt would love to see more of you,nsfw
youre so perfect ughh,safe
the real question is who doesnt,safe
sexy na hindi dds perfect,nsfw
hell yeah if can get them in korea,safe
everything see here is perfect,safe
mad most approved definitely,safe
quality gt size lt,safe
what perfect body lt,safe
those are just the right size for your body very proportional,safe
they re cute who cares love them,safe
so milky white sarap dilaan lahat ng parte ng katawan kahit kasuluk sulukan di ko palalampasin,safe
looking damn tasty to me,safe
love them and down there,safe
all sizes are loved,safe
me likey me likey lot,safe
lt tactical dot for reasons,safe
incredible lady love your fur too,safe
conservative in real li thirst trapper naman online,safe
oh my goodness post more for us please,safe
thank you hihihihi mejo nahihiya pa ako hahaha,safe
yayyy you finally made your first post here congrats,safe
those are damn perfect bet you look cute as hell too,safe
damn is that you wedesday haha,safe
dual personality love it more please,safe
welcome to the world of phgonewild,safe
lowkey pero packing inside haha the fun begins when it goes out beneath the sheets hihi,safe
so round and full keep em coming,safe
more pls we promise to oggle admire and show appreciation,safe
can we be friends po,safe
sa bs pa lang panalo na pati na yung hitsura op,safe
could tell ypure packing something under that tee,safe
and stayed here for atleast mins guess the trap worked,safe
the shirt looks really good on you,safe
laki ng anxiety mo pedro pascal is dat hahaha,safe
getting anxious damn huge knickers bockers,safe
need to move to the philippines,safe
wow you have to show us little bit more please,safe
try thirst trapping in real life see far you can go,safe
looking real good baby let me slide in your dms,safe
for sure lot of people around you wanted to taste you but too afraid to ask,safe
dm me that is very hot,nsfw
if matrap man ako yaw ko na unexit,safe
sarap nmn niyan ma am,safe
heavenly rack sent by heaven,nsfw
unreal asking for more please,safe
anong tiktok ig mo madam,safe
kaya mo nude madam,nsfw
wow grabe mam nauhaw talaga ko hahahaha,safe
pasend ng details if magkano set,safe
thats beautiful bra good fit too need more of those,safe
hope you post more,safe
hot damn nice rack,nsfw
mabilis na grocery lang no bra,safe
love girls who go commando in public,safe
amazing beauty thanks for sharing,safe
parang need ko bumili ng suka lol,safe
more po please ung maliwanag ahaha,safe
ingat sa lakad more please,safe
parang ako lang kanina haha no boxers,safe
hala wag lang mag kamali ng chop yung mga merchandiser baka maputulan ng daliri,safe
yes tapos punta ka sa cold section,safe
orty five years old and still new to this,safe
grabe op hindi halata you look like parang ka age ko lang grabe ang sarap ang yummy,safe
and you look great to me,safe
more like those look great,safe
grabe ka tita walang kupas,safe
ang hot naman yummy,nsfw
mmmmmmm youre so yum,safe
looks firm and yummy,safe
damn your hot like it,nsfw
nice view look forward to seeing more from you,safe
sarap naman nito tita,safe
swabe parin id still turn on sa body mo hehehe,safe
here to hoping more of you,safe
omg tita those are glorious can please milk them,safe
that could be mistaken for year old woman rack,nsfw
ang saraaaaap goodbye nnn,safe
parang teen ager lang eh,safe
guuurl you re damnnnnn,safe
just what looking for,safe
my irst post hiii,safe
wow ang laki nga keep posting,safe
good lord moooore madam,safe
looking forward sa mga susunod pa,safe
ang laki at ganda congrats sa first post,safe
wow penk este pink,safe
thank you for sharing greatly appreciated,safe
grabe sobrang hot at sarap ng babae solid yung body,nsfw
solid iba humagod yun bibig,safe
dudes got good power stance,safe
finally with sound thank you both,safe
umagang kay ganda na naman,safe
damn mrcarrott and ruru for the win,safe
hello asan po full vid neto gigil nako,safe
gusto ko makita yan personally,safe
mahigpit na ang imgur with picture posts,safe
fantastic thanks for sharing,safe
so at least he has more action and satisfies the girls,safe
how long is it also curious,safe
liit ng carrot ni mr carrot,safe
pano po ung nabblur yung face anong app po,safe
nang iingit na naman si lodi mr carrot,safe
just wish we could hear it nevertheless we love yall so much,safe
damn wonder kung ano itsura ni karot,safe
geat video to wacth in valentines imo,safe
just wondering if buhay pa ba yung sub wala na akong balita eh,safe
ang sarap siguro malabasan sayo,safe
is this sneak peek of whats to come this valentines day looking great as always,safe
mukhang sarap na sarap ka ah haha sexy,nsfw
did you guys move to twitter already,safe
tag team na natin yan daddy carrot,safe
who is mr carrot and why does everybody all seem to know him lol,safe
even my patient thinks hot,nsfw
no doubt about that absolutely stunning,safe
hi doc hihi okay lang ba turuan moko sa anatomyyy heheeee,safe
holy bananas hot af,nsfw
sheesh we all do,safe
well can see reasons why they would think so,safe
it would be fun having you as dutymates,safe
baka mag tachy mga patients mo doc,safe
uk is short of nursing stuff please come over,safe
here think you look so effing hot,nsfw
doc pa medcert at pahawak na din nyan para gumaling na ko,safe
id probably say the same thing,safe
cant tell need more proof,safe
collab na namang matindi sir,safe
madam sampal sampalin nyo si mrcarrot,safe
galing ng photographer ko hehe mrcarrot,safe
here adore your body very supple,safe
palapit pa lng ang april pero sobrang init na ni ruru,safe
look at them gains ww yiiiisssss,safe
sige lets try to make it english then battle of desires in palawan ok corny bye,safe
mukhang matinding bakbakan ang magaganap sa palawan,safe
hala grabe as always looking great ruru enjoy kayo ni mrcarrot haha,safe
ganda dyan want to visit there,safe
so clean yet so dirty,safe
walang labasan ng kwarto,safe
kinis ni mama ruru huehue,safe
ay sayang kaka uwi ko lng days seda lio elnido,safe
may scoliosis ka ba,safe
faaaak ang hot mo sis,nsfw
nag lalakad ako natapilok ako ganda kinis,safe
ang kinis talaga ang swerte mo lods carrot ang sarap sarap ni ruru,safe
sayang sa andyan ako,safe
sarap naman may taga cavite gentri ba dito here,safe
welcome sana di kayo nabinyagan ng walang kuryente,safe
until when are you here damn baka naman gusto mong tumikim ng palawe,safe
dang ruru to bad you re only exclusive,safe
kilikili reveal po madam ruru haha,safe
palawe os mag ingay,safe
just curious is your hair real coz it so damn perfect,safe
sit on my face ruruuu currently at ppc,safe
napaka kinis naman po ang linis linis,safe
wow maam you are so damn fine ang kinis grabe,safe
ganda talaga ng wig mo,safe
ughhh yes babe youre so good ck me more please rub your pu against mine,safe
didnt know lesbian sex is this hot wow,nsfw
deym would love eat both,safe
looks good pero nakakabitin wla penetration,safe
ayaw nyo ba ng real thing were just waiting,safe
beautiful because its real,safe
sarap naman kahit sa ilalim lang ako taga salo ng katas ok na ko,safe
woke up already getting cked,safe
video posted and action upon waking up with consent enjoy,safe
lol waaaaaay older guy eh alam na alam paano ako babuyin at lambingin haha,safe
how old are you op and sya din hahaha,safe
he is more than twice my age ill dm exact,safe
whats the age and the gap quite curious,safe
sis same yan ang when hahahaha,safe
sarap talaga waking up na di mo sure whats happening until you feel getting rammed huhu,safe
daming mag ddm sayo hahaha,safe
rip sa dm mo,safe
hi po having difficulty doing this position wd my gf any tips po for both of us,safe
ako na bahala sayo di mo alam na ako pala ang sagot sa tanong mo hahaha ganda mo naman,safe
we could make that happen for you,safe
feel im lucky too haha,safe
want to be lucky too,safe
would do the same as he did to you,safe
gusto ko din ng ganito,safe
ginagawa ko din to sa gf ko minsan siya pa nag rereklamo kulang daw sa tulog haha,safe
ginagawa ko din to ke misis ang saya kaya,safe
sana ol pimapayag ung ex ko ayaw,safe
ayan ang when hays op,safe
that how me and my girlfriend would start the day,safe
grabe ang sarap naman nyan,safe
kabit ka ba and do like it,safe
here with big tool any girls wants to meet,safe
that works for me too,safe
what about up for spanks,nsfw
haha you in here is more than enough thanks for dropping by,safe
you got simp in me,safe
the saddest day of my life di ako first sexy as always op,nsfw
your body is amazing,safe
gt was pinned down and slapped after this,safe
sarap ipindown at paluin,safe
dm me bwc for you,safe
damn right it is,safe
can be your photo dump if you dont mind,safe
the workout really is worth it,safe
cowgirl wearing that dress,safe
had to do it for extra spice,safe
think you have to upload it muna sa imgr,safe
curious ako like pano nakakapag upload ng video hereeee,safe
oops sorry taken already,safe
sounds like youre placing so much of your existence into one basket dangerous game to play,safe
living on the edge is my middle name queen bee,safe
hayup na pwet yan,nsfw
where can get some grabs baby,safe
ok ill book grab now to grab those,safe
pwede tayo dyan magpapawis,safe
ang saraaaaap naman nyan,safe
chunky pwet pero taken,nsfw
fubu number giving me solid bj,nsfw
come on bro moan for her let her know shes doing good job,nsfw
sana ol napaka swerte talaga nito kay peachy pa lang achievement na eh,safe
story on aj soon,safe
naice sipag naman ng fubu mo hehehe,safe
sana all may number,safe
ay di ba ikaw yun,safe
more vids with this girl,safe
saan ba nakakahanap ng ganyan naol talaga,safe
solid ni ate damn her body is fire,safe
redditor din ba to pre,safe
damn she nice nice and she does squats,safe
idol kita paps need ko din ng ganyan hirap makahanap dito,safe
solid na yan for you,safe
can be her fubu too,safe
saan ba kayo nakakahanao ng fubu haha,safe
solid nice one pare,safe
galing ni madame sarap nya more posts of her please,safe
meron ba ditong kita muka ng mga girls karamihan nakatago muka,safe
ito yung mina based from carrots aj post,safe
she aint an escort,safe
then who is she your girlfriend,safe
damn hot naman ni escort wanna know po info about her,nsfw
just eel cute with my new nighties,safe
you look so damn sexy,nsfw
red looks great on you,safe
that mole on your neck ugh let me kiss it,nsfw
mas lalong uminit yung gabi ko,safe
would love to suck on them before getting you out of your new nighties,nsfw
would stay up all nighties if you keep it that way,safe
can wank to this,safe
sarap pag laroan yan shoot,safe
wish can try that out gorgeous,safe
wish they made more of this in cotton mean it it looks amazing but knowing youre in more comfy fabric is even more extra turn on,safe
and you look incredible,safe
id love to suck those breasts,nsfw
oh my god you looks amazing,safe
do you accept post request,safe
can help you with that,safe
yes you are very cute,safe
im lusting over your nighties,safe
it fits perfectly it really shows off those curves,safe
can put it in my mouth,safe
nawala antok ko ah raaaap,safe
ladies and gentlemen this here is called perfection,safe
fromt pov whole body please,safe
wow grabe sumikip ang aking brief,safe
sa wakas naka post na ulit,safe
love to suck on those,nsfw
cinematic scene noice galing,safe
love that youre posting more often,safe
you are so hot,nsfw
some people are really lucky,safe
its sight to behold,safe
ucked and owned goddess,safe
she is so hot lucky man,nsfw
pinapakasalan na agad dapat mga ganyan hehe,safe
si iamjohnweak lang talaga sakalam,safe
wow sarap gamit gamitin,safe
sarap ni lala dito ah,safe
akala ko si sasha,safe
wow really hot video,nsfw
hiring male escort for the first time part ll,nsfw
for those of you asking about the website please check the comments section sorry just got busy,safe
check the body figure and tats,safe
thats the same guy in all your vids,safe
what body type kung dad bod wag ka na mag hire,safe
what do you mean gigolo,safe
nag hire ng gigolo,safe
rent men yata yung right website,safe
more on gay pala yung kine cater nila lt,safe
oh yeah most of them kasi if female client takot sila risky daw baka mahuli nang partners nila,safe
dapat si mrcarrot nalang mas ma enjoy mo pa,safe
wow you have very nice butt so sexy,nsfw
hahaha im doing it to experience man gud not sure if mag hire pako balik since most of the male escort prefers gay or trans kasi walang sabit,safe
oh man could slide into your dms instead haha,safe
hays mag register nalang ko ddto basin ma book ko nimo hahahaha,safe
ako nasd unta ang next ba,safe
san po mkikita ung part,safe
search mo lng rent men,safe
dipo mean link po sa vid niyo wala kasing vol,safe
wheres the link po,safe
the fakeness is through the roof,safe
where can apply male escort,safe
ilan mins pwede post ditto or less than mon lang,safe
sorry cant find your dm,safe
yeah part ll is the other clips lang namn,safe
ohh okay that explains it,safe
already hired for the first time days ago,safe
paano maging male escort,safe
looking for male escort my wife in missouri on business,safe
rentmen com po pwede ka pumili don depende sa location may preference din po mga escorts don so good luck po,safe
ask ko lng po san pde maghire ng male escort and how much tnx,safe
jesus you can get me for free damn id pay you,safe
yo text me if anyone wants to hire make escort ll have crack,safe
sooooo need to hire one right now,safe
or should get paid to lie and take it all inside me don me work much please,safe
am if someone women is interested in hiring me for her please leave text,safe
pwede ba ako male escort,safe
sakin di kana magbabayad,safe
im free dont charge all night of fun,safe
why do need to hire ako free lang po hehe charot,safe
haha thanks but did it to experience naman hehe,safe
dont think shes after men na mukhang kargador at mukhang maasim na malalaki tiyan have seen that guy in the video doubt you look good as him,safe
bro looks whos talking bet your also the same as those people who has big beer belly and please people like you are so judgemental you dont know or seen me at all amp right away you say that kinda please gtfo here dont need to prove anything from you how bad good looking am have nice day,safe
dumugo mata ko pwede ka magtagalog,safe
ingat po sa trabaho later magbubuhat pa po kayo ng cement,safe
you dont need to hire male escort and namn kmi libre pa,safe
date night with the wifey,safe
we rarely go out but we try to make it fun when we do hehe read bio,safe
very happy siguro ung cctv operator ng cinema,safe
op need to inform you that some cinemas has camera to catch those recording the movie for piracy,safe
may mga camera na daw ba nuong year to sa mga sinehan asking for friend,safe
btw may mga camera sa cinehan and isa akong operator kaya alam ko ingat lang next time baka ma dox,safe
it was okay just wanted to go out haha,safe
haha dont blame you and the perfect dress too,safe
how was the movie,safe
you shoulddd it pretty fun haha risky but fun hehe,safe
yeah it looks very fun lalaki nalang kulang hahaha btw thanks for sharing your wife looks amazing,safe
hahaha come with us and ll take the videos jk thank youuu ill tell her hehe im sure you look amazing too,safe
this is hot id love to do this too,nsfw
damn lucky guy you guys have good day,safe
ang hot humagod ni wifey btw saang cinema yun sir,nsfw
lucky guy panalo si wifey shet,safe
ano pinanuod nyong movie at bkt wala pang tao,safe
shes gorgeous and her style is fantastic very happy for you both,safe
this is so hot it got me wet lol hot wifey,nsfw
dayum thats one risky move,safe
whoever you are you deserve the highest of five bro,safe
such perfect date night,safe
everythings better when its juicy,safe
that looks delicious need taste,safe
good god look how wet you are,safe
gotta thank your parents for making you,safe
swerte naman nang partner mo wish it was me araw araw sex,nsfw
damn need to have taste of that,safe
grabe naman po huhu nakakatakam,safe
favorite or ko to,safe
and my lord you are definitely juicy,safe
sarap naman kainin nyan,safe
lick your juice off you,nsfw
updates youd be getting if was your,safe
why would want gf who sends me videos of someone else filming her naked,nsfw
would definitely be very lucky boyfriend on the way to you as fast as possible,safe
would ditch whatever im doing just to be with you if you send me this and if you my gf,safe
apakaswerte ko naman talaga pag ikaw,safe
give you permission to be my gf and to send me updates,safe
id spoil you with flowers and gifts if you gave me updates like this,safe
lemme have dinner with you before we go to that,safe
damn you could still send them,safe
grabe naman talaga yun parang si ex lng haha,safe
putchaaa araw arawin talaga kita,safe
gusto ko lang naman mag scroll bakit moko sinusubok haha,safe
damn that looks smooth,safe
araw araw kang mapapagod sakin,safe
mei gcash ka sa akin always kung ganyan hehe,safe
my screen would always be sticky,safe
wanna lick you dry,nsfw
looking like that you are wife material jot just gf material,safe
hey there sunshine how are you doing today this fine day fun weekend,safe
wowwowo juicy and yummy,safe
lutang lang tatanggi sa ganyan,safe
ang tanong ko is kelan at tiga san ka,safe
very sexy love your belly,nsfw
nah as in now nah,safe
ang yummy naman cocomelon,safe
how could say no,safe
yes come on over,safe
upvoting coz its one of the nicest twins ive seen so far,safe
tara na lets go,safe
your body is perfect you re such babe,safe
marshmallow lang masaya nako,safe
hell to the yeahh,safe
most definitely yes siguradong oo,safe
yes would love to do that,safe
hehe thank you for complimenting my hair,safe
can we chat lil bit xd,safe
hope someone is wining and dining you today,safe
im as lonely as ill ever be,safe
hmm would you like nice sushi dinner tonight,safe
thats nice gesture but ill politely decline,safe
mapapatingin ka talaga sa linamnam,safe
wow amazing im down for that anyday hahaha,safe
everything about this shot is lovrly and hot at the same time,nsfw
nice sexy body miss,nsfw
bakit naman matapang di naman ako nakipag away,safe
ang tapang mo btw nice short hair and makinis na leeg,safe
thank you for making my day po,safe
hindi po ako sisiw,safe
to be called glowing is definitely flattering thank you,safe
you re positively glowing hope ur smiling under the mask,safe
love your body so hot would love to meet you,nsfw
baka fit sayo to haha,safe
rocking that fierce look betty and seems that short hair looks really good on you,safe
too bad you cant change your username maybe next time,safe
so damn gorgeous as always,safe
hot even with the clothes,nsfw
so sexy in this pose just amazing,nsfw
biglang nagkaroon ng incubator dito samen,safe
ganda ng tama ng ilaw sayo lt lt lt also love the hair lt,safe
lucky nmn ng jowa mo,safe
would love to do things to you in that changing room,safe
have blast slay always,safe
taraaa na itago na kita pinagkakaguluhan ka na dito,safe
damn seriously filipinos are gems,safe
great mirror selfie must for dressing room,safe
wanna be in the middle so bad,safe
those look soft po,safe
you are worthy of my upvote,safe
good girl wearing mask to stop covid spread you are maganda,safe
lovely eyes awesome body,safe
damn pls sit and step on me,safe
your hair looks nice mean your body is default goddess,safe
whoa that some amazing figure you got going there,safe
like how you look in this photo ganda din hair hehe cute niyo po,safe
if we re going to be brand nike and you are mcdonalds,safe
ganda mo dito sana magkaphone ka na,safe
wow ang pinakahinihintay na part when is the last part,safe
gorgeous pair of breast ganda ng pag hang do you work out for that,nsfw
have such great pair of bbs luv it,safe
waiting for your new vid,safe
wow part na tayo,safe
such blessed sight for my eyes,safe
oh looks tasty overall,safe
damn wish could be the mirror one day,safe
my hands are going to be busy for sure with those beauties,safe
youve great looking pair of lovelies,safe
would love to stick my face in between them,safe
just thinking about him makes me eel this way,safe
hell yea napaka hot and spicy,nsfw
wetness has new meaning,safe
sarap ng close up,safe
ang sarap kainin op,safe
linis ah bagong shave,safe
mas masarap pag may sound,safe
ve never been so glad to be alive,safe
ito pinaka juiciest na nakita ko dito sarap,safe
nearly as wet as my ex love that looks yummy,safe
finally got creamed after weeks,safe
may full vid ba from website,safe
ughhh he so lucky,safe
is that your boyfriend,safe
how wish can do that to you as well,safe
thats so hot also are you still in the philippines or back in japan,nsfw
give you it everyday,safe
how wish was the guy,safe
nice hope you enjoyed,safe
wish that was me,safe
it the laugh after for me,safe
the chuckle at the end,safe
is this still in ph or japan,safe
obsessed with mirror sel ies,safe
this comment made me smile idk why hahaha thanks for appreciating btw lt,safe
okay bisexual na nga talaga ako huhuhuh halp,safe
noo masyadong malayo hahaha and she vv pretty,safe
oh it you pala nice bod,safe
lmao unang tingin akala ko rin siya,safe
you look like mayor donya tesoro,safe
ka look like mo jowa ng pinsan ko,safe
the fact that youre not even selling contents and just posting out of curiosity makes my boner harder than it usually is,nsfw
ay ang ganda naman pala ni op,safe
obsessed na rin ako sayo,safe
wow you are so sexy and beautiful,nsfw
whew walang sinabi si egay biglang uminit,safe
so hot ng baby ko,nsfw
love it you look stunning,safe
ganda ng katawan mo babe,safe
with body like that you should be,safe
love the way you tease in these photos please do keep it up,safe
wow ang sexy naman,nsfw
nawala antok ko eh,safe
kitty still shy hahaha,safe
free the kitty let her breathe hahaha,safe
obsessed with nd photo lol suggested title hiding the kitty,safe
ang dami ko naman atang kamukha based sa comments hahaha,safe
you looked like my ex fubu lol,safe
okay may bago na akong crush haha,safe
obsessed with you charaaught,safe
can follow for more,safe
obsessed with your mirror selfies,safe
not sure if id still eat my pancit canton or you char,safe
id want to be your mirror,safe
damn so hot op damn fkn yummy,nsfw
not showing the peach this time but now at least know what it color is more of butt person but your front looks reaaally appetizing too,safe
swerte naman ng mirror na yan,safe
bakit ang perfect for me,safe
for the win panalo,safe
somehow can see na you have beautiful set of eyes yun ang una kong nakita eh and is that fading red highlights sa hair mo,safe
dont make me sinned lovely though like the shave,safe
super hot amp sexy,nsfw
need to see more selfies like this,safe
sabi ko na nga ba ikaw yan,safe
bakit gnun binabalik balikan ko ung pics na ito th day na,safe
they look bigger without the bra lol,nsfw
they are big already anyway with or without,safe
paborito ko talaga ang blueberry,safe
they do but they also look good in bra,safe
the shape is round to the perfection,safe
oh my god they spilled out,safe
yeah much bigger dm,safe
you were not lying,safe
amazing pairs cant get any better than this,safe
damn they look so yummy,safe
grabe thats all can say,safe
those are the most beautiful things have ever seen,safe
can we replace our hands,safe
girl your photo dumps probably go insane huh,safe
nakakalunod boss pwede ba kumapit baka malunod ako eh,safe
haaay kailan ko kaya to ma mo motorboat,safe
they are definitely getting bigger,safe
literal na kapos palad,safe
damn pakisampal naman ako niyan idol,safe
ang hot talaga ng mga ganyan,nsfw
pucha ang sexy nung konting buhok sa kili kili,nsfw
leg or arm day,safe
mmmm and heating me up sexy goddess,nsfw
damn cooling down while heating up,safe
anong papawis ang ginawa,safe
damn sexy check dm,nsfw
this is beyond perfection,safe
tara gym tayo baka sakaling mag work out,safe
hiii help girl out hehe sent dm,safe
wooow punong puno maam ah,safe
damn girl chill hahahahaha love it,safe
youre cooling down but we are heating up ughh,safe
ay may buhok bat ganun,safe
mmmmm damn those are nice,safe
pawisan tapos hairy armpits glorious combo,safe
sarap naman niyan pag tapos mag workout,safe
sarap dilaan mabuhok kili kili,safe
oooh sexy sports bra peek mind sharing at brapeeking xx,nsfw
those are warmed up,safe
you lie and you know it you re heating it up,safe
guess need more proof on the latina part,safe
yeah they look latina much bigger than most filipina,safe
still looks indo but prefer it that way,safe
looks purrfect to me,safe
meme na ako nice breast,nsfw
katulad kasi ng kay hana haruna,safe
stared for half an hour at this,safe
wow wanna play with them,safe
solid pawisin maigi haha,safe
as latino approve this message,safe
sarap naman niyan baby size reveal,safe
what combination kung ganon haha,safe
they look good can suck one,nsfw
jav nahhh those are definitey latina jugs,nsfw
as guy whos been watching jav since agree,nsfw
can fondle them gently,safe
great combo actually hahaha,safe
jealous or racist guess,safe
must be genz and hating because you are this is why dont like new generation some just hate older ones unnecessary,safe
eto na maliligo na,safe
sarap dilaan ng kilikili hays,safe
oh you look so scrumptious love to lick you all over,nsfw
halatang nag sipag ka buong araw,safe
napaka sarap sana maranasan ko,safe
wag ka muna maligo bet you smell great even when sweat,safe
wow sarap smokikg hott thank pl ase post more,nsfw
ang hot talaga ng mga paganto mo,nsfw
paamoy kilikili muna bago maligo plz,safe
holy smokes you re so damn spicy,safe
kahit walang ligo sabak na yan,safe
wow this is magnificent view,safe
that armpit though ang kinissss,safe
padila muna ako sa kili kili bago maligo,nsfw
sports bra peek for brapeeking xx,safe
kahit pawisan sarap dilaan,safe
kaka tapos lang mag gym yummy sarap,safe
sana wag ka magsawa,safe
bilog na bilog pahawak po,safe
want taste don even shower yet,safe
you see this through the car window wyd,safe
hahahaha sure for the safety of all concerned,safe
respectfully get closer to get better view might knock on your window but won push it nice rack babe,nsfw
ill knock on your door and hitch on your car ill drive for you and bring you to place where we are free to do anything,safe
always want to take some fresh in the morning with cereals id probably ask for refill if get it for free,safe
winner to natawa ako bwisit,safe
kakatok ako tapos manghihingi ng barya,safe
gaganti ng flash hahaha,safe
say hi to them,safe
pinch them hard po,safe
ang hot mo may nagagalit na kaagad sa pants ko,nsfw
stare and almost cause an accident,safe
pwede ko pong hawakan ahehehe,safe
say hell yeah probably,safe
baka po parahin ka ng enforcer,safe
get you to lower the window,safe
juice ko po baka sundan nlang kita lodi,safe
stop see wyd next,safe
sunduin ko na po kayo ha,safe
run into pole or trip on something after being blessed,safe
sarap naman lamugen nyan,safe
di ako si lord,safe
mapapa amanamin nalang ako ng di oras,safe
need those airbags installed in my car,safe
knock on the window and give you big smile,safe
whats your other ethnicity,safe
ill knock and ask if could suck them,nsfw
you slide that thru the window and suck all the way,nsfw
honk two times for those huge milkers,safe
saan ba ruta neto at ng masabayan,safe
baka mapa full break ako niyan sa laki,safe
will beg to caress it just little,safe
knock and suck me up,nsfw
wow magnificent set id be reaching in for feel,safe
id salute you and keep moving have that at home if they were small or bigger id act on it but same,safe
the girls are so gorgeous,safe
think im in love,safe
tatambulan ka tapos enge barya anteh,safe
girls on cars is such turn on theyre giving me an independent woman vibes keep it up dear,safe
get in your car and help in put on your cloths,safe
nag pm po hahah,safe
ill knock then maam gusto mo pa bomba,safe
perfect to wine and dine,safe
yow im in different country now but paguwi ko il see you,safe
can drink your milk,safe
hahaha the ors who ve seen my face know that have lot of that,safe
yami sana may fez value din di lang litson,safe
hanapin ang langgam excuse my hairy pit,safe
grabe ilang years na din ako dito sa pero this is one of the best if not the best pair ive seen dito sa,safe
can eat that hairy pit,safe
bat mas gusto ko makita yung armpit icloseup,safe
is it wrong to ask for more hairy pits,safe
want to suck those nipples so badddd,nsfw
perfect get on top please,safe
ambilis gunalaw ng langgam ah,safe
ang swerte nung langgam po,safe
may tyane ako need mo ng magbubunot,safe
matamis ba kaya nilalanggam,safe
eksena pa ang langgam hahaha,safe
sang oras na ako dito diko pa rin mahanap ang langgam,safe
some of us like the hairy pit,safe
hindi ko makita yung langgam ako nalang ang kakagat,safe
wala ko pake sa langgam akina yan lemme suck pleaseeee ang ganda ganda ng babies mo,nsfw
honestly don apologize everything is perfect,safe
solid ng pits more pits flex idol,safe
bilugan naman po yung langgam maam,safe
ughh na triggered ang armpit fetish ko,safe
ang sarap ng kilikili,safe
pangarap ko tlga maging langgam,safe
love hairy pits babe plz dont shave,safe
sana all langgam haha,safe
wanna lick your hairy pits while playing with your long nipples,nsfw
free the belly pooch,safe
idc about your belly its so cuuute want it,safe
that plastic chair is too fragile you should sit on me,safe
ang ganda ng body mo op,safe
can worship those melons all day long,safe
snack pouch and pillow all in one and its free too dont mind if do,safe
ang sexy ng line,nsfw
grabeeeee yan ang queen,safe
dami pwd pisil pisilin,safe
winner to for today post hahaha,safe
shessssh the body teaaaa,safe
mmmm thats so hot,nsfw
ugh didi ako dyan please pooooo,safe
pwede makita both armpit na unat na unat please nakakaadik kasi,safe
this is actually so hot to me,nsfw
let pooch free that belly,safe
love those sexy curves,nsfw
let it all hang out,safe
soo curvy and gorgeous,safe
he was speaking straight facts,safe
manwha build as well,safe
wtf yes think ill agree,nsfw
ahahah they are actually spot on observation,safe
do those nails change color with warmth,safe
can concur gentleman do concur,safe
need to see it in person to confirm,safe
yes couldnt agree with him more accurate,safe
join this new community if you want to be rated or want to rate people ratemybodyph,safe
can finish on them,safe
your friend is right search sinful lust by zetto youll know what your friend is talking about,safe
that person was speaking the truth,safe
they hang so nicely,safe
oo nga can offer regular sucking for sustained growth,nsfw
they look so good looks like they re made to be sucked on and played with,nsfw
lika palakihin pa natin lalo,safe
pahawak nga kung totoo,safe
paano raw po sabi nila hahaha,safe
hope you could reply to my dm,safe
were not sure unless if you allow me to fondle em,safe
ang laki mo na,safe
pwede nman natin deflate eh,safe
they re big for your body size,safe
hindi nman small lang din,safe
oo nga no hahhahaha,safe
patikim nga kung lumalaki nga,safe
palakihin natin tara ahaha,safe
jusko tama na kababaha lang lalo kami malulunod nyan,safe
maam paglumslski dapat pinapa suso,nsfw
mukhang napakasarap den nila lagyan ng whip cream idol,safe
link po ng sports bra,safe
im glad didnt miss this post its so hard to take eyes off you,safe
no seriously they look ethereal,safe
then congratulations if you like them prep your back in case they get bigger looks good,safe
welcum back parang nawala lahat ng posts mo,safe
maaari ko bang iharap ang mga ito sa aking mukha,safe
sarap naman suck niyan,nsfw
did she consent to this video being posted,safe
so hot amazing breasts,nsfw
sarap ni wifey mo bro,safe
its in my head lol,safe
haha anyway more rides for you sir,safe
can we see it up front,safe
worthy of full video,safe
one of my favorite,safe
wow is that milky,safe
solid ng wife mo araw araw yan unli,safe
kahit araw araw ba boss,safe
sarap pagmasdan yan habang nakasakay sayo,safe
sarap lamutakin nyan kakagigil,safe
paldooo mas solid yan pag pov,safe
sarap ng asawa mo pre pwede patikim,safe
extremely sexy instant hard on do you share her,nsfw
may laman po ba milk,safe
sarap suso habang binabarurut,nsfw
nice wife but prefer mine,safe
walang pahingang mang yayare oras na andyan na,safe
isang wink mo pa akin ka,safe
wink wink tsup tsup,safe
tanggal stress ko kapag na dede ko yan pls help tg quickfix,nsfw
grabeeeeee my new favourite,safe
can you be my gf,safe
grabe mukang kukulangin dila ko dto ahh,safe
pwede ba ako maki join,safe
what else you take in there,safe
the bush is sexy,nsfw
hello gorgeous where have you been just followed you,safe
sarap kainin niyan matambok eh,safe
napaka tambok naman ng pekpek na yan,nsfw
hello can hug you,safe
parking lots hate see me coming,safe
can be the parking attendant please,safe
sir would love to see you in parking lot need some help,safe
car sex is the best dominant check my profile,nsfw
could get lost in that secret garden,safe
want to enter your garage,safe
can it keep me warm during the winter,safe
they know you are trouble when you walk in,safe
damn every inch delectable,safe
id be happy seeing in the parking lot,safe
shet sarap wanna lick,nsfw
can eat that all day,safe
who said want ba,safe
dont mind him btw hi,safe
hope ruin your no nut november,safe
lord please near on breaking point,safe
it okay darling btw the correct words are nonstop nut november and seeing your amazing bosoms made my birth month an amazing one,safe
wonder how long youd take to break me,safe
those milkers are huge,safe
ruin whatever you want baby,safe
yeah didnt stand chance,safe
dont use another account to circumvent ban,safe
grabe totoo ba yan parang puputok na sa laki,safe
all of this looks real good but it wont ruin nnn,safe
grabe grabe sayo lahat yan,safe
paano pa kaya pag tumuwad na to,safe
if you do just going to fill you up with chinese nut all november,safe
haha failed guess one sec can succ,safe
ive never wanted to fail anything so bad until saw this,safe
laki nman nyan acla,safe
nonstop nut november for you,safe
soooooooo beautiful and seductive,safe
ang ganda naman subrang laki,safe
you didn but it was good attempt,safe
love it keep posting,safe
youd so ruin it over over over again,safe
thank you for sharing your lovely body,safe
your so yummy but cant dm on you,safe
pasilip naman ng eyes please,safe
id ruin you too dmed you here,safe
huge melons yummy and squishy,safe
yes you did can show you texted you,safe
ito sana maka date ko pg uwi ko pinas,safe
bet you ve missed me,safe
straight up ready to breed,nsfw
ang perfect ng body mo,safe
hinog na hinog maam damnn,safe
it is very close,safe
pang latina katawan mo grabe,safe
damn ate nice lil body,safe
your shape and their shape matches,safe
always mis ur post,safe
god filipina greatest creations,safe
at the mall earlier,safe
iba cravings pag ganito kahit sobrang tino ko magiging demonyo syo,safe
let me carry them for you,safe
thank you for sharing you are beautiful,safe
mother nature truly blessed you with the perfect body for motherhood,safe
babe those are wonderful,safe
grabe ang sarap sarap sobra,safe
mmmm you look so yummy love to have some fun with you in that little dressing room,safe
kamiss yung naka ons ko na ganyan haha balik ka na lol,safe
motorboat malala tas palunod ehehehe lakeeeee,safe
hella banging body you got there,safe
double dees nom nom,safe
nauulol ako sa sarap,safe
love them so yum,safe
know where want my face to be,safe
lika painitin natin yan,safe
can help you to warm them up,safe
ill warm them up good,safe
tra pa subo mo sakin yan,safe
painitin natin sa bibig ko,safe
my god you re masterpiece,safe
gorgeous also goodluck sa exam,safe
so big and love the color,safe
let me give you an exam thorough one,safe
so lucious so perfect so nice wanna bury my bbc right in the middle of them,safe
if there forbidden fruit that gotta be the one,safe
goodluck perfect makadali sai,safe
hmm what grade did you make,safe
those are nice saraap,safe
hope you did well on the exam thanks for sharing your blessings with us,safe
they look absolutely wonderful,safe
very good arguments especially those,safe
wow wow wow wow,safe
so big and yummy sarap nyan,safe
tayong tayo ang sarap,safe
think they are perfect po,safe
hello nice to meet both of you,safe
sooo pointy and succulent,safe
when you can do such thing with your gf you are blessed,safe
full video oretibole it com surv,safe
we need more videos like this plzz,safe
need girl so kinky,safe
wish was treated like this,safe
pretty sure that riley reid no,safe
when your husband is so kinky but most women arent this lucky,safe
maybe the trip to india wasnt so bad,safe
anyone from kochin who wants to do this and more,safe
who is she she looks like autumn falls,safe
just dm you wanna see them,safe
my cousin in her college,safe
dayum wish had sis like her,safe
gotchu bro its wandapotts but forgot if the number was or,safe
more of her discord gg qyaqbhjm,safe
lucky her to lucky only need one thing,safe
oh my those jigs are absolutely amazing keep coming to india,safe
hehe youre wanted then,safe
that is so how old are you,safe
sorry you couldnt read the headline which is what was referring to,safe
india is on my list,safe
think she is argentinian,safe
and do nt say si as yes,safe
indian don use that brick that latino for sure,safe
she is so similar to my wife,safe
heres the source it seems but im in public place and cant investigate yet erome com shf,safe
let me know aswell,safe
went abroad and got white guys,safe
she is soooo hot who is she,nsfw
can help your mom by doing this for her dm me,safe
does she like bbc,safe
ive had it many times,safe
had an experience with white man few months back,safe
any one from maharashtra,safe
why is the doorknob so high,safe
dad making tea what are those strange sounds,safe
pure taboo collection available dm for link at affordable price,safe
the stepson was awarded,safe
discord gg he armwb,safe
love this kind of videos,safe
dm out of dm,safe
nigga they need to nuke your house,safe
nigga you weird asf,safe
tell me more about what happened between you guys,safe
have really hot step mom and don know if should make move on her we practically spoon on the couch while watching movies and just need advice dm me guys,nsfw
lemme hit lil bro,safe
have stepmom and she so hot but idk whether to tell her bc we always watch movies on the couch and we re really close to each other and we basically spoon under the blanket on the couch dm me need advice,nsfw
wtf is wrong you,nsfw
kink shaming lol get life,safe
her feet are perfect,safe
this mf just walked into the bathroom,safe
is anyone willing to be my stepmom dm,safe
just like my family in real,safe
like this secret action,safe
mean why not bet she feels good,safe
wish mommy would let me hit,safe
want missionary so can see your beautiful face and kno when hit your gs pot the right way,safe
golden needa girl like this,safe
need girl like this,safe
where is the cat,safe
someone let that damn cat inside,safe
wdym by that you want to get pounded,safe
can help you dm me,safe
okay do you have snap,safe
where can talk write to you,safe
me if had negative iq,safe
oh wow shes so lucky,safe
want to breed you,nsfw
absolutely gorgeous what stunning view,safe
her page is complete scam she ll post videos on of to purchase and then delete them after alittle while so you can view them anymore and waste your money bring it to her attention and she says it glitch all bs and her page is monitored by so many people they act like they don know what you re talking about,safe
arabic mommy getting ploughed by her son,safe
when my wife turns this was my gift to her young bull boy whom would bring home whenever she is arrogant and thinks shes rhe boss of thd house,safe
any sons to play,safe
mummyde body pole und,safe
bro what the name of that guy dude he everywhere with different girl,safe
hii dm me ibam out of invites,safe
anyone want talk about my indian mom,safe
my thaatha neighbor mommy,safe
no its alina angel amp gattouz,safe
hi can we do like him if you went,safe
alina angel is fire,safe
shall we do it with ur mom,safe
need bull for my amma,safe
yes dm me mommy,safe
yes what about bbc,safe
any sons to play roleplay with me,safe
cant even blame him,safe
this mf makes the dumbest faces lmao,safe
youll need to lure him can,safe
ohh wow that boy is handsome need him in my bed,safe
can get that chance too im,safe
got same young boy in my society who is such wild,safe
ikr scene turns me on so much,safe
love that look when they realize they re in for ride lol,safe
just like my mom wen do her,safe
absolute mommy body wish gatouzo was my friend,safe
one night stand or fwb inu thaalparyam ullavr pls dm only,safe
pennullavar vaa cuck chat cheyyan,safe
can we do like him if you went,safe
cuck chat cheyyan undo,safe
have the full videos of it its mins,safe
bro pls send ill share some to you too,safe
sent it to me,safe
please send it to me too,safe
her name is alina angel,safe
link to full video,safe
how can get this with sound redgif isn working,safe
bro ur weird af,safe
if my own mommy is so much beautiful like her would mind to bang her,safe
yenth look aah ivalu,safe
soon hes going to have brother and son,safe
recreation of this from you can get more views than anything else,safe
bhag ja yaha se bhn lund,safe
whats her name bro,safe
arabic mullis are great,safe
who that the girl,safe
what woman damn enna rasava kanan,safe
alina angel amp gattouz,safe
dayumn shes gorgeous and so freakin hot,nsfw
want to see more of her who is she,safe
she ideal milf name,nsfw
ithinte full video link indo thappittu oru min short version kaanunollu,safe
alina angel and gattuozo ella videos heavy aan,safe
whats her name she is gorgeous,safe
ivare rand pereyum kaanumbol sherikkum oru mom son feel aahnu,safe
want to comfort my widowed mother in front of my fathers photo like this,safe
definitely dream of mine to have that happen to me,safe
happy cake day lmao,safe
woah what is my alt doing here theres no way ive come back to this video more than once what,safe
fun interaction with myself small world huh,safe
couldnt have said it better myself hasta ma ana,safe
her birthday but he getting all the gifts what sorcery does one use to accomplish this,safe
you all seem fun,safe
oh my god this is the hottest video ive seen on in while,nsfw
thank you for your service mr hung,safe
glad you can translate that form of english,safe
theres nothing vaugly scots about that sentence even the first word is quintisentially english awa and boil yer heid,safe
think it the sub form of greek to me to them,safe
jeepers be knocking one out whike watching that for years if you were the in that ffm,safe
yup it was so hot how they were holding each other,nsfw
was doing it wrong all those years,safe
fine keep your secrets,safe
you pay them do you think they dont do this here for money,safe
need friends like this,safe
lost brain cells trying to reread the caption wrote,safe
one extra word think you lost the only brain cell you had left,safe
agree this is the result of too much meat beating guess,safe
lost brain cell reading the caption,safe
love good plot line,safe
wish my friends would let their boyfriends do that to me,safe
what are both their names,safe
look at profile bad reposters block them,safe
for real lucky bastard got,safe
reference to the lucky number on the wheels of many slut machines,nsfw
it also means permission to do everything in unix,safe
just dont ask about the sticky bit,safe
your bf got the jackpot,safe
living the dream my friend live the dream,safe
just came so hard that was,safe
how can hear it,safe
with friends like that who needs any other friends,safe
does your mrs have page as we see too little of her,safe
this dude is the biggest douchbag on reddit,safe
love your style and would love to join you,safe
guys name gif is broken,safe
the best thing ive seen all morning goals,safe
daam such good friends,safe
now how do get an invite to that party,safe
sharing is caring what lucky dude your bf is,safe
ive got to get my gf some best friends like that love how he got you both on your sides so you could kiss effing super hot,nsfw
love your clips they are always hot,nsfw
how many best friends do you have,safe
wanna hang out with all,safe
hottest vid ve seen in while,nsfw
one on the right has such cute little belly would love to see more of her,safe
where can find couple of chicks like that,safe
youre the genre been looking for all these time,safe
damn this is hot your boyfriend is very lucky man,nsfw
watching your videos on mute so my wife doesn hear,safe
my type of party,safe
you have the most awesome friend on earth,safe
amazing friends can we be friends,safe
this might be the best threesome gif ve ever seen,nsfw
damn youre living the dream,safe
love to join in,safe
damn shes lucky to be your best friend,safe
hahaha she just took that situation away from you she tried to keep eye contact but that girl took control overall hot in many ways upvote,nsfw
wish could add mine damn,safe
omgggg can be next,safe
wow take my gf along and use her holes good be glad to slide in her sloppy after your done,safe
goodnesss me pls let me join,safe
what both their names,safe
proly this is the most liked porn vid in reddit ever,nsfw
look at around seconds and look at the hallway,safe
how can you tell how they sound from text comment,safe
how did you manage to perfectly sound like cuck too,safe
arent sucks into being told they are bad though so by kink shaming cuck your kind of fulfilling their kink,nsfw
so its win win for everyone,safe
the content of the message youre about to realize that words have meaning and its going to blow your mind,safe
huh is that even possible,safe
imagine watching this and noticing youre the guy beside them,safe
the state of florida has asked us to disclose our sexual crimes to you,nsfw
we were bad and now we re good we re moving into your neighborhood,safe
and now we re trying our best to be functioning members of society,safe
youd think theyd at least ask her to wear mask lol,safe
you can remove your mask when youre eating so,safe
this videos few years old im sure,safe
before now you cant thanks lot osama,safe
god damn hostage situation over here,safe
stick your finger up your butt wha ok kwep,safe
at one point kid walks up in the aisle there that would have to be illegal if they staged it and got kid to walk around in the back,safe
unethical and illegal life pro tip make sure there is kid in the background of your public sex videos so you can shutdown all the staged comments right quick,nsfw
there kid that walks up from the left and then turns back,safe
so rude keep your damn shoes on,safe
always hoped something like this would happen to me but not after reading this,safe
they do they always do but most people dont care or dont want to deal with the consequences did this in the bus with my girlfriend on schooltrip the bus driver saw us in his mirror the girl behind us saw it and told us the teacher frowned at us when looked at her but its too much troubles so they just let it happen,safe
lol this sounds fake af,safe
the band and choir buses in high school were full of stories like this people knew word got around the gossip tree all kinds of times,safe
white duh black people or minority would be kicked off the plane and put in jail of lude exposure but hot white young couple they are just being adventurous hate the world,nsfw
and this video is sponsored by audible,safe
youll get whole load of audio books for free with our discount code,safe
im gonna rock my audible headphone grapes of wrath,safe
best comment hands down,safe
im afraid to sneeze in public,safe
to be fair that guy isn committing crime,safe
yeah don really get it the thought of sex in some sex club is real turn on cause know the people that see want to see but strangers that would be offended or mortified has never seemed sexy to each his own guess but this stuff seems to go bit too far,nsfw
in the middle of the clip you can see kid walk into the frame slightly,safe
aaaaaand one more reason for which never living in the usa,safe
this may be the wildest video ve ever seen wow,safe
agreed although think only saw it drip into his pants,safe
good point had to watch again lol was thinking it went further guess got distracted by something on screen,safe
had to watch again for science,safe
come on the seat,safe
just the guy though wish was being sarcastic,safe
what vaginas have you been seeing that their smell can be smelt from across plane,safe
how did they not see you,safe
have to check that defintivly,safe
leolulu if not mistaken,safe
blurred the person sucking but not the dude just chilling,nsfw
right like that bro probs doesn wanna be in this video at all,safe
mean for god sake at least blur the stranger faces aye,safe
yo the kid at then end,safe
won post her face on but will post stranger,safe
it leolulu for anyone wondering,safe
blurs her own face but not the complete stranger in the background,safe
honestly id find it pretty funny good party conversation,safe
heres sneak peek of trashyboners nsfw using the top posts np com trashyboners top sort top amp year of the year seafood buffet on public beach redgifs com watch authorizedmagentamaltesedog comments np com trashyboners comments seafood buffet on public beach thicc bartender redd it yssedrpzdx jpg comments np com trashyboners comments tr thicc bartender hot tequila redgifs com watch fluffygrumpycollardlizard comments np com trashyboners comments odelg hot tequila im bot beep boop downvote to remove contact me com message compose to sneakpeekbot info np com sneakpeekbot opt out np com sneakpeekbot comments wk blacklist ix,nsfw
this is trashy af,safe
xfantazy com video dc,safe
my god just wanted to see if there were any comments but got spammed tf out by constant ads was not worth the trouble,safe
nah knew girl like this she once gave my friend bj in the back of bus while me and my other friend were having conversation with him we thought she was just sleeping on his lap but he was getting head under that blanket nice girl still in touch to this day but was kinda psycho to be in relationship with tho daddy issues,safe
any girl who gives public bjs has to be crazy source my friend used to blow me in forest regularly when we didn have our own places daddy issues of her own and she now gone awol,safe
hate that youve received dislikes because this is valid and you are correct,safe
and not denying it,safe
thank you don worry too much about the dislikes also love to give blow jobs in public and don know what everyone definition of crazy is but just hate how any blame gets put on female yet they are expected to be constant sexual beings,nsfw
apologies can see how my original post could be interpreted that way takes two to tango and all that,safe
what kind response thank you wish you all the blow jobs you desire public or not,safe
any guy who says no to blowjob in public has to be crazy,nsfw
this has to be spirit,safe
do it once say but try to avoid giving her your address real name or contact info unless youre an utter saint and god owes you favor,safe
definitely dont work with her either,safe
my ex girlfriend used to give me hand jobs on bus trips and yes she had daddy issues starting to see pattern here,safe
need this type of woman,safe
don know how people pull this off without getting busted always fascinating,safe
not on the corduroy pants,safe
good gawd that crazy,safe
imagine the guy in the background scrolling reddit and sees himself ahahah like wtfff look hunnie my first semi porn,nsfw
they could smell it,safe
would you like anything else to drink ma am,safe
wow what an experience that must ve been,safe
anyone catch the person peek then duke out,safe
thats stupid what are you gonna do if kid see you say you re sorry do that in bed not in public,safe
bet they both got arrested as soon as they landed,safe
for everyone wondering it leolulu,safe
flight attendant ma am would you like snack her no thanks already had some nuts,safe
this video is adventurous,safe
that was hot nice blowjob,nsfw
you re everyone dream girl,safe
you know she loves that nut when she willing to go on the no fly list for it,safe
the dude who walked then stopped at the end for sure saw it,safe
any more of this couple also wonder if this is staged,safe
wow talk about flying the friendly skies,safe
this is by far one of the best public videos ve ever seen,safe
damn that is next level ballsy or shafty,safe
got feeling this will become the top post of all time by the end of the week,safe
impressive thrill seekers for sure,safe
couldn even enjoy this due to the overwhelming anxiety it gave me,safe
this is leolulu its from her onlyfans,nsfw
still remember getting lovely blow job in bus years ago on road trip to gold coast from mature babe,safe
dont do this its just registry waiting to happen and no one wants you doing this on plane,safe
so many comments but anybody knows the source and where to find more videos of this couple,safe
this was the dumbest thing they couldve done what were they thinking,safe
anyone knows who she is,safe
will jemand dirty chatten,safe
premium valet service oc,safe
the smile at the end oofff,safe
there is so much to unpack in this comment,safe
had to read it thrice but hes right about the knot though,safe
no arguments just rich font of porn thoughts in one post,nsfw
just imagine the poster looking at his monitor and saying enhance,safe
ayyye now thats good partner defend your man,safe
yea guys expected to be rock hard every single time is just not realistic nice girls at least understand that too,safe
these comment are crazy disrepectful really appreciate your skill and effort and look up to become as good as you when it comes to deepthroating thank you and your friend for the content lt,safe
it not that deep bro,safe
he never is he flaccid in every vid of hers,safe
what are you saying,safe
how is he not fully hard,safe
after further review initial call is reversed that is in fact not in her pooper no foul on the play,safe
doesnt look that way,safe
poor girl deserves more than gummy worm,safe
sucked that niggas soul out goddamn,nsfw
there is girl who is confident in the cleanliness of her rectum,safe
story of my life,safe
staying soft and hard at the same time,safe
how does he stay that soft yet hard at the same time,safe
mean not gay but can help homie out,safe
you can also ride and blow mine when youre done with his if you want,safe
damn let me give you another load in your throat,safe
she should give lessons,safe
this is one of the best clips ve ever seen well done girl,safe
im bot bleep bloop someone has linked to this thread from another place on gonewild bouncy com gonewild comments nfcxj bouncy heman stellavioletxx com heman comments ymd stellavioletxx amp nbsp if you follow any of the above links please respect the rules of and dont vote in the other threads info totesmessenger contact message compose to totesmessenger,nsfw
typa stuff my girl does to me the best,safe
that is one hot woman,nsfw
now thats good girl,safe
bro no matter what there always god damn nsfw result like bro let me see other people oc,safe
the atm into perfect throat pie is everything this is really one of the hottest clips ever like damn,nsfw
aaaaahhhh dm me girls lets sext,nsfw
this is not the oc was looking for,safe
was looking for oc artists what in copper is this bullshit,safe
she was performs like godamn suction vacuum lol,safe
you are keeper need to find myself one like this,safe
heyo happen to be available put down as reference for miss here,safe
want to ride that and have you finish on my big areolas,nsfw
have to try that one,safe
gawd damn that amazing,safe
need ride from her were can find her,safe
now that is service,safe
excellent please sign me up,safe
omg what good girl,safe
totally keeper marry her,safe
do that to meeeeee,safe
dude needs to hit the gym,safe
guy is softer than air,safe
this is top tier,safe
weird no girl has ever done that to me,safe
that part of polyamory,safe
what exactly as part of polyamory to rub against leg,safe
don get it lol,safe
hi peter here to explain the joke makefeel is suggesting that the gentleman who is in highly desired position being in this threesome attained this opportunity by reaching high level of benevolence in past life suggesting he was reincarnated and placed in this situation as reward for being gift to society by saving bus full of children,nsfw
the hi peter here to explain the joke got me so good almost fell out of my chair,safe
this interaction is honestly better than the post lmao,safe
only downvoted cause eryone else did,safe
lol why have so many people downvoted tho,safe
gotta keep them guessing,safe
homie throwing wicked curveball with that pop shot at the end,safe
possibly the best account on twitter,safe
why does bro sound like zombie when hes nutting,safe
twitter com gothjockof status with sounds,safe
yeah have to open it in new tab to load works normal on mobile rif though,safe
anybody else getting rg not working,safe
am so jealous of him,safe
some people really be living their best life,safe
all this while im over here starving,safe
are you sure you re not referring to dxdiamond,safe
it him it the guy and his three weed smoking girlfriends where is the third though,safe
what do you mean,safe
hope he married you already,safe
yeah depends on the girl tho,safe
will all ever do anal,safe
how many besties do you have,safe
the way she casually smokes the joint while watching her friend get railed is sexy af,nsfw
look at him pound away ugh that position has me falling in love with you two,safe
wish my gf would let me have threesome,nsfw
who the best friend,safe
best girlfriend ever other girls have must learn from you,safe
who is the friend,safe
redgifs doesnt working anymore where can find this vid again,safe
totally agree check out their user profile bud pretty legendary stuff in there to be found and lots of it,safe
making sure shes still good after that pounding,safe
this is so hot love how you re holding her hand too,nsfw
the chick is taking that impaling well,safe
impressive very nice let see her relationship with her father,safe
those are real best friends,safe
loved weed and sex especially at the same time,nsfw
cant stop watching this,safe
does she only have one leg,safe
need it so bad,safe
name of the one laying down,safe
some people are too lucky,safe
bro is living the dream,safe
wow please urce vid,safe
where the third girls didnt he have weed smoking girlfriends,safe
who is the girl smoking,safe
life goals right there,safe
that what dreams are made of,safe
any other pic from your friend,safe
very cute how you hold her hand,safe
where do you find all these sexy friends who are down,nsfw
wo this is awesome,safe
hope he lets you try som extra meat in return super hot vid,nsfw
next time please tell him to be quiet his loud moaning ruined the video,safe
this is oc but guessing the source is their onlyfans,nsfw
this was good one,safe
til need nore chicks face tatts in my life,safe
do you have full length videos on your of wall or are they ptv thanks,safe
matter of fact what both the girls ig,safe
that is something beautiful to watch damn that viewing has dude rock hard,safe
two girlfriends better than one,safe
damn whats the bestfiends name,safe
did you share the load with her,safe
wish had spent my twenties in camming menage trois,safe
how get life like that,safe
well everybody gonna be living in hell from now on because there no more luck around cus this mf stole it all,safe
my god thats the dream,safe
literally happiest guy in the world in terms of cum slut,nsfw
forum leaked nudes lol threads catkitty nude mega pack,nsfw
its kinda far but its pleasure to look for,safe
thanks for that bit of info good sir,safe
don believe you trust neverkbest and she is so beautiful,safe
thought it was cetaphil,safe
was gunna go with jergens lotion,safe
this has awoken whole new fetish in me,safe
today your prayers have been answered,safe
blessings upon you the church of lust is very proud of all the work youve done so far,safe
mean you don really have to pray for it sure there plenty of dudes that will willingly nut on you,safe
you right you right,safe
because hes not an idiot bit early for kids,safe
like little prayer you re down on your knees,safe
praise be to gizeus,safe
id love to bless you,safe
this outfit is so cute,safe
you deserve more than that,safe
you have such pretty face,safe
what her name pls,safe
omg your the sandwich chick on insta,safe
would love to give it to you everyday,safe
didnt find any posts that meet the matching requirements for cumsluts it might be oc it might not things such as jpeg artifacts and cropping may impact the results im not perfect but you can help report false negative com message compose to repostsleuthbot amp subject false negative amp message post id jgnsms meme template null view search on repostsleuth com repostsleuth com search postid jgnsms amp samesub false amp filteronlyolder true amp memefilter false amp filterdeadmatches false amp targetimagematch amp targetimagememematch scope reddit meme filter false target check title false max age unlimited searched images search time,nsfw
you should start praying for bigger loads,safe
christ is king amen,safe
sorry but that bit messed up,safe
used two hands like she tryna say grace said amen then blessed her face,safe
don bring christ into lust please,safe
did you pray today ah pic amazing,safe
my lord you look perfect when you re dripping,safe
hahahhaha this is awesome,safe
bless you like to answer ur prayers,safe
kneeleth before the temple,safe
look like my kindergarten teacher mrs smith is this you,safe
look how bad the alignment on the door handles is poor workmanship right there,safe
you wouldn even have to ask nicely never mind ducking pray for it,safe
wow you are cute,safe
and all god people said amen,safe
omg you re perfect,safe
kinda just looks like over the top animated tears or rain,safe
see both of us had the same idea lol,safe
praying for sky daddy cummies,nsfw
bit of blasphemy is always appreciated,safe
you better repent on sunday,safe
omg you look amazing love the glow,safe
if only my prayers for cash were answered so readily,safe
for just one dollar day less than the price of cup of coffee you can ensure these slutty nuns dont go hungry wont you be someones hero today can only imagine when that day comes,safe
you are incredibly cute,safe
yo those are some cute eyebrows,safe
ill fill you full everyday baby,safe
ask and ye shall receive xxx,safe
your sins have no absolution,safe
as soon as my balls make it you can have it,safe
always had huge sacrilegious kink for some reason this is one of the best things ive ever seen to indulge it haha love this,safe
that an odd prayer but pray to be cool so have no room to talk lol,safe
show more of those nails,safe
oh wow hope your prayers are answered every day,safe
the costume and the pose is everything,safe
looks like your prayers are answered,safe
this world needs more people like you,safe
we need more people like you,safe
yes baby have lot more,safe
this is not okie dokie,safe
would love to be your blessing,safe
guess there is god,safe
you are so adorableeee,safe
omg this is funny ngl,safe
if you want it multiple times day can drop ropes as many times as requested all over that gorgeous face of yours,safe
so do but havent gotten any in years,safe
come to me youll get thrice day,safe
that tatt is groovy,safe
jesus is not happy,safe
this sounds like letterkenny line,safe
stached her from yard away,safe
id be cracking tf up while nutting if this happened shes trying to look sexy and all can think is its meee marriooo,nsfw
its marios other brother gooigi,safe
this got my laughing for good minute,safe
nigga sprayed mario mustache on her,nsfw
jesus that an impressive load and shot,safe
yeah but whats his name,safe
wow that was hot,nsfw
love when people jack other peoples posts without tag,safe
olympics isnt far away,safe
or from the lips to the lips,safe
bodyshots probably the closest,safe
almost comments and no one has source lol,safe
heyyyyy mann man man man,safe
hey man nice shot,safe
gonna need dat sauce,safe
no it is jojos reference,safe
good eye sniper ill shoot you run,safe
odd place for coheed reference ll allow it,safe
had to shoot my shot,safe
as man with keywork tattoo who enjoys porn approve,nsfw
may volunteer for service,safe
need marksman in my life,safe
my guy really covered both pairs of her lips,safe
give that man teddy bear top draw shooting,safe
hell this guy puts peter north to shame,safe
found it harleyraiyn on manyvids,safe
bet her name isa cumario,nsfw
well that was delightful,safe
omg where is guys like this even if he cheat me still ill keep him if he has this skill,safe
he gave her nutstache lol,safe
he gonna drown her,safe
one of the best love this one,safe
right down the middle of the fairway,safe
right on the kisser,nsfw
sauce please amazing video,safe
dam one hell of an aim,safe
would make an interesting olympic sport,safe
my kid is obsessed with super mario now and this is all gonna think of when he playing it lol,safe
did you find out the name,safe
download mp mp xyz mention redditmp bot under post to download videos and gifs from redd it redd it youtube imgur twitter gfycat gif vif streamable redgifs giphy etc,safe
wtf mean yeah it great shot but why isn anyone trying to figure out who she is and where the sauce is someone please help me out fr,safe
damn shes so pretty and thats an amazing load is there longer video,safe
forever wishing was her,safe
bro gave her mustache,safe
very envious drool like dying dog and only produce quarter that amount,safe
the one piece is reeeaaalll,safe
omg how can get my bf to do that,safe
that was sniper shot,safe
what wouldnt give to be able to shoot like that wow,safe
the cum stache is real,nsfw
thats olympic level marksmanship right there,safe
spankbang com wwn video harley cumstache,nsfw
he corrected nicely on your mouth after his first shot was wide left,safe
she got shot up,safe
damn that boy could win gold at the olympics to how straight he shoots,safe
now that milk mustache,safe
dude went with the awp and got the headshot,safe
that is impressive congrats to you man,safe
hey man great shot,safe
saving for futur faps,safe
what would give to be shooter like this lol,safe
bloody good shot sir,safe
should be an olympic sport,safe
is it possible to learn this power,safe
god damn what spray down,safe
cover me next time,safe
excellent shots congratulations shots like that take lots of practice day and night maybe he should try being with woman it might not improve his aim but it could prove much more entertaining,safe
um thats still amazing but cmon counting isnt hard,safe
that quite an amazing shot,safe
if it was an olympic event he just won the gold,safe
no scope shooting from the hip,safe
how many licks does it take,nsfw
hell yeah he is,safe
mmf is way more fun,safe
if you re gay,safe
teacher of magic and laruna mauve,safe
not sure who this guy is but he is king,safe
it just keeps getting hotter and hotter,nsfw
where can watch full vid,safe
teacher of magic is it,safe
id love to get service from two babes like that,safe
must be nice to get sucked off by girls,nsfw
reminds me of my bf and my younger sister,safe
want to be all three of them,safe
that girl on the right should have swallowed the whole load she was taking some off of the other girls face and eating it love that,safe
op has great handle,safe
damn that was awesome,safe
this is good girl,safe
te mo toda la boca llena de leche,safe
well the ending was super hot kiss them both,nsfw
that just so hot,nsfw
anyone know the redheads name shes so damn hot,nsfw
jooooo ni as est rico pido la vez es una fantas que con mujeres en vez de estas venes inexpertas pero joer motivadas qu te pasas,safe
it is so beautiful,safe
id like to help them find out,safe
every mans dream come true,safe
great job now sit on it,safe
become man of quality and everywhere will be the best place,safe
oh cool so like how can approach them and what is the best way to approach girls like them,safe
damn was wondering how can blow nice huge load like that and how can get girls like them like where is the best place for me to meet girls like them at,safe
se tuvinque quitar un pelondel la lengua,safe
we aren vanilla you re just sub boy,safe
so naughty and mf nasty perfect little nut sippers,safe
lol lll lol lol lol,safe
any girls wana try,safe
me next please gorgeous beautiful hotties everyday anytime anywhere in north texas beautiful hotties everyday,nsfw
thats whats im talking about,safe
every single one lol,safe
oh my this is so hot,nsfw
lock it up sweetie,safe
daddy squirted so much on me mommy,nsfw
need the whole video stat,safe
sharing that ice cream what about it want my ice cream,safe
very naughty but very nice,safe
love this video very hot,nsfw
so hot they was it erupts out and hits her face,nsfw
need to be the left one,safe
that one of the most beautiful things ve ever seen brang tear to my eye,safe
gotta save this video,safe
omg wanna taste it,safe
what is sexy girl name,nsfw
could have helped them,safe
my two sisters used to always do this to me,safe
quem tem grupo de porno me adiciona,nsfw
let make it happen,safe
would watch my wife and my sister giving bj,safe
milk shake is ready,safe
this is better than the former charms lollipop commercial amp ill bet to these ladies way tastier lucky guy for sure,safe
woah wish could do this at as girl,safe
looks like mother daughter action,safe
should ve been me,safe
at least one of them is well trained,safe
not enough ll need to thrust inside those two mouth to be satisfied,safe
that they will have to mine pp,safe
that was nice shot,safe
stereo sucking like it very much,nsfw
what lucky guy he is,safe
unloaded on her like fire hydrant,safe
she goes by alohalisa,safe
love those pierced nipples and that she likes facials,nsfw
decent load would be generous fire hydrant hell naw,safe
let me do that too baby,safe
can turn the jealousy into reality for,safe
let me do that to you baby,safe
will help in that,safe
oh gonna need good shower like that real soon,safe
but have not done yet,safe
lemme clean up those messs,safe
gents quick question how do yall stand that mind you its just been me but even with lube stroking the tip like that just hurts,safe
right in the face,safe
need someone to do this to me so bad,safe
good girls get rewarded wear your reward babygirl,safe
can someone do that to me,safe
yeah you did thats awesome,safe
she took it like queen,safe
can lick it up,nsfw
let go for dm,safe
dm for dirty talk only girls,safe
reminds me of when me and my cousin had sleepovers,safe
want to see more of her and him who are they,safe
me next please beautiful hottie anytime anywhere in north texas beautiful hottie everyday,nsfw
hit us up if your looking,safe
wow she is purrty hot,nsfw
are they inside fast food kitchen or something,safe
yep this ones going in my saved,safe
can do that for you,safe
need like her facial thick mask white,safe
ladies for load dmm me,safe
not even close to fire hydrant,safe
can someone do this to my thick wife shes mom,safe
dm if you want me to do this to you,safe
crave to be in her position having alphas giving me their delicious load,safe
ill help you clean everything up again,safe
don know for anybody else but for me was her nose bein painted,safe
lady who enjoys her work,safe
whatta sexy lookin woman,nsfw
can do that for,safe
wo cover me just like this,safe
patiently waiting for her shot,safe
porn viralhub com ex ryz,nsfw
alex for what is the sauce,safe
he needs to drink more water,safe
bro ngl as soon as read this chugged the rest of my drink bottle,safe
was too long wait to not be covered,safe
was gonna say she dazzling and then he anti climatic,safe
all that waiting for little squirts lol,nsfw
her waiting wasnt worth,safe
exactly if you wanna handcrank it do it when youre alone theres girl there have some fun together,safe
some girls like it,safe
im kinda lost here what does being death gripped mean,safe
the prevalence of circumcision in na is partly to blame for this imo amp im one of the rare ones that got the procedure as an adult and need easily the pressure as did before,safe
if we reverse your statement we see why its not one we use for reasons of evidence for claim gt im one of the rare ones that got the procedure as an adult gt the prevalence of circumcision in na is partly to blame for this imo your circumstance is not generalizable it is as you said rare,safe
you have one anecdote have publications youre obnoxious,safe
damn ve never been harder before,safe
bet she disappointed with those drops,safe
lol could bust much bigger nut than that,safe
this is hot need this in my life,nsfw
weales shot ive ever scene,safe
first second or third booster,safe
looks like she is in military barracks room,safe
this video is still very hot,nsfw
need this so bad,safe
this is save for later good,safe
make sexy kittens thing again,nsfw
good girl youd make great daughter,safe
lol maybe they just werent trying to make that kind of video,safe
is she in jail cell whats with those walls,safe
man her future children will have so much dirt to use,safe
love that little tongue,safe
why she looking at me like its my fault,safe
want to be shared by group of guy atleast and have them use all my holes degrade me and treat me like their cum slut im unsure of how to make that happen any advice,nsfw
want to kiss her,nsfw
her shot is weak,safe
that face filter is desperately hanging on there like trump on the presidency,safe
need one of these,safe
been patiently waiting for thot to explode on,safe
who is the beautiful girl,safe
she looks very disappointed,safe
wow im super hard omg,safe
redgifs com users traces order top redgifs com users traces order top,safe
full video com cultural station py rltoyfk,safe
full video peakclip com ttk hh,safe
full video in ftfy,safe
in better quality spankbang com kh video stella violet,nsfw
really hope shooting porn vertical is just phase,nsfw
you dont deserve wife in the first place,safe
she not gon let you hit lil bro,safe
jedi tricks dont work on me little bro,safe
well we re gonna have to fight it out,safe
bros not allowed to moan his girl,safe
not if he sounds like dying mongoose,safe
why did he have to moan like that,safe
need you like this,safe
how long since you ve had this,safe
you probably like cuckquean,safe
does he have to sound like stimulated moose when hes cumming,nsfw
bro going super saiyan to bust that nut,safe
jealous af of her,safe
so hot love it even more when she keeps her eyes open,nsfw
damn dudes right feet is so long and narrow,safe
spankbang com kh video stella violet,nsfw
love getting my cheeks clapped,safe
does exist sub of this,safe
yo would divorce my wife just to hit one time,safe
she look like gabriela andrade,safe
then stop watching focus on other stuff or try to meet some women and get the real deal,safe
that sucks man dont want to get there,nsfw
wanna do this to sm,safe
shes gotta be pro for sure,safe
wrong youre supposed to finish in the gooch,safe
get it in her mouth whats with the lame forehead shot smh,safe
ill never get tired of seeing this video,safe
woah so damn hot,nsfw
mhmm come in the room and give me kiss now wifey,nsfw
dude has food shave,safe
love hearing his voice and desire and moans,safe
great dismount to her knees,safe
she seemed to enjoy it,safe
should stayed in and unleashed balls deep never pull out,safe
you deserve to be covered like that,safe
do this to meeee,safe
the guy ruins it,safe
instructions unclear im now im facing years,safe
available on the redgifs link,safe
yes it is just piece of meat,safe
you re built to breed,nsfw
it what you re made for,safe
is this part of the new sith code,safe
idk about ruined lol you barely got gape,safe
hehe thank you so very much,safe
you are so lucky,safe
warum is der schl bbi so dreckig,safe
someone do this to me,safe
good girl at least you know your place what else do you know,safe
felt like lucky girl,safe
love girl who likes it hard,safe
have you ever came with that guy,safe
the redgifs link use to post has sound but all full length videos are exclusive hope this helps lt im abbi btw,safe
she is mine abbi,safe
would pay to lick you clean,nsfw
wanna breed you nonstop,nsfw
all great activities to do,safe
wish it were me filling you up,safe
that okay like doing laundry,safe
let her fun on,safe
when is it my turn to,safe
ve never been jealous guy but,safe
love to lick it up,nsfw
sounds about right why you need more help,safe
only just seen this my goodness she is beautiful,safe
thats what say about spooning spooning leads to forkin and then theres juices everywhere,safe
want to join what do have to do,safe
would love to be the one doing that to you you are so hot and sexy,nsfw
good job bro that puss needs pounded,safe
very nice it all looks soooooo yummy,safe
you are super fine,safe
you re gorgeous and the only thing that could make you even hotter is dripping out of you at the end of the scene perfect clip in every way,nsfw
thats what my hands would do also except pinch on the nipples and play with them more,nsfw
omg im your new boyfriend,safe
would love to join,safe
whats sub for content exactly like the first part of this video,safe
good girl getting railed excellent little video,safe
omg just fell in love with you,safe
can please please please join you,safe
you need to work on your arch,safe
damn it if wish this had sound,safe
love to bust load in you,safe
well you like it rough,safe
the pillow made it look like you were being spit roasted lol,safe
how my bm looks rnow cheating,safe
imagine you gf sends you this video,safe
this is so skibidi sigma think iam edging but honestly that gyatt got me mewing all over the riizzler of brawl stars ell primooo si dolor no hay gloria buenas noches,safe
looks like great time,safe
not if you sit on my face,safe
saving this video but man do wish could here you getting railed,safe
she knew her position next time little hair pull,safe
love to clean you,safe
mmmh wish could hear your hot moans,nsfw
love to have seconds,safe
absolutely love being grabbed like this,safe
love hearing you get clapped so hot,nsfw
watching your nipples getting hard at the beginning is,nsfw
please help me find the sound,safe
no dripping on the bed if am underneath licking,nsfw
would of stretched you more,safe
you like getting dicked down huh,safe
now gonna have to buy new panties,nsfw
disagree think it looks sensational,safe
since no one ele is gonna say it that handjob finish looks painful if youre pulling skin off the torso whilst giving hj youre doing it wrong,nsfw
mmm very true xx,safe
hope you do babe xx,safe
love to experience that ride,safe
the epitome of win win situation,safe
hey what if people see you,safe
can have cleanup duty please,safe
man housing is insane these days,safe
would love to have this view,safe
do you go by snow angle on other platforms,safe
may get invitation please,safe
damn wish women were that way to bed,safe
can share this with clublatenight,safe
thats reasonable and damn you know how to ride,safe
you have nice back,safe
this is so damn hot what part of tx are you love to set something up,nsfw
you are one hell of guest,safe
would ve came so face with that ride,safe
how considerate of you,safe
ready to give you these thick inches baby,safe
in that case this is your open and standing invitation to join me anywhere and anytime,safe
youre amazing youve got amazing talents,safe
perfect position want you to ride me and drain my balls deep inside you multiple times and make baby together sexy love,nsfw
the reinsert is so sexy you re welcome in my hotel anytime,nsfw
wow that was very sexy your naked back is sexy af,nsfw
baby doll you got open invitation to my hotel room,nsfw
the view is immaculate,safe
id like to invite you to room too,safe
thats beautiful body you have,nsfw
want to be next babe,safe
geeeezussss hit em with the reach back hand job and then popped it back in be screaming lol,safe
sounds like great invite you offered,safe
babe tell me where have to travel and will book every hotelroom you wants,nsfw
you know how to give guy an good orgasmus,nsfw
why would you ever pull out,safe
just love it so freaking much just enjoying seeing an amazing looking person that just knows how to ride the pony,safe
youre gonna rip his skin off pulling like that,safe
same dude in all vids lol,safe
you are welcome to come to my room when ever you want to do gorgeous,safe
perfect working tf outta those hips no way id pull out,safe
no way would pull out of course im fixed so no danger,safe
bro sure if im was here couldnt breathe so just do with him ez,safe
what lucky man looks fantastic,safe
fair trade so sexy,nsfw
im inviting you into my bedroom,safe
uff esos sentones de diosa,safe
would als do it for you baby,safe
bro living dream life,safe
wow that hot and amazing,nsfw
come to my room,safe
that hot also use some live and be less hard grip easy with it not rough,nsfw
gorgeous wish that was me,safe
dammmmm that one lucky hotel guest,nsfw
wish you was on my bbc,safe
got an open invitation for you of youre ever in the netherlands,safe
got an open invitation for you if you are ever in the netherlands,safe
wish it was me,safe
this is what dreams are made of,safe
someone is very lucky man,safe
beautiful grind and ride,safe
my kind of roommate,safe
call me and do me,safe
it has audio click the redgif link,safe
wheres it teach me please,safe
on top beside the date,safe
audio please she is killer,safe
have seen me around ck ill swallow all that,safe
give this lady ring,safe
with all the days lived on this earth ive never experienced skills like this girl has,safe
my wife got stuck at beginner,safe
this video is awesome the only thing that would make it even better is if her top was off,safe
take it down your throat,safe
think the order is the opposite,safe
love when my wife does that lol,safe
snh very soon we will have lvl crook and lvl mafia boss porn videos,nsfw
im at intermediate level,safe
damn that is insane,safe
do that to me,safe
na had better all is beginner,safe
my wife is beginner and love it,safe
want to ke that type of swallow,safe
every frame in this was stunning,safe
ladies take notes holy,safe
beginner is always best,safe
can have beginner girl,safe
reminds me of my ex,safe
that so hot boing,nsfw
you know your working with legend with she plays with the balls,safe
bro literally takes deep breath on the last suck,nsfw
how can find this video,safe
sophie rain mega dm,safe
wish could help with that,safe
wow looks like need some training,safe
want this in my life,safe
damn want turn to shotgun my tip pointblank against your tonsils,safe
dear lord have mercy,safe
oh damn think came little lol,safe
you send him to gsus,safe
you can tell she absolutely into it too by how her nipples harden over the course of the video,nsfw
thats how it is done,safe
think this may be one of the hottest clips on the internet right now,nsfw
that beauty took his soul out,safe
they must be eating the right foods,safe
im thinking at least some of these had to be fake if not most those loads were thick af especially that black dudes at the end and unless there were dudes there at least some of them were round two or three and theres no way to have that much volume by then lol,safe
you can get multiple thick loads with supplements,safe
over year and just finded out,safe
zinc is supposed to help,safe
gt unfortunately for men studies have found that men who practice edging for years can later develop erectile dysfunction it won happen on all men but that negative effect is something to consider yeah thats cap dont believe everything people write on wikipedia,safe
jelqing works ive done it,safe
im not sure about multiple but ik the nd load will more than usual,safe
enclomiphene human chorionic gonadotropin and other things bodybuilders use for fertility or when coming off steroids,safe
this plus stay hydrated and make sure it sunflower lecithin as the soy lecithin can actually decrease libido,safe
lock and load im pretty sure legitimately works and the guys that made it are funny too check that out,safe
they re not fake,safe
they tale supplements to increase volume of semen nothing unrealistic,safe
vitamins and celery have my loads like that ropes after ropes lol,safe
latin people always seem to,safe
immediately watched it an bet myself theres comment abt it not the girl being hot for the first time ever,nsfw
those dudes have some thick loads,safe
the woman we all aspire to marry,safe
thought it sofia gomez for sec there,safe
her name min galilea,safe
yeah felt pretty queazy after the bowl lmao,safe
this made me gag lol,safe
bro its not the full video,safe
sorry man didnt actually sit and watch it all,safe
for the love of god source,safe
this comment is on point,safe
guessing the guys do it for free,safe
where do they find the men for the videos,safe
believe it or not she was actually sunday school teacher,safe
you say this like its bad thing,safe
would be happy to help you find out,safe
can help with that,safe
wish was in her position sooo bad,safe
oh my and she has date in minutes,safe
wish was one of them,safe
it something about girl with perfect teeth,safe
me too or that would be the one to lick her clean,nsfw
that would also be amazing,safe
lets both lick her clean there is enough for the two of us,nsfw
yes please this would be hot maybe hot enough for the boys to be ready again,nsfw
in public should have mentioned in public theres no privacy for this walking set of holes,safe
do indeed wish was her,safe
her family is proud of her,safe
jesus thats an impressive quantity,safe
she talks little about that in the video can be bit nauseating especially in that volume as for harmful though unless someone has coli or some other infection that would affect stomach doubt it problem mucus more or less we ve all had food that has been much worse,safe
ok at some point im thinking between the and loads this stopped being hot and became kind of gross,nsfw
drooling licking my lips and sooo jealous of her,nsfw
would love to help with that,safe
wanna get filled up like that,safe
bet that was tasty load,safe
omg same wanna try to beat the world record whatever that is,safe
am actively trying to find people to help me recreate scenes like this wanna be her want to try the load challenge hehehehe,safe
can give you mine,safe
waste not want not,safe
there comes point where you go to far the bowl was disgusting,safe
god want that done to me,safe
most likely for me its my dream lol wanna set the world record id say she had choice in it is my bet,safe
is this enjoyable for her im kinda disgusted ngl poor girl,safe
loads ml each ml semen mg protein per ml so mg loads is mg equals grams protein,safe
wow that equal to shaker of protein,safe
anyone calculate the amount of protein,safe
wish was one of them could really use cumdump rn,nsfw
god wish that was me,safe
omg im so jealous,safe
need to eat those loads as well,safe
million of children she eat,safe
anyone know her name,safe
omg this is amazingly hot,nsfw
made my stomach hurt,safe
woman role is to swallow man juices,safe
wish knew who she was,safe
imagine this being your mom then finding this,safe
need my face covered like that,safe
would actually love to be her dream about doing this offen,safe
also want guys wo can ravage me whole night,safe
with that amount we can repopulate china,safe
lucky girl that is how much sperm want every day,nsfw
want this for me,safe
her eyes must be hurting like hell,safe
want this to happen to me,safe
shes gonna be coughing lot the next day,safe
want my gf to do this as job,safe
billion generations in her mouth,safe
the only blue haired chick like,safe
thats whole lotta kids,safe
love the blue hair not,safe
wonder load or two wouldn have that much of an affect but like loads surely has some nutritional benefits is there study on this somewhere anybody with knowledge on this,safe
giving her friend facial,safe
thank you very much for this gift,safe
smol hanfool no pun intend lol,safe
thats why started my sites,safe
most big names arent bookable by smaller companies like mine onlyfans ended that but id push back on the quality im booking great new models,nsfw
yeah of killed the game,safe
you re so down bad,safe
this sub got banned or cant join it do you have another,safe
idk but there should be,safe
tell me if there is any,safe
also in the grinch iykyk,safe
that taylor moms on in the grinch,safe
yes she has tons of videos,safe
what was her role in tv series,safe
no heroin did you even watch,safe
lmfao this is probably how she got the part because they all are trash at acting,safe
chloe cherry from tv series euphoria,safe
damn is this the new season of euphoria,safe
reminds me of the jesse jane and riley steele scene,safe
billie never takes her eyes off the guy too she is extremely well trained,safe
allie addison and chloe cherry,safe
you are god send,safe
no actually the one in the back is billie eilish,safe
thank you my sun,safe
the girl with the curly hair looks like college girl who used to babysit my daughters and was an olympic swimmer so unzips,safe
my god that eye contact,safe
she looks like sydney sweeney mixed with billie eilish,safe
is that really the girl from euphoria,safe
wish had friends like this,safe
great teamwork with well deserved reward,safe
allie addison amp chloe cherry,safe
hey look it faye from euphoria,safe
miss chloe cherry in porn,nsfw
could probably fill up flask with the amount of nut busted to this video,nsfw
whats their names so know to stay away from their vids,safe
that the junkie girl that lives with fez in euphoria,safe
voices are annoying af,safe
my gf sent me this what does she mean by this,safe
rainseraph id love to give you facial like that,safe
don think have friend that would do this with,safe
well chose from the ones you have,safe
okay have one but she quite bit meaner then am,safe
ll show you her later,safe
what friend of yours would you do this with no resolution,safe
chlow cherry hands are so soothing,safe
who the girl stroking,safe
know the blonde girl crazy seeing her here she was always really chill in person,safe
need girl like this whose down to share me,safe
good for the skin,safe
who get the load someone has name,safe
think facial girl is yololary,safe
need woman to exchange nudes with,nsfw
please do this to me,safe
ngl this kinda turns me off,safe
damn billie eilish aint playing anymore,safe
wow she is hot,nsfw
the blonde girl is hot,nsfw
thats the girl from euphoria,safe
lol is the blonde one that one junkie from euphoria,safe
blonde got greasy lookin forehead,safe
you guys kill me when you share links of my content to bootleg sites,safe
white girl looks like american dads daughter,safe
kate winslet and mariah carey,safe
no talent waste with nothing to offer,safe
shemale woman lets talk directly im young,safe
man wtf that child,safe
idk how that guy does not just scream his lungs out,safe
took awhile but it was worth it,safe
what friends are for need sub for this,safe
its shame what chloe did to her face but shes still one of the best,safe
allie addison is so tiny and hot,nsfw
my wife needs to give me this,safe
allie is one of my faves,safe
well have new fantasy,safe
would you kiss me after,nsfw
took the words out of my mouth no pun,safe
damn what way to learn that lesson haha,safe
ok with bit of taste afterwards but yeah whole mouthful was unexpected and not enjoyed almost threw up she was super apologetic and let me do that ever wanted,safe
what did you do,safe
hope you took full advantage of that apology,safe
taste of your own medicine,safe
so to speak haha,safe
always kiss after id be offended if someone didnt kiss me after going down,nsfw
doesnt matter it was mine or another guys definitely would kiss you after,nsfw
yep just dont swallow first,safe
sure if washed ur mouth out with soap first,safe
it be rude not to,safe
why is she so cuteeee,safe
oh baby would make love to you after,safe
only if shared with hot woman so only semi gay,nsfw
dont swallow and then kiss me with all of it,nsfw
snapchat didnt work where are you located,safe
no go brush your teeth first,safe
only if you swallow afterwords,safe
no because you swallowed,safe
would you kiss me after going down on you,nsfw
once you swallow all of me then yes come up here so we can do it all over again,safe
no cuz you missed drop,safe
drain my balls too please,nsfw
yes and clean up,safe
it only common god damn courtesy,safe
shoot my load down your throat too,safe
absolutely if youre going to pleasure me with that much enthusiasm then kissing is no issue,nsfw
always but you dont have to swallow it all,safe
even without you swallowing,safe
aoc goin hard on it,safe
its free real estate,safe
baby ill kiss you before during and after lets go,nsfw
how many dicks have sucked total asking fr,nsfw
yah sure why not,safe
before during and after,safe
tell you not to swallow and make out with you,safe
sure but id expect to be next for your mouth magic,safe
yes would love to french kiss you after we got done,nsfw
id kiss you during,nsfw
mine his who cares of course,safe
yes but you got to spit it in my mouth,safe
can get another one please,safe
as long as you share,safe
she is my girl and she just done empty me clean am kissing her all over and eating her out right away as should,nsfw
if you suck me off right after would,nsfw
im sorry but no,safe
yes mmm with tongue,safe
would love to french kiss you afterwards but dont have snapchat,nsfw
before after amp during hot as uck,nsfw
yes if eat it all,safe
would kiss you everytime,nsfw
what kind of guy wouldnt kiss their kids goodbye,nsfw
cheap premium content snapchat bodybanginbree,safe
kissing them after bj means lot to them,nsfw
who wants to rate my girls,safe
id suck it with you,nsfw
god your body is incredible makes me feel bad for anyone who bullied you and is trying to be your friend now lmao,safe
ha couldnt agree more,safe
woah said the the exact same thing once found her was like id give her million of my babies lol,safe
this would be great title,safe
can you be my little toe id like to bang you on all my furniture,safe
youre so sweet thank you,safe
you are not cubby at all,safe
thank you so much lt,safe
your body got me thinking kids aint that bad,safe
im chick so couldnt breed with you but damn if wouldnt mind trying,nsfw
not seeing the cubby at all,safe
as soon as you smiled my answer is yes,safe
fill you with so much baby batter you think you were sperm bank,nsfw
whoever wouldn breed you is silly,nsfw
omg yesssssss yesssssss yes,safe
breed you and suck in those milkers every chance got,nsfw
you spelled perfect wrong,safe
um holy hell yes,safe
we should probably stick with breeding practice at least until you are all finished with school,nsfw
oh yes there is so much to hold on to while breeding you you have the right curves in the right places,nsfw
would absolutely have mixed baby with your bad self,safe
what kind of babies would you like,safe
id qait for more room and breed you again,nsfw
perfect candidate to be bred,nsfw
ohh yes would empty my balls with you every day,nsfw
yes you are really cute very enticing body would pump loads and loads of baby batter into you,nsfw
youre gorgeous would absolutely breed you your smile is so cute and your body is perfect breeding material,nsfw
realshortstacks will defs appreciate you,safe
put multiple loads in you,safe
my husband and sure would,safe
you are totally delicious,safe
my mouth dropping open said yes,safe
shut up and take my money,safe
oh you wear that choker long enough and we re gonna make all the babies,safe
ready to be single mom,safe
put ring on it,safe
damn you are hot so jealous,nsfw
sweetheart your very breed able love it,nsfw
without doubt yes id never pull out,safe
that is the perfect body to breed omg so sexy,nsfw
ohhhh damn you are thick and juicy puuurrrrrrfect,safe
she cute just want to hug her belly,safe
yes very much so and whoever tells you no is lying very badly,safe
will you marry me,safe
yes and sexy beautiful and desirable is what you are,nsfw
watching your body sway is hypnotizing im drooling rn,nsfw
would put babies in you,safe
who the hell would say no,safe
hell yeah you are,safe
so beautiful in love,safe
every single sperm cell in me is screaming yes,safe
would breed all day long,nsfw
damn you look eerily like ally from the youtube channel asmr requests reference youtu be rc oathyws,safe
bet you can still run em,safe
well aren you just damn perfect lol,safe
will breed with you,nsfw
yes sarah there is place for you in my sleigh,safe
yes would breed you so many times,nsfw
yes too bad you re not near me to find out,safe
want twins ive made cute twins,safe
most definitely many times,safe
you are amazing soo yes,safe
just found who im nutting to tonight,nsfw
really wil just lick and suck it out,nsfw
this comment is just amazing lol,safe
lol it is awesome,safe
well played sir well played,safe
weehawken dawn guns drawn,safe
nope sperm wars we ride at dawn,safe
you re arse looks perfect but adding to that load first,safe
absolutely not love sloppy seconds,safe
everyone loves double stuffed oreos,safe
mmm love me some sloppy seconds,safe
wow you are super cute,safe
your eyes are incredible,safe
go to jack off material,safe
my god so hot want to touch the hiney,nsfw
gladly but you gotta throw those legs over my shoulder so can go deep,safe
nahh idc going for both again,safe
id just fill both if thats ok,safe
ok or ll use it as lube,safe
ive always loved cumming in the backdoor,nsfw
want me to add more in there,safe
that isnt going to stop us,safe
your pretty mouth appears to be available for nice cupful of cream of sum yung guy,safe
it looks so gorgeous when it bubbly like that,safe
would be honored to,safe
gonna go ahead and suck his out make room for mine,nsfw
does anyone know who she is,safe
mean that would be counter productive tbh why not just fill you up again,safe
as you wish beautiful,nsfw
or add second load either one works,safe
yes good idea when and where,safe
let me clean it up first,safe
sure honey your so beautiful and sexy,nsfw
there goes the next hour of my life,safe
dont think you understand how breeding works,nsfw
ok then you get second filling,safe
the way you think makes me think you are my dream girl,safe
gladly accept your offer,safe
dont mind sloppy seconds,safe
nope going to get all that removed and then plant mine,safe
im master cunnilinguist and analinguist ill take care of both at the same time amp samclause,safe
it would be my pleasure and your pleasure too,safe
no you go clean that mess up first,safe
what beautiful smile you seem really happy good for you,safe
second load is good too normally wouldnt but for you ill make an exception,safe
you pick the hole and ill fill it up for you gorgeous,safe
wanna taste you and that load,safe
id be wanting to plunder the flooded depths first,safe
ill take whatever ever let me,safe
mmmm that works for me thanks,safe
definitely then sloppy seconds,safe
whatever is left over is enough for me,safe
would absolutely driving if given the chance,safe
if you don mind taking in promise ll give you good load,safe
with my tongue xo,safe
your eyes are absolutely stunning,safe
add to the back door,safe
see doctor about your left foot it curling over and over time it could wrap on top of another toe and impair your ability to walk unless you get surgery,safe
there is no way am not the parent,safe
im good for baby turn my body every which way but loose thats you in every hole and make you have multiple orgasm what time you be too tired to do anything else beautiful body gorgeous hot sexy,nsfw
yes would more than one time,safe
mi que rico est eso,safe
is there sub for pics just like this,safe
how about lick it all clean then add some more,nsfw
wala na si user damn sarap,safe
pwede po ako mag pa vc check if ever para may choice kayo ayawan ako ako na po sasagot sa pagkain and other expenses pag uusapan,safe
you make life harder,safe
sarap ka ons siguro neto hehe same age,safe
if nandyan ako kinain ko na yan,safe
sarap nmn nyan idol,safe
masarap talaga ang chickenjoy,safe
sheyt ansarap kainin nyan,safe
mmm look so tasty,safe
hahahah sana malinis phone mk,safe
sanitize daily namn dear,safe
nadilaan ko screen ng phone ko shet,safe
sarap yarn ang kapal,safe
taba ng keps mo sarap,safe
jusko unang buka pa lang nakakatigas na ng sobra,safe
first date tapos na agad ang laban,safe
mag lalaway nalang talaga,safe
just wow hottie gorgeous sexy beautiful,nsfw
selling some rare files just pm me goodprice,safe
iniisip pa lang nakakalaway na,safe
good outfut great body ugh,safe
thanks maam for giving time to respond on my comment now im feeling having really good day,safe
so perfect im dying,safe
easy to access it all on our first date,safe
damn everything pink and lickable,nsfw
grand court similar lang pala,safe
we have the same shoes want to do the nasty and not take off anything on your outfit,safe
please refrain from using hateful abusive and disrespectful language in posts and comments lets all get along and respect each other please be reminded that multiple continuous infractions may result to ban on this sub,safe
kala mo meron blush on yung pempem eh,safe
when the weather is changing because of your outfit,safe
look nice in white,safe
baby girl that great outfit it allows easy access to everything on our first date so can and,safe
wish was built like that,safe
supper easy to carry,safe
your body is perfect babygirl,safe
ang hot mo bebe,nsfw
and yes its factorial love ur body,safe
perfect stunning body suit for hard or rough,safe
up and ready for immediate feedback,safe
it would be so can give you good and we can enjoy,safe
bby you built for speed,safe
id say at least twenty because experiencing any less than two times is crime,safe
kagigil ka na ah,safe
cuz why would it be anyless,safe
youll have my tongue and my fingers,safe
the other id put it inside you,safe
come on guys dont give me too good rates,safe
ingat sa scammer ah,safe
napa open kagad ako ng telegram,safe
why dont be oa haha,safe
no need to scale to rate it is already beyond the earth,safe
in every creative and wild way possible,safe
haha why is that,safe
sana kaso bitin mooooreee haha,safe
nice im into that as well,safe
for me like you hehe,safe
why so goood to me,safe
because have just the perfect goddess body and the cutest face,safe
its easy for your perfect body,safe
wow thanks for this,safe
kasi ang is to love your body,safe
one of those moments that can kanto,safe
is an insult to you it shld be like,safe
im content creator caption is caption,safe
bakit need ng validation hahahahhahahahahha,safe
still selling my contents face btw lt,safe
mmm looks tasty let me eat it,safe
mapapalaban nanaman alaga ko neto,safe
it needs to be eaten,safe
damn girl interested in buying,safe
one pretty pic and one yummy yummy pic,safe
sarap ng mamasa masa pa,safe
eto eto talaga yung mga hindi nang didisappoint,safe
wow its like porcelain hm is it on the black market,safe
araw araw llalo kang sumasarap belle,safe
pipila na po ako,safe
think youre getting sexier,nsfw
damn want to caress your body so bad,safe
hoping to see you,safe
from morning to noon until midnight,safe
its so white and pink haha,safe
nice phone cover hahaha,safe
ah what way to wake up,safe
love to do it every single day,safe
great way to start the morning,safe
kahit buong araw pa,safe
im late pwedeng mamayang gabi na lang,safe
body glow lang yan hahaha,safe
oooooohh just woke up and it made me even harder,safe
yaman nmn ni maam,safe
ya on ur tele,safe
pretty face hot body love it,nsfw
your glowing skin is amazing yes please lets do it every morning zantazoo detect haikus and sometimes successfully learn amp more amp about amp me com haikusbot opt out of replies haikusbot opt out delete my comment haikusbot delete,safe
your glowing skin is amazing yes please lets do it every morning,safe
and finish inside you,safe
sexy naman ni anteh,nsfw
sunkissed glowing ang skin ni baby,safe
already hard for you come on my lap,safe
pm me for details,safe
you re my favorite breakfast,safe
lalong nagbabaga ang init dahil sayo ayan tuloy naligo ako ulit ehehe,safe
tell me how you touch them,safe
full on sensual panadero,safe
those are perfect breasts most men including me would only want woman with perfect breasts,nsfw
motorboat them and suck,nsfw
imma touch them as per your instruction,safe
lick them with my tongue,nsfw
imma beat like hungry man who just came out of prison,safe
sabayan mo ko maligo,safe
looking for wild preferable with proof of age and genuine content ownership reward on offer for the right lady,safe
isabay mo ko maligo ako bahala magpa tiles ng cr mo,safe
sarap dilaan ng kilikili,nsfw
kung totoo lang sana,safe
ang sarap naman nyan pa supsup naman pa experience,safe
kilikili lng ulam na,safe
oh yes my fetish is makinis na kilikili haha sarappp,nsfw
from the nip to the pit,safe
kuya natangal vibe lol,safe
grabee ang hott sarap,nsfw
tara free ride haha,safe
ask lang if someone na may nakakaalam sa mga student walk or psp around ubelt recto,safe
fits perfectly between my lips,safe
mas fresh pag nkalabas,safe
willing mag hatid sundo basta may pautong haha,safe
im going to go for another load,safe
hey baby you are hot,nsfw
what are you wearing,safe
great love feet but tell me about your panties,nsfw
tell me where your hands are,safe
can you imagine my hands gliding across your skin,safe
yeah that what talking about,safe
now need you to take your right hand and start playing with yourself,safe
will you do that for me babe,safe
tell me are you wet,safe
take your time tell me everything,safe
lick your finger how is it,nsfw
do you wish was right there with you right now,safe
if was be kissing on your neck,nsfw
slowly up to your left ear my voice and hot breath,nsfw
working my way down your collarbone your breasts,nsfw
stomach kisses hip kisses thigh kisses know where going,nsfw
gliding my tongue flicking your slit,safe
your cunt is like candy your thighs soft and supple like bubblegum,nsfw
burying my face between your legs,safe
only if we can keep going,safe
you are funny keep going,safe
nice and light around the pink softly exploratory fingers too,safe
no no relax go slow breathe baby breathe,safe
how does that feel,safe
so how have been,safe
would like to know your so pretty,safe
so how can we fix being naughty,safe
like that so wearing much,safe
just shirt must be rather warm though maybe should get more comfortable,safe
can imagine bet look fine,safe
wow im hard now,nsfw
awesome may feel them,safe
your such turn on,safe
the sight im seeing is unbelievable its beautiful,safe
want to kiss you first and feel your tounge on mine,nsfw
plunge my tongue in your wet hole ahhh its so beautiful,safe
well im close so speed up faster and faster,safe
your tounge plunging in my mouth your legs are crossed over my back pulling me in,safe
how feel baby girl,safe
what going on gorgeous we re headed to lil get together,safe
watching the chargers game come be party of the carnage orale,safe
what up pumpkin headed out to watch the game come meet up was sexy boy outside of xs the other night should have just stolen you that night,nsfw
did actually just never saw you boo,safe
think there some demand out here actually know the medical industry in general does good out here,safe
ok gorgeous what part of cali are you in,safe
what girl saint that not right,safe
she sounds like she makes beer,safe
what you getting belligerent at xs lol wish been there to take advantage of you,safe
hey punkin think saw you on cartoon network,safe
hm ll see if can find picture,safe
could just tell you liked to dress up and ride ponies am good or what,safe
gawdamn you re hot when are you coming up here to visit me again,nsfw
but nice pic color run almost went figured try to be normal too lol,safe
girl ll be the one holding you to things like my kitchen counter my bed maybe even wall or two but no time to relent keep things going and have fun,safe
well then think you need to let them know you got to pull over real quick to use the restroom so here know wasn being realistic but had to continue the dominance theme not just because it was the right move but because was feeling it,safe
are you sure about that,safe
gawdamn wish had this earlier already came thinking about you when was in the shower it is ok to bring this stuff up if you ve hit that point with girl,safe
already showed you my chest,safe
you know what want send it,safe
yeah may have to have you ride my face too,safe
looks like it laundry day huh,safe
it laundry day for me tho lol,safe
going to pin you down and slide it inside you while you moan and wiggle around,safe
send me more pics they give me ideas lol,safe
would not be able to keep my hands off your legs more sensual here sex is not just about penetration it the entire experience that makes it so amazing,nsfw
and ill kiss your neck and and slowly go in and out of you,nsfw
want to fill you up and make you scream,safe
want to dominate you and make you mine,safe
miss seeing you look back while pounding you balls deep bent over the bed,safe
want you on your hands and knees while you suck me looking up at me,nsfw
then want you to crawl up on me and ride me hard,safe
want to make you scream while suck on your breasts,nsfw
haha know love the honesty,safe
sounds perfect to me whatre you doing tomorrow,safe
wanna hold you up against the shower wall and kiss you all over your body,nsfw
ill be the bad cop,safe
until kiss your body everywhere and spend some time caressing your breasts and neck,nsfw
started eating you out very gently,safe
we make out intensely,safe
til you scream and slap the mattress with pleasure,safe
want to be in you so bad,safe
want you to grab me and kiss me,nsfw
and youll scream and squirt everywhere,nsfw
if you have to get lube or use your spit and get yourself wet down there,safe
rub harder and harder in circular motion,safe
with your other finger only insert your pinky,safe
finger yourself until you want more,safe
go to your index finger and finger and finger feel yourself inside,safe
imagine how great it feels for me to inside you,safe
man im gonna have some fun with you,safe
yes please wanna see those gorgeous eyes of yours,safe
yeah you got me all riled up,safe
yeah want to see you bent over in high heels,safe
oh yeah what am doing,safe
in your little fantasy,safe
mmm love that feeling when thrust deep inside and my thighs press up against the back of yours,safe
or when youre bent over my bed,safe
might not even have time to take your skirt off,safe
have you ever been with someone or similar height,safe
want you to promise me one thing,safe
tonight you will not move from there until make you come with my mouth,safe
im just gonna lightly wrap my hand around your hair to keep it out of your face and keep little control he over that pretty little mouth,safe
really take your time and enjoy it,safe
shh shh just say thank you daddy,safe
call your boss and tell them you wont be in tomorrow youre going to need personal day to sleep and recover after what do to you all night long,safe
oh yeah what did you want to play with,safe
hmm im not sure guess youll have to tell me,safe
want to lay you down on the bed and take your panties off with my teeth inch by inch,nsfw
are you at work,safe
oh dear god just cam so wonderfully thank you,safe
love how wet you get,safe
that makes me want to even more,safe
then want to kiss all the way down the inside of your thighs,nsfw
all the way down,safe
and slowly spread you open,safe
and gently lick up and down,nsfw
then work my way in,safe
then lick up and down,nsfw
right in the middle,safe
and id curl my middle finger up gently pressing on your spot,safe
and rub up and down,safe
up past it down over it then stop right before pull out,safe
and then would slowly speed it up,safe
pressing harder and harder on your spot,safe
trying to concentrate on my work but all ive been doing is daydreaming about having you bent over my desk with your jeans around your ankles,safe
you back on to me so can finish the job,safe
cant wait to pick you up from the couch and take you to the kitchen counter and pleasure you and then pick you back up and pin you up against the kitchen wall and continue,safe
we can and we should,safe
will you be naked,nsfw
over and over and over,safe
oh yes wont stop,safe
ill make you shake thats such turn on for me,safe
wow thats amazing thank you,safe
im glad didnt stop you,safe
hello sweetie what up,safe
think do but like you to tell me,safe
what do you want to know,safe
shirt and jeans bare feet red pedicure,safe
thong baby black lace sheer and snug,safe
how will you know,safe
mmmm tell me where you want them,safe
way ahead of you baby ve been squeezing my dd when you type,safe
should pull on my nipples,nsfw
like to graze my fingernails across my breasts,nsfw
and then pinch my nipples as hard as can,nsfw
your hands are rough giggles and strong and manly,safe
talk me through it,safe
can taste please just drop have so much to spare,safe
goddamn so hot this is so hot you are so hot,nsfw
please don forget the right one,safe
spreading for you baby oh please baby oh please eat me up,safe
ok back dropped the phone,safe
ok ve got it,safe
omg can believe doing this it huge,safe
dunno if can get it all in but will try,safe
purple clear ish sparkles,safe
all slippery with lube been so long pucker whoo,safe
am omg so nice on my back knees bent,safe
legs crossed and in the air,safe
not yet mmm nice tell me something sweet,safe
you re too big,safe
can believe you talked me into this,safe
ha have candle on my nightstand dare me,safe
ramming my cunt with this candle like sex freak,nsfw
fairly well and ive been naughty sometimes,safe
oh you have no idea,safe
ah so have been told,safe
any way you want,safe
just tank top and shorts,safe
yup guess so there goes the top off of me,safe
im sitting with you on your bed,safe
with just my panties on,nsfw
im afraid not now,safe
first we lay on your bed and pull the comforters,safe
know then start feeling you up,safe
your chest mmhm lickable your abs lick them tooo,nsfw
you can wherever you want too,safe
then find something hard hard like pole mhmmm,safe
play with your head then swallow it down my throat,safe
push your tender meat out of my mouth and lay down,safe
aghhh im sooo wet baby go down on meee puhlease eat me out,safe
mhmmm like it say dirty things to meee,safe
while your other fingers are inside my dripping hole,safe
then do it want it inside,safe
ill talk to in sec after im done,safe
huh who is this,safe
was so drunk don remember much send me picture,safe
even goty phone stolen,safe
oh that right remember now dang never came back sent her picture of me and jlaix beers on our heads lol,safe
well come see me,safe
yeah not actually going to san diego lol,safe
oh do live in,safe
yeah my place is on eastern and flamingo,safe
headed to pt right now where you at hon as you can see before even think about how to start sexting figure out if we can meet up first,nsfw
might be moving out there soon just gonna see if can get job first,safe
it good spot it just cold season now where you from,safe
know of any nursing jobs out there by any chance,safe
we ll have fun watching the game meeting the girls for gym session let keep in touch though,safe
santa paula close to,safe
wow never again lol,safe
oops that was for julie sorry,safe
nope belligerent after xs lol,safe
cartoon network how so lol,safe
haha that my twin how did know,safe
see told it was my twin,safe
going to tear you up lol sexual aggressiveness is huge turn on for girls,nsfw
hey don make promises can keep cuz ll hold you to it silly boy yeah color run was this morning phew,safe
send me pic tho show me whacha workin with,safe
okay dead mouse lol sent pic wearing deadmau mask,safe
rawrr yummy but want more,safe
with family right now damn or else would,safe
but yeah do think she meant here,safe
you already have some in your phone sure,safe
no just bought this phone tuesday lost my phone that night honey,safe
go into the bathroom take pic and send it,safe
really wow in car right now with my girls lol,safe
pff no it can wait it cool,safe
ok now your turn,safe
alright ll go first,safe
no lol that was yesterday at some girls house,safe
don worry you ll like it,safe
oh really tell me more,safe
we need to test this theory,safe
send me pic in your panties,nsfw
it good to be bad sometimes,safe
oh certainly do love when you toss me around and then stick it in me switching positions,safe
well babe im here and ready and willing for you to have your way with me,safe
just being honest haha,safe
good would hope so,safe
sooo like lets do that soon please,safe
cause thats my fav,safe
and have the hot water drip down my back as you grip every part of me tighter and closer,nsfw
god that is so hot,nsfw
please throw me up against anything and everything,safe
where its nice and wet waiting for you,safe
god hope youre hard right now,safe
do you like eye contact when im sucking you off,nsfw
can you orgasm from it,nsfw
whats your recovery time like,safe
feel like somethings missing in my life,safe
im thinking about you bending me over like that though is that really being tease,safe
youre pulling my hair back so that my back arches just bit so you can hit closer to my gspot when youre inside of me,nsfw
size doesnt matter when youre horizontal anyway,safe
you can move the panties to the side,nsfw
if im wearing any,safe
youre very tall lol,safe
dont mind if you set the pace with your hand on my head either,safe
just want it to feel good,safe
will figure out what makes you tick dont worry,safe
tell me how baby,safe
if im around you we wont have problem making sure im well lubricated,safe
who needs sleep when there are so many other fun things to do,safe
no want to play with you first,safe
what does your neck taste like,safe
im about to get shower,safe
could you do one really important thing for me though love,safe
and cuddle me after all this rough lovings,safe
mmmm feel all flush and tingly,safe
well you know how to turn me on,nsfw
can feel your kisses,nsfw
my back is arched just thinking about that,safe
omg so wish you were here,safe
wish could kiss you before bed,nsfw
im craving you right now,safe
want to go all night,safe
only if you want me to be,safe
or could just be wearing pearl thong and princess plug,safe
yeah have very high sex drive lol,nsfw
want to be shaking,safe
can you come over eat me out,safe
sarap mo pagjakulan lalo na sa stream mo,nsfw
amg sarap mong laspagin,nsfw
upo at kantot naman sarap mo,nsfw
ako na ang uupo habang ang dila ko na ang bahala sa yo sarap mo ulit ulitin,nsfw
kakainin ko muna sarap mo talaga,nsfw
ill eat your ass everyday,nsfw
sarap putukan,nsfw
would love to eat you lick you and fuck you,nsfw
putukan mona si tita,nsfw
ang sarap mo po creampie tita,nsfw
check dm tita para maputukan na kita,nsfw
sarap mo tamuran tita,nsfw
sarap mo naman tita,nsfw
sarap mo talaga tita,nsfw
sarap mo tita,nsfw
ang sarap mo,nsfw
grabe ang katawan mo tita sarap mo araw arawin hehehe,nsfw
eto magandang putukan sa new year hehe,nsfw
tara tita putukan kita sa loob,nsfw
opo gusto ko sa loob kita putukan,nsfw
ang sarap mo tita,nsfw
sarap mong pag jakolan tita,nsfw
masakit po maputukan,nsfw
sarap putukan po,nsfw
mamaya pang ang putukan,nsfw
sarap mo putukan,nsfw
kailan kaya ako makakalamas ng gantong kalaking suso,nsfw
sarap mo,nsfw
lamasin moko baby,nsfw
gusto ko sa babae maitim ang utong tapos malago bulbul at kulot ang bulbul ng puke sarap laspagin at kantutin araw araw kakainin sisipsipin gagawin puta gaya ng mga nababasa konsa sex story na may mga sarili silang puta or say sex slave,nsfw
gusto mo sasakay ka sabay lamas,nsfw
lika lamasin kita sbay kain sa baba,nsfw
bakit lamas lang pwede rin ba suck and lick,nsfw
can make lamas your suso while sucking it loo,nsfw
palamas baby,nsfw
palamas ako,nsfw
lamas habang kinakain kita,nsfw
sarap mo marrg,nsfw
tangina sarap mo sagarin kantutin,nsfw
damn curves sarap mo po,nsfw
ang sarap mooooo,nsfw
well ganda eh sarap lamasin saka susuhin,nsfw
sarap putukan nyan ah,nsfw
omfg yes please sarap ng tits at nips,nsfw
sarap mo po,nsfw
ang sarap mo belle pakantot sa pwet mo,nsfw
ang sarap lamasin at isuck,nsfw
mommy milkers tvt,nsfw
sarap mo shet,nsfw
gusto kong sipsipin ang mga tits na iyon na tuyo,nsfw
sipsipin ko yannnnnn sarappppp,nsfw
looks so tight,nsfw
sarap putukan sa loob,nsfw
so tight,nsfw
so tight and yummy,nsfw
sarap mo naman talaga,nsfw
sarap mo talaga hahaha,nsfw
sarap mo iputok ko sa loob mo kung pwede lang,nsfw
sarap mo bakit feeling ko super ganda mo,nsfw
ngayon lang ako nag comment sa ganto pero sarap mo putukan sh,nsfw
sarap sipsip,nsfw
damn so wet,nsfw
yumm wanna have sex with you haha,nsfw
wonder how sensitive those nips really are if they re being played in public,nsfw
sarap mo kainin napajakol tuloy ako at naka dalawang putok,nsfw
sarap mo naman,nsfw
what nice ass have you thought of making longer form of content like this im not complaining or anything but dont mind seeing you have sex in minutes that would be great imo,nsfw
let me eat you from behind first,nsfw
putukan sa palawaaaan,nsfw
ang sarap mo huhu,nsfw
putukan sa palawan,nsfw
ansarap mo op,nsfw
sarap ng katawan,nsfw
sarap mo maam,nsfw
mapuputukanka tlga sa looob,nsfw
may lumalamas na,nsfw
dang pasipsip,nsfw
pinkish nips and pussy for leni,nsfw
sheeeeesh sarap naman pinkish nips ogad,nsfw
na shock ako sa laki nung lumabas boss salamas at more please,nsfw
sarap mo fcvk,nsfw
the white heart covering the nips is probably so that grok won moderate the video generation unless this is actually real and they think someone is going to recognize her by the nips lol,nsfw
si ruru na mahilig sa raw sex at maputukan sa loob si mina na slutty morena si peachy na best performer of them all,nsfw
solid ung st and nd ganyan ung masarap idoggy ung umaalog ung pwet kung ako yan tlga di ko kakayanin mapuputukan ko yan sa loob hahahaa,nsfw
kahit pawis pa yan masarap parin sipsipin grabe,nsfw
sarap mo naman sabayan sa pag jojoging after running sabay narin mag showering,nsfw
ang sarap mo naman po pwede paisa,nsfw
sheet sarap mo naman more po,nsfw
tangina sobrang sarap mo maam,nsfw
unshaved and hard sarap putukan all over,nsfw
sarap mo po kantutin,nsfw
sarap mo din,nsfw
sarap morning sex,nsfw
ang sarap sarap mo,nsfw
can eat your pussy,nsfw
lamasin ko yan oh,nsfw
palamas poo,nsfw
tangina sarap mo naman baby patikim nga,nsfw
sarap mo bro,nsfw
shet ang lambot naman niyan bro pasipsip,nsfw
brod palamas ng secs walang malisya,nsfw
ang sarap mo bro,nsfw
sarap mo lamasin bro one night lang promise,nsfw
mukhang malambot yan bro palamas naman,nsfw
palamas naman bro,nsfw
bro pwede palamas,nsfw
sarap naman lamasin nyan bro,nsfw
bro pasipsip naman bro,nsfw
bro pasipsip pero syet ang hot mo madam,nsfw
palamas naman ng boobs mo br sis,nsfw
bro baka naman pwede lamasin yan,nsfw
girlfriend pussy so tight it feels illegal to say no to some afternoon fucking audio redgifs com watch rashcornflowerblueanhinga,nsfw
sarap mo bhie,nsfw
hi ang sarap mo po nagdm po ako,nsfw
swerte ni carrot man sarap mo kantutin ruru habang kinakain mo ung or hayst naol na lang talaga,nsfw
sarap kagatin ng nips tayong tayo,nsfw
parang nips,nsfw
sarap lamsin at sipsipin,nsfw
sarap mong maging puta,nsfw
id love to eat you out after you,nsfw
tangina ang sarap mo talaga gustong gusto kita makantot,nsfw
cherry nips and beautiful armpits wow,nsfw
ugh sarap mo,nsfw
sarap naman sipsipin nyan,nsfw
pink nips and nice bush nothing better,nsfw
grabe ng sarap lamasin at dedehin next time if ok lang naman sana kita din nipples,nsfw
pang yung firmness sarap mo mi,nsfw
sarap naman swerte ni bf sobrang sarap sipsipin,nsfw
ang sarap lamasin panigurado masarap din dedehin,nsfw
ang sarap mo talaga napaka swerte ni mr carrot sana all,nsfw
congratulations sa dilig mhiee patnubayan mo kamhiieee lol,nsfw
sarap mo kantunin,nsfw
ang sarap nung nips ugh,nsfw
aaaa sarap mo,nsfw
will eat you anywhere sexy mo baby,nsfw
just know she gonna suck your soul when she went on that asian squat hahaha,nsfw
ang sarap magpakalunod sipspin ng sipsipinnnn,nsfw
more lamas pa pls,nsfw
sarap mo talaga baby,nsfw
sarap sipsipin ng katas,nsfw
can suck you instead,nsfw
ang sarap paglaruan ng nips mo,nsfw
sarap mo naman po,nsfw
sarap mo shems,nsfw
ansarap mo pagnasaan,nsfw
so wet,nsfw
so wet yummy,nsfw
sarap mo sipsipin,nsfw
wow so wet and beautiful looking great,nsfw
sarap lamasin,nsfw
fuck sarap ng katawan mo,nsfw
sarap putukan ng kilikili mo po,nsfw
mommy milkers,nsfw
ay gagi ang sarap mo madam,nsfw
ang sarap mo fondue come back to us queen,nsfw
mommyy sarap mo iback hug tapos humawak saa tummy mo,nsfw
can suck your boobs,nsfw
lamas ka kasi ng lamas kaya lumalaki yan,nsfw
palamas,nsfw
sipsipin ko utong mo,nsfw
sarap mooo,nsfw
id eat you out in the car and fuck you,nsfw
wow sarap sipsipin ng puke na yan nakakaalam,nsfw
grabehan sobrang nakakamiss deserve mo madiligan araw,nsfw
wala ba naman lumalamas eh lalamigin ka talaga tabi ako na hahaha,nsfw
tangina ang sarap mo,nsfw
would treat you like this every single day if you were mine,nsfw
nice mommy milkers,nsfw
that air gets circulated haha meant more that when you have sex are you telling me you dont smell of it bit afterward you never sniffed your fingers after fingering girl lol you think the people around you wouldnt catch whiff of that,nsfw
gt get what polyamorous relationship is but its not really relationship if youre spectator eh but shes naked as well maybe shes just taking break that or theyre taking turns polyamorous doesnt necessarily mean they always have to have an active threesome going on every time they have sex,nsfw
would you let me eat your pussy for hours also,nsfw
beautiful nips,nsfw
prefer to eat you out after fill you up helps keep things clean er and tastes so good mixed together,nsfw
does anyone want to have sex with me,nsfw
mmmmmm now come home to me and let me eat your used pussy,nsfw
these are facts have high libido like really high and can not have sex or jerk off for like three days and im dumping huge loads when me and my chick fuck regularly my loads are average size both times we tried for kids got her pregnant the first time nutted in her shits wild,nsfw
absolutely want to suck your tits slap that fine ass and then give you my all by breeding that sweet pussy,nsfw
everyday of every month in the year you bet your sweet pink nips be inside you,nsfw
sarap mong bigyan ng creampie,nsfw
kakadilig lang nga lang dyan,nsfw
tuyong tuyo ah halika nga diligan natin,nsfw
ten id eat your pussy baby,nsfw
then ill suck your tits,nsfw
creamy and musky base sa pic would love to eat you for days,nsfw
sarap mo talaga biii rd ka sa to fuck list ko,nsfw
sarap mo talaga baby ko,nsfw
pa sipsip naman,nsfw
hindi na touch lalamasin ko agad yan,nsfw
lalamasin ko dahan dahan kabilaan saka lalaruin ng daliri yung utong mo paikot para tumigas ipapasubo ko sayo yung fingers ko saka ko lalaruin ulit yang nipples mo paikot para mas madulas,nsfw
got deym that boobies and nips its,nsfw
didilaan ko muna kilikili kasi yan trip ko eh tas pababa ung dila sabay sipsip ng utong habang ung kamay ko nasa pussy mo nilalaro laro,nsfw
didilaan sususuhin sisipsipin at kakagat kagatin,nsfw
sipsip sopas,nsfw
sisipsipin,nsfw
sisipsipin hanggang madeform,nsfw
puputukan,nsfw
and sisipsipin tee hee hee,nsfw
white pale skin pinkish nips fuh you are perfect yumi,nsfw
dont wear bra let people see ur nips,nsfw
oh fuck thats fucking hot so wet,nsfw
turn over ima eat your ass,nsfw
yes want to feel your whole body its so smooth soft your breasts are incredible want to suck your nipples,nsfw
then want you to sit on me while eat you out,nsfw
really want to eat you out until you forget why you had any worries in the first place,nsfw
