,language,category,text_clean,type
22,3,0,paldo to pag pinasok natin sa phub hahaha million subscribers agad,nsfw
32,2,0,at first thought this was from an nsfw cosplay sub and you were cosplaying nude sakura,nsfw
38,2,0,want to see you from the backside in these panties,nsfw
44,1,0,sarap dilaan at kainin gang pwet sabay pasok sa pwet,nsfw
107,2,0,perfect tiddies wanna grab em,nsfw
111,3,0,sali kayo sa tg group onlinebastusanph,nsfw
115,2,0,sali kayo sa tg onlinebastusanphfreeaccess,nsfw
125,3,0,if no one is around you say baby love you of you aint runnin game ps dedehin ko yan ih,nsfw
143,2,0,iyot meet up mam,nsfw
144,1,0,sige lang baby linisan mo para masarap susuoin,nsfw
149,1,0,taena lalabsan agad ako dito dinedede ko pa lang,nsfw
158,3,0,like your bulbol nakaka turn on,nsfw
165,2,0,mmm those nipples look so enticing,nsfw
175,2,0,nibble on your huge nipples,nsfw
179,3,0,hour kami non stop kaya ganan din ang effect after an hour jugjug,nsfw
184,3,0,sarap nipples tigas na tigas,nsfw
189,2,0,welcum back po as always nice bewbs,nsfw
225,1,0,sarap tlga ng kepu nito,nsfw
231,1,0,pasali hehe sarap gangbang,nsfw
246,1,0,pwede ikaw jumakol sakin,nsfw
249,1,0,tang inna maraming beses belle,nsfw
253,2,0,suree cumming right up,nsfw
254,3,0,tng ina mo foreigner nag tatagalog,nsfw
259,2,0,watch my masturbate in my gyms bathroom free one,nsfw
260,2,0,would love to watch you masterbate in the gym bathroom then id drink and lick your sweet juices dry,nsfw
295,3,0,sex vid pra mlaman kng legit,nsfw
297,2,0,looks perfect after sex,nsfw
311,1,0,mas masarap kapag kinantot kita,nsfw
327,3,0,damn so sexy sarap dilaan katawan mo,nsfw
334,2,0,have you tried anal tho,nsfw
343,2,0,we need longer video to finish fapping prof,nsfw
347,2,0,most beautiful vagina on this app,nsfw
370,2,0,man this is so hot would love to see you getting creampie again,nsfw
377,1,0,tng nang katawan yan ang sarap ang lambot,nsfw
388,3,0,sarap naman kumantot ng babaeng to enjoy guys,nsfw
405,1,0,sarap dito sa nakakalibreng boso,nsfw
413,3,0,shet pink nipples hope to see one beke nemen,nsfw
463,1,0,taena ganda ng katawan mo,nsfw
473,1,0,swerte naman ng kumantot sayo,nsfw
483,3,0,cowgirl style naman po gusto ko makita pano mag ride si girl hehe,nsfw
534,3,0,pinayflix vip vip invitation php ref tybepuyf fc,nsfw
537,2,0,yummy nipz and saucy oyster downside,nsfw
551,2,0,pinayflix vip vip invitation php ref wu mjwqrrvs,nsfw
581,1,0,galing talaga ng pokpok kooo,nsfw
622,2,0,three girls three backshots blast the audio and enjoy,nsfw
627,3,0,si mina talaga super slut hehe,nsfw
642,2,0,just want to lick their underarms during cowgirl or missionary,nsfw
645,1,0,sir tirahan mo naman kame ng puday hahaha,nsfw
669,3,0,daam op may phub channel kayo,nsfw
695,2,0,can we uhhhhh sex,nsfw
741,1,0,sheeeeet sarap kainin talaga lalo na pag may bulbol,nsfw
751,3,0,bewbies commenting as bi female hahaha,nsfw
798,3,0,ang sarap suck ng bewbz mo,nsfw
809,1,0,kaya bro pauntog naman dyan ng isa dun sa may nipple part haha,nsfw
860,1,0,laki bro pasuso naman,nsfw
867,1,0,maliit kasi nipples mo kaya parang pang lalaki,nsfw
945,3,0,best moan so far if natagalan ni guy yungnmga ganyan mo then he was also good in his part lakas makadala nung moan eh,nsfw
948,2,0,wanna be fucked as hard as this ugggh,nsfw
951,2,0,yo wtf why did that felt like closure sex,nsfw
957,2,0,yung gantong sex kakamiss,nsfw
960,1,0,tng ina ang sarap tirahin ni ateng,nsfw
961,1,0,sarap pakinggan ng mga unggol ni ate mmmmm,nsfw
972,3,0,difficult request yet worth it thing to fulfill grabee ka bumayo,nsfw
1007,2,0,wala bang yellow basket ung sex chair,nsfw
1050,3,0,wow pwede po iputok sa loob niyo,nsfw
1060,1,0,tangina ang hot neto sarap kumabayo,nsfw
1068,2,0,pinayflix vip vip invitation php ref ppgatr cqck,nsfw
1083,2,0,still waiting for lot sex videos of yours as you mentioned last week heheh,nsfw
1107,1,0,wiw puti ng singit,nsfw
1111,2,0,beautiful breasts on sexy body,nsfw
1124,2,0,small puffy nipples are enough imo they are more than enough size,nsfw
1169,2,0,sexy ng pusod at tyan sarap dilaan,nsfw
1173,3,0,try mo naman mag grocery ng fully naked,nsfw
1179,2,0,let me pierce those nipples,nsfw
1206,2,0,hotel sex compilation hehe,nsfw
1243,2,0,damnnnn thats so lovely you wouldnt mind me fapping to it right,nsfw
1252,2,0,not the pinoy porn titles,nsfw
1302,2,0,morning sex is great,nsfw
1386,1,0,imbes na nagawfh nag lulu dahil dito,nsfw
1414,2,0,girl like you shouldnt need to pay for sex,nsfw
1427,2,0,mas masarap ako kumantot dyan miiiii tamo hahaha,nsfw
1428,2,0,many females have bad luck in relationahips married or single no age bar in exchange of financial help in any city with safety confidentiality and satisfaction to know more kindly dm instagram com huhnottoday giggolo playboy womenlookingformen bdsm submission maleescort lonely women sexual desires,nsfw
1511,3,0,sana nakita ko ung buo pati yung tambok may panty fetish ako eh,nsfw
1548,2,0,glad opted for the nude instead of the two colors,nsfw
1558,2,0,dressing room nudes part of,nsfw
1564,1,0,sarap tigang na tigang ako sayo,nsfw
1574,1,0,ang ganda ng puki mo nakakapaglaway,nsfw
1637,2,0,gago si monmonis ba to ive been looking for you mag mmeet sana tayo,nsfw
1651,3,0,heal mo inner child ko pasusuhin mo ako,nsfw
1742,2,0,ask you to post at bra peeking xx,nsfw
1791,2,0,love those eraser nipples,nsfw
1805,2,0,ngl gonna bust my nuts in you,nsfw
1834,1,0,mas lalake pa yan kapag sinuso ko,nsfw
1899,2,0,ghost nipples are the best imagine putting multiple hickies on that areola,nsfw
1915,1,0,grabeeee ang sarap sobrang biyaya ano kaya itsura pag gising ang nipples,nsfw
1934,3,0,grabeng cum back naman yaannnn,nsfw
1963,2,0,love those brown nipples,nsfw
1966,2,0,impressive yummy nipples good luck on your exams luv,nsfw
2010,2,0,someone could do the same to my mom she is so slut,nsfw
2013,2,0,nah nigga getting clapped infront of his girll,nsfw
2014,2,0,im giving free nudes of my step move write mee,nsfw
2016,2,0,fuk thts hot af,nsfw
2025,2,0,don do that porn have ruined our mindsets please because of your fantasies don ruin your family values,nsfw
2040,2,0,ive seen on xhamster but cant recall,nsfw
2052,2,0,you made me gooning,nsfw
2128,2,0,sex workers are usually pretty active on tinder,nsfw
2138,2,0,beep boop im bot that helps downloading videos nsfw download via tube tube xi ffeb if dont reply to comment send me the link per message np com message compose to downloader amp subject download amp message put your video link here and click send nsfw download more videos from cumsluts tube category cumsluts info np com user downloader comments cju dg info amp amp contact amp creator np com message compose to botbert,nsfw
2182,2,0,you sound like cock,nsfw
2185,2,0,cock bad kinkshaming good,nsfw
2188,2,0,its lose lose at this point everyones cock,nsfw
2195,2,0,we re just here to do the sex offender shuffle,nsfw
2196,2,0,sex offender registry speedrun,nsfw
2221,2,0,imagine getting caught and having to register as sex offender for the rest of your life smfh,nsfw
2228,2,0,how to make the sex offender registry in one simple step,nsfw
2247,2,0,blowjob,nsfw
2302,2,0,bullshit it seems to me,nsfw
2319,2,0,many girls are made for porn but there are just few girls porn was made for and you pretty girl you are the chosen one of porn,nsfw
2331,2,0,lame af she seems completely satisfied when you actually sleep with woman youll realize how much porn as misled you,nsfw
2386,2,0,joints after sex love that,nsfw
2415,2,0,think going to need link to this anal cream pie pic to compair for research purposes,nsfw
2418,2,0,link for the lazy com creampies comments ibfj it took while to scroll down there but damn are there some gems along the way,nsfw
2427,2,0,cause he keeps cumming on her face,nsfw
2489,2,0,he gave her cum stache,nsfw
2651,2,0,look at those nipples,nsfw
2688,2,0,her breasts nipples and areoles are stunning,nsfw
2787,2,0,do you send nudes,nsfw
2913,2,0,the nipples would have made me explode so quick im sucking them and cumming inside at the same time lol,nsfw
2925,2,0,hey know her she let me do her anal,nsfw
2930,2,0,had no idea id find amazing health advice in porn sub,nsfw
3017,2,0,yeah thank you again for this you have no idea how hard it is to find this exact type of porn ive searched high and low for years and ive only managed to find small handful of videos,nsfw
3020,2,0,good stuff billy but the quality of girls and big porn names deteriorated if im honest,nsfw
3041,2,0,this baby talk is huge boner killer,nsfw
3049,2,0,facial girl was but girl giving the handjob had crazy eyez,nsfw
3078,2,0,do not typically comment on porn but good lord,nsfw
3108,2,0,absolutely but dont swallow want cummy kiss,nsfw
3113,2,0,whlwe should always share our sex,nsfw
3134,2,0,yesssssss tongue kiss deeply,nsfw
3136,2,0,id french kiss you,nsfw
3216,2,0,yes id cum inside at once so done,nsfw
3320,2,0,multply by coz you deserve to have an orgasm of around times,nsfw
3382,2,0,sure im always waking up to boner thinking about amp after looking at ur post,nsfw
3396,3,0,sarap lick ko nipples at armpit mo,nsfw
3399,2,0,my weakness shower sex,nsfw
3402,3,0,at nakita ko na nmn yung peborit kong areola,nsfw
3406,1,0,bitin srap susuhin nyn,nsfw
3520,2,0,go get your vibrator,nsfw
3890,1,0,pwet puke,nsfw
3891,1,0,puke,nsfw
3892,1,0,puke please,nsfw
3893,3,0,puke tas pwet pag nagcum ka na,nsfw
3894,1,0,pwet at puke po,nsfw
3895,1,0,oops pauupuin kakantutin,nsfw
3896,3,0,pag asawa ko to titigan ko lang lagi pekpek nito dko lagi ihard fuck pra ndi masira ung kagandahan ng puki didila dilaan ko lang tas soft intimate fuck,nsfw
3897,1,0,ang ganda tignan lalo kapag may naagos na tamod palabas,nsfw
3898,1,0,ofc kakantutin isang grabehan,nsfw
3899,3,0,sarap creampie nyan,nsfw
3900,3,0,kitang titirahin,nsfw
3901,2,0,both eat that pussy til you cum first then fuck that ass til cum in you,nsfw
3902,1,0,baka belle yan sarap ng puke nyan malasa,nsfw
3903,1,0,puke puke puke,nsfw
3904,1,0,dilaan ko muna kiffy mo then banatan kita sa wetpu,nsfw
3905,1,0,grabeng puke yan sarap kainin,nsfw
3906,1,0,kainin ko puke mo pgkatapos kantutin mo pwet mo,nsfw
3907,1,0,ganda ng ekup shet,nsfw
3908,3,0,sa pussy muna then after sa pwet pwede,nsfw
3909,1,0,puke syempre,nsfw
3910,2,0,pussy,nsfw
3911,1,0,upo sa mukha then kantot,nsfw
3912,1,0,pauupuin sa matigas na utin,nsfw
3913,3,0,both yan sakin kakantutin at pauupuin,nsfw
3914,2,0,most gorgeous pussy on the internet,nsfw
3915,2,0,eat then fuck,nsfw
3916,3,0,hays sakit na ng etits ko kaka bate ahaha,nsfw
3917,1,0,palaplap ng puke mo boo,nsfw
3918,2,0,omg wish could eat and fuck both of ur holes,nsfw
3919,1,0,kantut,nsfw
3920,2,0,it matches your pussy lods makes you more cuter and sexy,nsfw
3921,2,0,pass kaya ko ipasok sarili ko hahahahhaha hahati kapa sa kita ko lol,nsfw
3922,1,0,kantutin buong araw,nsfw
3923,1,0,kakantutin malala,nsfw
3924,2,0,rough seggs pagsasawaan,nsfw
3925,1,0,pauupuin habang kinakantot,nsfw
3926,1,0,sarap kainin kantutin tangina ang linis,nsfw
3927,1,0,kakainin pauupuin at kakantutin kainin kita ng nakaganyan tapos nakapatong legs mo sa shoulder ko,nsfw
3928,2,0,why not both sit on my cock and on my face,nsfw
3929,1,0,kakantutin,nsfw
3930,1,0,kantot rabbit haha,nsfw
3931,1,0,kain muna yan bago kantutin sarap maminkmink,nsfw
3932,3,0,sasambahin tangina parang pornstar katawan,nsfw
3933,2,0,holy fuck thats hot,nsfw
3934,3,0,kakantutin ng pa missionary para sagad na sagad kada bayo ganda ng pekpek mo eh,nsfw
3935,1,0,uupo ka sa mukha ko at lalamutakin ko yan bago kita kantutin,nsfw
3936,2,0,sitting on it and fucking it are essentiall the same thing,nsfw
3937,1,0,kakantutin syempre tatamodan nadin,nsfw
3938,1,0,tang inna ung gnyang kagandang puke sino hnd kakantot jan haha,nsfw
3939,1,0,papaututin,nsfw
3940,3,0,kakantutin lalapirutin didilaan kakagatin dadaliriin papagurin papupulahin kikilitiin papasukan ng pipino papasukan ng titi papalu paluin,nsfw
3941,1,0,napaka ganda ng puke neto sure ako napaka cute ng muka neto,nsfw
3942,1,0,sarap dilaan at kantutin,nsfw
3943,1,0,upuan mo ako pagkatapos kantutin kita,nsfw
3944,3,0,kantutan im fucking that pink pussy for hours straight,nsfw
3945,2,0,papauupuin sa aking galit na galit na ari hahahahaha tas sabay hawak sa magkabilang binti at ifufuck sa full nelson cowgirl position,nsfw
3946,2,0,want to hear that laugh in person someday hopefully while eating your pussy,nsfw
3947,1,0,di lang kantot gagawin ko dyan lslapain ko yan,nsfw
3948,1,0,kakantutin na agad yan dahil mahaba haba pa ang araw,nsfw
3949,3,0,tangina sarap kantutin niyan pink,nsfw
3950,3,0,pagkatapos mo pagpalain ang face ko kakantutin na kita siyempre gusto ko lang muna malasahan ang pink pussy mo,nsfw
3951,2,0,eat me lick me fuck me,nsfw
3952,2,0,want to lick that asshole,nsfw
3953,2,0,nice pussy beb you do diode or waxing,nsfw
3954,2,0,best pussy,nsfw
3955,2,0,love to insert my thick cock deep insideyou warm wet tight pussy,nsfw
3956,2,0,fuck yeah,nsfw
3957,2,0,let me lick your both holes fuck your pussy and cum at your face baby east proof detect haikus and sometimes successfully learn amp more amp about amp me com haikusbot opt out of replies haikusbot opt out delete my comment haikusbot delete,nsfw
3958,2,0,let me lick your both holes fuck your pussy and cum at your face baby,nsfw
3959,3,0,ganda ng pussy,nsfw
3960,2,0,creampie material,nsfw
3961,2,0,beautiful pussy,nsfw
3962,2,0,fuckkk,nsfw
3963,2,0,san ba location mo ill eat lick and fuck you,nsfw
3964,2,0,pussy then ass oohh yyeeaahh,nsfw
3965,2,0,would like to very much pound that ass,nsfw
3966,2,0,that perfect asshole,nsfw
3967,2,0,ll never get tired of seeing that pretty pussy,nsfw
3968,1,0,com hubaderangpinay wptnzm gw,nsfw
3969,2,0,yes babe will eat lick and fuck you,nsfw
3970,2,0,will like to lick ur pussy,nsfw
3971,3,0,kung pwede lang everyday creampie ka sakin,nsfw
3972,1,0,sarap ng puke,nsfw
3973,1,0,laki ng puke mo ang sarap habha in,nsfw
3974,3,0,gus ko sana kaso inch lang titi ko,nsfw
3975,2,0,nice pussy,nsfw
3976,2,0,can lick your beautiful pussy and then fill you with hot cream,nsfw
3977,2,0,wanna lick your pussy,nsfw
3978,3,0,tita can cum for you,nsfw
3979,2,0,cum to tito,nsfw
3980,1,0,sarap bulwakan ng tamod sa loob ng pekpek,nsfw
3981,1,0,suso at bilat sarap,nsfw
3982,1,0,sarap kainin ng puke neto mukhang manamis namis,nsfw
3983,3,0,lalaspagin kita tita,nsfw
3984,2,0,fantastic tits love pinay they re so sexy,nsfw
3985,1,0,padede naman po,nsfw
3986,2,0,fuck you look so beautiful,nsfw
3987,1,0,pakantot ako please,nsfw
3988,1,0,sarap ng dede mo po ganyang ganyan gusto ng bf ko,nsfw
3989,2,0,im straight but got horny with your tits imagining us playing each other twins,nsfw
3990,2,0,beautiful tits,nsfw
3991,1,0,kinginang yann,nsfw
3992,1,0,kantutan muna tayo bago ka magbreak,nsfw
3993,2,0,perfrct tits,nsfw
3994,1,0,taeng yan apaka ganda ng dede mo ate hahahhahahahahaha,nsfw
3995,2,0,fuck it lets do it akin na,nsfw
3996,3,0,tangina sobrang sexxxxxxyyyy,nsfw
3997,2,0,the hips the hairy pussy,nsfw
3998,2,0,stunningly gorgeously beautifully deliciously scrumptiously tasty sweet fucking body id love to all day and night long,nsfw
3999,2,0,those curves so fucking hot and sexy pinapainit mo yung malamig na panahon dahil sa tag ulan,nsfw
4000,2,0,nice fucking curves,nsfw
4001,1,0,sarap kantutin,nsfw
4002,2,0,shit,nsfw
4003,3,0,ayokong umasa sa paniniwala may pagasa nga ba na baka ang etits koy mapagbigyan,nsfw
4004,2,0,whole quicksand crush intelligent gold middle murky voracious caption cats this post was mass deleted and anonymized with redact redact dev,nsfw
4005,2,0,homeless intelligent arrest badge cable sleep deranged wise afterthought hard to find this post was mass deleted and anonymized with redact redact dev,nsfw
4006,2,0,really love to show off my boobs,nsfw
4007,1,0,putanginaka ang sarap paglaruan at susuhin ng dede mo,nsfw
4008,1,0,sarap tamuran,nsfw
4009,2,0,and really love how you show them to us those perky boobies,nsfw
4010,2,0,we are thankful hot perky tits,nsfw
4011,1,0,oh dede ka muna,nsfw
4012,2,0,sarap ng boobs nya hays,nsfw
4013,2,0,has my bwc cock rock hard,nsfw
4014,3,0,fuckkkk sarap naman po ipasok sa bibig,nsfw
4015,3,0,ganda ng boobs,nsfw
4016,1,0,grabe sa laki bilog na bilog nakakadik ang dede mo,nsfw
4017,2,0,best pair of tits in,nsfw
4018,1,0,laki putangina bilog na bilog,nsfw
4019,1,0,ganda nang dede ah,nsfw
4020,3,0,padede love,nsfw
4021,1,0,ganda ng suso,nsfw
4022,1,0,pwede pakantot na rin,nsfw
4023,3,0,perfect tits shape padede naman,nsfw
4024,1,0,halika dede ka muna,nsfw
4025,1,0,padede po,nsfw
4026,1,0,padede ako,nsfw
4027,1,0,padede,nsfw
4028,1,0,padede ako please,nsfw
4029,1,0,dede cash yon,nsfw
4030,2,0,fuckk,nsfw
4031,2,0,want my pussy licked in public places,nsfw
4032,1,0,ganda nito outdoor mas nakakalibog,nsfw
4033,2,0,so fvcking damn hot,nsfw
4034,2,0,fucking fantastic bush,nsfw
4035,3,0,fuck ang hot fetish ko talaga naka dress tas walang panty,nsfw
4036,1,0,look for oldies yun mag isa na walang kamalay malay tampal puke kamo,nsfw
4037,1,0,pag maputi tlga na chubby sarap ng pekpek eh,nsfw
4038,1,0,sayang haha kung dito ka samin dumaan nako nakasave na yung kuha mo at pinag jajakulan ko na,nsfw
4039,1,0,tas nahagip pekpek mo sa cctv jan sa inyo no haha,nsfw
4040,2,0,lovely tits,nsfw
4041,1,0,grabeng dede yan,nsfw
4042,2,0,sarap kiss mula pussy paakyat ng tits gang sa lips sabay baon,nsfw
4043,2,0,fuck,nsfw
4044,1,0,lake ng suso mo pwede ba palamog,nsfw
4045,2,0,sarap dila dilaan ng boobs mo,nsfw
4046,2,0,wow good fuck,nsfw
4047,2,0,instinct na ng man mabighani sa boobs cause they once saw it from day one,nsfw
4048,1,0,kinginang dede yan sarap laplapin,nsfw
4049,3,0,tipong magigsing ka na lang tapos bubungad sayo ganyan kagandang pair of tits goodmorning talaga,nsfw
4050,2,0,dare you to leave the dressing room door open at amp go topless wait for man to enter and say aaay let stranger see your boobs videotape it and post it here,nsfw
4051,1,0,yellow neighbor padede,nsfw
4052,1,0,sarap kumantot habang dumedede,nsfw
4053,2,0,one of the best pair of tits ve seen in here damn,nsfw
4054,1,0,tang inang hugis yan ang sarap nalang humiga buong araw buong linggo kapag ganyan katabi ko sa kama wag na kumain nasa tabi naman na yung kakainin hahahaha boss pa cuddle nga isang gabi lang,nsfw
4055,3,0,defaulted to one day will be messaging you on utc wolframalpha com input utc to local time to remind you of this link com hubaderangpinay comments mdrt hi neighbors nk bmuo context click this link com message compose to remindmebot amp subject reminder amp message com fr fhubaderangpinay fcomments mdrt fhi neighbors fnk bmuo aremindme utc to send pm to also be reminded and to reduce spam parent commenter can delete this message to hide from others com message compose to remindmebot amp subject delete comment amp message delete mdrt info com remindmebot comments bko remindmebot info custom com message compose to remindmebot amp subject reminder amp message blink or message inside square brackets aremindme time period here your reminders com message compose to remindmebot amp subject list of reminders amp message myreminders feedback com message compose to watchful amp subject remindmebot feedback,nsfw
4056,2,0,torpedo tits,nsfw
4057,2,0,those tits are perfect,nsfw
4058,3,0,laki ng suso shit,nsfw
4059,2,0,holy shit id love to spend day or two with you when reach the philippines,nsfw
4060,2,0,great tits po,nsfw
4061,3,0,pagod ka na ba halika dumede ka,nsfw
4062,1,0,sarap dumede,nsfw
4063,3,0,sobrang pagod nga penge dede,nsfw
4064,2,0,brand new boobies,nsfw
4065,1,0,wow sarap litaw utong kay misis kasi lubog finding utong eh,nsfw
4066,3,0,napa ka perfect talaga ng tits mo sobrang perky,nsfw
4067,1,0,pag dumede ba ko jan makakalimutan ko na yung pondong ginastos sa sugal ng mga contractor sa flood control,nsfw
4068,1,0,ganda ng suso tayong tayo,nsfw
4069,1,0,sige padede ako,nsfw
4070,2,0,one of the best tits in this sub,nsfw
4071,3,0,sobrang pagod nako padede nga,nsfw
4072,2,0,boobiiiieeeessss,nsfw
4073,1,0,padede si daddy,nsfw
4074,1,0,san ba yan need ko dumede ngayonnn,nsfw
4075,1,0,want dumede after work today,nsfw
4076,2,0,this pussy wants big cock,nsfw
4077,2,0,my bwc wants your pussy,nsfw
4078,2,0,baby cowgirl while sucking your tits,nsfw
4079,2,0,that pussy fckkkk,nsfw
4080,2,0,tight pussy yum yum,nsfw
4081,2,0,the perfect pussy that ever wanted,nsfw
4082,2,0,upuan mo ko sa mukha fckkk,nsfw
4083,2,0,perfect boobs perfect pussy,nsfw
4084,2,0,creampie kitaaaa,nsfw
4085,2,0,pussy how abouy ur ass,nsfw
4086,2,0,would love to cum inside your pussy,nsfw
4087,2,0,ive precummed,nsfw
4088,2,0,prettiest pussy in all of,nsfw
4089,2,0,tried this pussy tight as fuck,nsfw
4090,2,0,tried this pussy before tight asf,nsfw
4091,2,0,yass,nsfw
4092,1,0,this is the best hubaderangpinay spread ve seen today,nsfw
4093,2,0,im gonna eat dat pussy all day,nsfw
4094,2,0,arghhhh the pussy that never fails to get me hard that needs hard hard pounding,nsfw
4095,2,0,the best pussy ve ever seen,nsfw
4096,1,0,taena nakakailang jakol ako pagnakikita ko pukeng ito eh,nsfw
4097,2,0,my cock wants to get in that pussy,nsfw
4098,2,0,beautiful pussy babe,nsfw
4099,2,0,let my bigcock fxck your pussy,nsfw
4100,2,0,that pussy looks sooo tight,nsfw
4101,2,0,perfect pussy,nsfw
4102,2,0,cute and perfect pussy,nsfw
4103,2,0,wow one of the best pussy ive ver seen,nsfw
4104,2,0,tight pussy crave to eat it,nsfw
4105,2,0,pussy to die for sheeesshhhhh,nsfw
4106,1,0,tamuran niyo buong katawan ko,nsfw
4107,1,0,gusto kainin puke mo rapsa,nsfw
4108,2,0,godpussy,nsfw
4109,2,0,bukkake,nsfw
4110,1,0,sarap gangbang sabay lahat kami ipuputok tamod sa katawan mo pati bibig mo,nsfw
4111,1,0,tatamoran ko talaga buong katawan mo,nsfw
4112,3,0,eto ung pinkabest pink pussy pinay ee love ur position belle puta kantotpreso saken pag gnyan kasarap,nsfw
4113,3,0,pwede kipay nalang saka mouthfuck after creampie,nsfw
4114,3,0,ikaw na siguro ang ultimate fantasy ko na makantot,nsfw
4115,1,0,kung sino ka mang nakakantot na kay belle proud ako sayo,nsfw
4116,2,0,ohhh that pussy looks so tempting,nsfw
4117,2,0,watch me getting fucked totally free,nsfw
4118,2,0,so fucking hot,nsfw
4119,2,0,thats pretty pussy,nsfw
4120,1,0,ang ganda ng kiffy mo sarap siguro dilaan nyan,nsfw
4121,2,0,pussy to die for,nsfw
4122,2,0,holy shit,nsfw
4123,2,0,sexy pussy,nsfw
4124,2,0,yummy pussy,nsfw
4125,2,0,best pussy ever,nsfw
4126,2,0,best pussy hands down,nsfw
4127,2,0,absolutely stunning pussy,nsfw
4128,2,0,so fcking hot perfect body,nsfw
4129,2,0,goddess pussy,nsfw
4130,2,0,pussy looks amazing,nsfw
4131,2,0,the nails the tits the pussy hays why so perfect my belle,nsfw
4132,3,0,my most faved pussy salsal lagi ako every time see tou,nsfw
4133,2,0,ve never seen cleaner tighter pussy in all my life,nsfw
4134,2,0,that pussy looks so fucking good,nsfw
4135,2,0,give this woman the pussy of the year award already,nsfw
4136,2,0,godly pussy,nsfw
4137,2,0,so fuckin hot,nsfw
4138,2,0,probably the best pink pussy ive seen here in this sub,nsfw
4139,2,0,what lovely pussy,nsfw
4140,1,0,ganda naman ng pepe mo ate,nsfw
4141,2,0,so cute pussy,nsfw
4142,2,0,besr pussy,nsfw
4143,2,0,sana ma fuck kita soon,nsfw
4144,1,0,tangina sarap,nsfw
4145,2,0,best pussy in,nsfw
4146,2,0,my fav pussy,nsfw
4147,2,0,heres sneak peek of godpussy nsfw using the top posts np com godpussy top sort top amp year of the year pov you re under my desk at work redgifs com watch bleakwarmdarwinsfox comments np com godpussy comments bkmp pov youre under my desk at work do men who eat pussy for their own pleasure exist redd it soz gif comments np com godpussy comments jgnv do men who eat pussy for their own pleasure exist youre brave enough to slide in unprotected right redgifs com watch bubblysorrowfulbichonfrise comments np com godpussy comments px youre brave enough to slide in unprotected right im bot beep boop downvote to remove contact com message compose to sneakpeekbot info np com sneakpeekbot opt out np com sneakpeekbot comments wk blacklist ix github github com ghnr sneakpeekbot,nsfw
4148,3,0,pinaka gandang pussy na nakita ko sa akng buhay,nsfw
4149,3,0,grabe sobrang ganda ng pussy porma na porma talaga,nsfw
4150,1,0,pagjakolan mo nga ako,nsfw
4151,1,0,halos araw araw na kita pinagsasalsalan,nsfw
4152,1,0,kakalabas lang ng tamod ko ngayon,nsfw
4153,1,0,always kang pagjajakulan,nsfw
4154,1,0,jakol lang,nsfw
4155,3,0,gus ko ipahid titi ko boobs mo pti katawan mo,nsfw
4156,1,0,ayaw ko gusto ko makantot kita,nsfw
4157,3,0,petite and flawless body mammii,nsfw
4158,1,0,tangina ang kinis,nsfw
4159,1,0,shet sarap ng dede mo,nsfw
4160,1,0,ganda ng dede mo tang ina,nsfw
4161,2,0,perfect fucking tits,nsfw
4162,1,0,sarap tangina,nsfw
4163,1,0,ganda ng dede,nsfw
4164,2,0,perfect tits,nsfw
4165,1,0,pwede padede,nsfw
4166,1,0,sarap laplapin,nsfw
4167,2,0,heavenly pussy,nsfw
4168,2,0,mhhm love eating pussy after sweaty session,nsfw
4169,2,0,yummy pussy baby love you,nsfw
4170,2,0,nice pussy baby,nsfw
4171,2,0,your body makes me horny,nsfw
4172,2,0,your pussy is so fucking perfect,nsfw
4173,2,0,how about we watch us together masturbating,nsfw
4174,1,0,pwd padede,nsfw
4175,2,0,omg don get caught because we love those titties,nsfw
4176,1,0,hardworking nails,nsfw
4177,3,0,ty sa dede love,nsfw
4178,2,0,would fuck you so hard,nsfw
4179,1,0,pa suso po salamat,nsfw
4180,1,0,sarap ng utong,nsfw
4181,1,0,puke pero didilaan ko yumg pwet,nsfw
4182,2,0,want your pussy hehe,nsfw
4183,2,0,you pussy only babe,nsfw
4184,2,0,that juicy pussy,nsfw
4185,1,0,at puke,nsfw
4186,1,0,parehas masarap tamuran,nsfw
4187,1,0,wow not really into pwet so puke parang ang sarap ng amoy nyan op langhap sarap,nsfw
4188,2,0,my pussy after hard sex free sex vid,nsfw
4189,2,0,let me fuck your pretty little pussy dear,nsfw
4190,2,0,perfect pussy in front of me,nsfw
4191,2,0,beautiful pussy and feet wanna lick both of them,nsfw
4192,2,0,thats the pussy id go round on,nsfw
4193,3,0,ganda ng pussy mo teh sarap tignan at subukan hehehe,nsfw
4194,2,0,god pussy indeed,nsfw
4195,2,0,damn love your pussy,nsfw
4196,2,0,she head to toe perfection and that pussy,nsfw
4197,2,0,perfect toes perfect pussy,nsfw
4198,2,0,wow so sexy though and nice pussy too hehe,nsfw
4199,2,0,watch me cum,nsfw
4200,3,0,ang sarap naman slurp ng cum mo,nsfw
4201,2,0,love it when you masturbate,nsfw
4202,1,0,masarap pag ikaw sana jinajakol ko no,nsfw
4203,1,0,boring naman mag jakol,nsfw
4204,2,0,anong cup size ng boobs mo curious lang,nsfw
4205,2,0,ughhh shit ang sarap,nsfw
4206,3,0,sheeesh kahawig na kahawig ng dede mo yung gumagawa sakin nyan noon kakamiss tuloy haha,nsfw
4207,1,0,true sarap talaga magpakantot sa ganyan hehe,nsfw
4208,3,0,petite check damn so hatt,nsfw
4209,2,0,deym perfect tits,nsfw
4210,2,0,damn thats fucking tight,nsfw
4211,2,0,fucking perfect,nsfw
4212,2,0,breedable po,nsfw
4213,2,0,hot your body reminds me of my wife she had the exact same figure and tits before she bore our baby her boobs are on their way to recovery after years,nsfw
4214,2,0,good god wish you would back that ass up to me like that id be honored to fuck you blind,nsfw
4215,2,0,wanna lick that sexy back and then fuck your ass hard,nsfw
4216,2,0,love to fuck that cute ass,nsfw
4217,1,0,grabe sobrang nakaka libog,nsfw
4218,2,0,after seeing this my cock hard,nsfw
4219,2,0,simply gorgeous ass and delicious pussy,nsfw
4220,2,0,adorable ass your opened cheeks pussy looks delicious to suck,nsfw
4221,2,0,to fuck the air,nsfw
4222,2,0,id eat that sweet pussy for hours,nsfw
4223,2,0,make an ass licking anal vid got the perfect one for it just gorgeous,nsfw
4224,2,0,id fuck in that position all day,nsfw
4225,2,0,be honest is it something that turns you on having someone face in your ass,nsfw
4226,2,0,first creampie vid sarap sa palawan hehe,nsfw
4227,2,0,damn that body and riding skill cant blame carrot for coming like that thank you for the video and for making us all cum hahahaha looking forward to more of your uploads sa palawan enjoy,nsfw
4228,1,0,bat ba ako nagbukas ng dump account jakol malalabhuhu,nsfw
4229,3,0,sarap naman din ni koya just the right size tas matagal ang tigas uuughhh sana maka fuck ako ng tulad nya,nsfw
4230,1,0,daks pala ang carrot ni mr carrot,nsfw
4231,2,0,mmm yeah filipino pussy is sooo tight,nsfw
4232,1,0,kantutan to the max,nsfw
4233,1,0,tangina lord isang order din ng ganito pls,nsfw
4234,3,0,baka pwede po ako sumali as creampie cleaner po,nsfw
4235,2,0,damn such nice view with your ass,nsfw
4236,1,0,tang ina sarap susuhin neto,nsfw
4237,2,0,that one fucking good looking tits would suck on,nsfw
4238,1,0,tangina ganda ng suso mo,nsfw
4239,1,0,grabe grabe sobrang ganda ng shape ng dede mo sana ma message moko at makilala kita,nsfw
4240,1,0,ganda ng suso mo sarap dumede,nsfw
4241,2,0,may ask whats your boobie size coz thats one hellah perfect tits,nsfw
4242,2,0,love the tits,nsfw
4243,2,0,nice tits what great view,nsfw
4244,2,0,like to suck on titty please,nsfw
4245,2,0,damn nice titties,nsfw
4246,2,0,your tits are beautiful,nsfw
4247,1,0,yan yung utong na gusto ko,nsfw
4248,1,0,tangin ang perfect ng dede,nsfw
4249,1,0,pa dede naman po,nsfw
4250,1,0,ganda ng utong,nsfw
4251,3,0,think dito ko lang sa masasabi to nice tits,nsfw
4252,2,0,nice sweet tits and plump pussy mound,nsfw
4253,1,0,ganda ng suso sobrang tigas ko,nsfw
4254,1,0,sakto tong kamay ko na pangtakip sa dede mo,nsfw
4255,2,0,pussy spread pic pls,nsfw
4256,2,0,best fucking tits ive ever seen here,nsfw
4257,3,0,yung may nakahubad na babae na sa harap mo pero sa titi ka pa rin nakafocus ahahahha,nsfw
4258,2,0,spoken like an insecure little bitch who cant pull women lmao bro put up or shut up geez,nsfw
4259,2,0,favorite position ko to cause it looks so good for videos better to do it on the bed and your hands should be on his chest good shit tho,nsfw
4260,3,0,di ah ganda nga ng boobs mo,nsfw
4261,1,0,putangina bakit ganyan life niyo ako naman hahaha,nsfw
4262,3,0,kaya ang porn ang profession may professional pornstar kasi angb hirap lumiyad liyad ng walang training at workout ngalay ka talaga pag amateur ka haha lols,nsfw
4263,2,0,perfect tits nice waist and lovely wish could taste that someday,nsfw
4264,2,0,best pinay tits,nsfw
4265,2,0,wow sexy as fuck,nsfw
4266,2,0,fugging hot squat fuck next,nsfw
4267,1,0,tangina ang sarap,nsfw
4268,2,0,that is the best fucking position op but it is so difficult lol,nsfw
4269,2,0,sarap ng tits tang na,nsfw
4270,2,0,sexy af and nice jiggling tits,nsfw
4271,3,0,titi too small,nsfw
4272,2,0,lumaki yung boobs mo ah,nsfw
4273,2,0,ugh yummy tits,nsfw
4274,2,0,best phgonewild tits ve seen today,nsfw
4275,2,0,god motherfucking damn those are some of them perfect pairs ive ever seen,nsfw
4276,3,0,whats your skincare routine,nsfw
4277,2,0,ugh love your boobs,nsfw
4278,3,0,mahiwagang salamin tumuwad ka na sa akin ikaw ay di mabibitin mahiwagang salamin diyan kita titirahin tyak ang puke wawarakin di ako fans ng bini pero dhil dito napatingin ako ng lyrics ikaw nlng bias ko sa bini ikaw ay isang binibining hubad sa salamin,nsfw
4279,2,0,mirror mirror on the wall when can dive my face on those boobies puzzleheaded ant detect haikus and sometimes successfully learn amp more amp about amp me com haikusbot opt out of replies haikusbot opt out delete my comment haikusbot delete,nsfw
4280,2,0,mirror mirror on the wall when can dive my face on those boobies,nsfw
4281,2,0,mn those boobs are so finee,nsfw
4282,2,0,suckable tits may gad,nsfw
4283,3,0,no way now know your skin care routine,nsfw
4284,2,0,nice tits op,nsfw
4285,2,0,yummy perky tits would love to have taste of those twins,nsfw
4286,2,0,wow you got perfect tits,nsfw
4287,1,0,sarap ng dede mo,nsfw
4288,1,0,sanaol ganyan suso ng jowa,nsfw
4289,2,0,fuck ansarap,nsfw
4290,2,0,tagal mo na di nagpopost ng ganitong vids nakakmiss next time pussy at ahole namn,nsfw
4291,1,0,kakalibog haha,nsfw
4292,2,0,yaaass,nsfw
4293,2,0,oh yeah rub that pussy good,nsfw
4294,3,0,pink ang utong mo kasi leni ka love you na,nsfw
4295,2,0,happy cake day leni thank you cassie sa pa gift mo sa amin,nsfw
4296,2,0,yaaaaassss,nsfw
4297,2,0,fuck so hot followed you there hehehe,nsfw
4298,2,0,kakampinks are so classy dude you wont get this fine of woman on non kakampinks,nsfw
4299,3,0,sheeesh pink na utong for leni,nsfw
4300,2,0,yasss back,nsfw
4301,2,0,fuckk nakailang cum na ako sa videos mo hahahaha,nsfw
4302,2,0,kamukha mo yung classmate ko before pero hindi pala ikaw yun,nsfw
4303,1,0,tangina ang laki,nsfw
4304,3,0,so laki ng boobies,nsfw
4305,2,0,sarap sana dick ko na yung next chos,nsfw
4306,2,0,this is so fucking hot in love,nsfw
4307,1,0,sarap wasak na wasak puke mo nyan,nsfw
4308,3,0,ughh sarap naman tingnan nyan mommy yan na ba minimum daks requirement mo,nsfw
4309,1,0,ok lang sakto lang naman sa butas ng puke mo,nsfw
4310,2,0,damn need to know how many hours can last on that juicy pussy,nsfw
4311,2,0,sinabayan kita mag masturbate hehe,nsfw
4312,3,0,mmm you slut,nsfw
4313,1,0,grabe moans sa dulo tangina ang laki ang hot,nsfw
4314,1,0,di namannn kasi libog na libog ako sis madulas masakit nga lang pag pinilit ko isagad hahahaha,nsfw
4315,3,0,sarap shit petition for the audio,nsfw
4316,1,0,sobrang nakaka libog mowwo art,nsfw
4317,2,0,clara emma rouge peachy oyster when you gonna fuck le clicks and shammami,nsfw
4318,2,0,bro the fuckler,nsfw
4319,2,0,dont know why but peachys shaking her ass make me feel unwise ngl,nsfw
4320,2,0,yung short haired raw fuck,nsfw
4321,2,0,rimjob next pleeease,nsfw
4322,2,0,that ass tho,nsfw
4323,2,0,wow speechless ako dun ahh good looking boobs featuring armpit pa hehe,nsfw
4324,2,0,wow sarap paamoy ng underboobs,nsfw
4325,2,0,those are some nice tits,nsfw
4326,2,0,those tits and braces,nsfw
4327,2,0,made me cum so hard with this one,nsfw
4328,2,0,such beautiful tits great smile,nsfw
4329,1,0,putangina ang sarap,nsfw
4330,1,0,sarap laplapin ng kili kili habang pawis,nsfw
4331,1,0,sarap kainin ng puke nyan lalo ganyang pawis,nsfw
4332,2,0,kagulat yon nice tits,nsfw
4333,2,0,the smell nice tits,nsfw
4334,2,0,shit sarap ng pawis,nsfw
4335,2,0,lemme cum on your sweaty tits while you flex your cute af brace,nsfw
4336,2,0,sarap dilaan ng armpits at underboobs na sweaty huhu sukang tuba nation,nsfw
4337,2,0,ang hot ng smile damn nice tits din,nsfw
4338,2,0,your tits must feel incredible crushed on my chest,nsfw
4339,1,0,napaka solid ng dede mo po maam,nsfw
4340,1,0,my kind of girl gamer and personal slut,nsfw
4341,3,0,yan ang view tapos cumshot goods talaga parang hev abi djk langbhahaha,nsfw
4342,2,0,damn tits,nsfw
4343,2,0,hot stuff definitely worth posting on pornhub,nsfw
4344,2,0,fuck that hot,nsfw
4345,2,0,okay lang yan at least makita ng malapitan yung pag bouncr ng ass mo,nsfw
4346,3,0,ugh mommy padede,nsfw
4347,2,0,amazing boobs,nsfw
4348,2,0,wonderful shape to the boobs,nsfw
4349,1,0,pakantot po,nsfw
4350,1,0,kantot,nsfw
4351,2,0,fuck goddess body,nsfw
4352,2,0,such beautiful pair of boobs its insane gorgeous curves too damn,nsfw
4353,2,0,damn those tits want to svck that its perfect,nsfw
4354,1,0,panalo sarap almusalsalin este almusalin,nsfw
4355,3,0,shet ganda ng boobs mo siz,nsfw
4356,2,0,more pits and tits,nsfw
4357,3,0,damn katawang pang kantutan,nsfw
4358,2,0,perfect boobs,nsfw
4359,2,0,classy,nsfw
4360,1,0,tangina pinaka magandang suso na nakita ko,nsfw
4361,1,0,bilog na bilog yung suso mo madam kasarap naman,nsfw
4362,2,0,dont worry ill make you even sweatier when im done ravaging that erotic little body,nsfw
4363,2,0,the sweat makes it so much sexier wanna slide my dick in between,nsfw
4364,2,0,what is it with you and your sweaty tasty af tits lemme lick off the sweat off of your tits and pits,nsfw
4365,1,0,grabe yang pawisan na dede at kilikili na yan gusto ko ihimod muka ko jan,nsfw
4366,2,0,electric fan niyo yung sa mga classroom nostalgic,nsfw
4367,2,0,holy shit just wanna be inside you,nsfw
4368,2,0,mirror mirror on the wall whos the most fuckable of them all,nsfw
4369,2,0,cute tits,nsfw
4370,2,0,fuck love that curves,nsfw
4371,2,0,is that ai want to fuck it,nsfw
4372,1,0,di libog naramdaman ko eh tangina nagka flashbacks ako sa dalawa kong accounting subjects nung last school year hahaha,nsfw
4373,3,0,eto na ata pinakamagandang dede na nakita ko rito sa reddit like damn ilang mins ko nang tinitignan,nsfw
4374,2,0,perfect tits omg let me suck em up,nsfw
4375,2,0,nice tits can suck them,nsfw
4376,1,0,ganito dede ko tapos tatawagin nyo akong bro,nsfw
4377,3,0,ganda un tits mo bro,nsfw
4378,1,0,lusog naman ng dede mo bro,nsfw
4379,1,0,laki ng suso mo bro,nsfw
4380,1,0,bro padede hahahaha,nsfw
4381,2,0,nice tits bro,nsfw
4382,2,0,nice tits step bro,nsfw
4383,1,0,utong reveal nga,nsfw
4384,2,0,fuck what pair,nsfw
4385,1,0,padede bro,nsfw
4386,2,0,thats some cool tits bro,nsfw
4387,1,0,pwede bang palamog ng suso mo bro,nsfw
4388,3,0,ganda ng boobs mo bro,nsfw
4389,2,0,mamamia bro ill hold your tits,nsfw
4390,1,0,laki ng dede mo brad,nsfw
4391,1,0,pa dede ka naman bro,nsfw
4392,1,0,padede bro angas ng suso mo eh malupitan hahahah,nsfw
4393,1,0,ang laki ng dede mo bro pwede kainin,nsfw
4394,2,0,nice boobs bro,nsfw
4395,2,0,bro sick tits,nsfw
4396,2,0,nice tits mane,nsfw
4397,2,0,id love to send you massive cum tribute if you would accept it,nsfw
4398,1,0,tangina bro,nsfw
4399,1,0,bro padede,nsfw
4400,2,0,anak ng teteng sino umaaaway sayo turo mo saken reresbakan to tapos pa dodo nice boobs,nsfw
4401,1,0,padede brow hahaha,nsfw
4402,2,0,lemme suck da tits,nsfw
4403,1,0,tangina ang sarap ng dede mo,nsfw
4404,1,0,ganda ng dede mo bro,nsfw
4405,2,0,your tits are amazing,nsfw
4406,2,0,no offense to your gf pero fck mukhang masarap kang sakyan eme,nsfw
4407,2,0,and people still think boobs are all there is to sex wild,nsfw
4408,2,0,sus kunwari pa kayo eh hayok na hayok nga kayo sa mabibilog ang boobs and busty lol,nsfw
4409,2,0,like girls in generals big boobs small girls it dont matter to me much more to sex than breast size in dude,nsfw
4410,2,0,ang sarap nyo both op sana may sounds para better aaahhh shit,nsfw
4411,2,0,met or swallowed my cum first night,nsfw
4412,2,0,whats funny is she will probably post something similar very soon wait for it met or swallowed his cum first night,nsfw
4413,2,0,akala ko sadyang sina swallow ang cum sa first meet miss my hookups hahaha,nsfw
4414,2,0,very sexy girl met pinay here who has foreign bf that is away she came home with me did her doggie pulled her hair hard and spanked her butt really hard then when ready pulled out and came in her mouth she acted shocked but few minutes later said how hot it was she was good fuck we kept at it until her partner came back,nsfw
4415,1,0,perfect slut,nsfw
4416,2,0,finally blessed us with that pussy,nsfw
4417,2,0,oh shit this is heaven for me,nsfw
4418,3,0,sarap sarap naman ng boobs mo babe nakakatigas,nsfw
4419,1,0,deyyyyymmmmmm laki ng suso,nsfw
4420,2,0,damn those tits looking fine,nsfw
4421,1,0,nakaka libog yung kanta grabe para kong nagrelapse,nsfw
4422,2,0,ll cum in you like you ain,nsfw
4423,2,0,do me favor just stay still relax and hold your cum,nsfw
4424,1,0,na ol ganyan kataas ang libog ng babae sheeesh,nsfw
4425,2,0,man that bounce is so fucking hot ngl,nsfw
4426,2,0,so fuckinggggg hoooot come ride my hard dickkk,nsfw
4427,3,0,titaaaa paki bayo ako pls,nsfw
4428,1,0,wala ng intro intro putangina sana all,nsfw
4429,3,0,both girls are eating but which one are you eating kiffy or eating hotdog,nsfw
4430,2,0,thats some good pussy licking,nsfw
4431,2,0,fuckin hot,nsfw
4432,2,0,nice tits but those are some fucking gorgeous nipples,nsfw
4433,2,0,nice tits you got there,nsfw
4434,2,0,one of the best pair boobs around,nsfw
4435,2,0,hentai tits amazing,nsfw
4436,2,0,excellent boobs,nsfw
4437,2,0,sarap dilaan and massage po gt,nsfw
4438,2,0,delicious fuck,nsfw
4439,2,0,nice tits,nsfw
4440,1,0,group applicant here manyakis rapist and baptist lol,nsfw
4441,2,0,did he cum inside,nsfw
4442,1,0,tang ina ang galing,nsfw
4443,3,0,laki nmn ng titi niya kainggit,nsfw
4444,2,0,intense good shit,nsfw
4445,2,0,wanna fuck you so hard amd shower my cum all over your pretty tits baby,nsfw
4446,2,0,you can he happy and horny,nsfw
4447,2,0,man dont want to be horny anymore just want to be happy,nsfw
4448,2,0,if ever in london hit me up cause ll fuck ur brains out,nsfw
4449,2,0,definitely will fap to this can have full version or live one,nsfw
4450,2,0,finally real pinay fap material goddess,nsfw
4451,2,0,nice ass,nsfw
4452,2,0,look so sexy bouncing on his cock,nsfw
4453,2,0,omg fuck me like that,nsfw
4454,2,0,holy fuck his finger in your asshole at the end put me over the edge,nsfw
4455,2,0,titty reveal hehe,nsfw
4456,2,0,pussy reveal next,nsfw
4457,2,0,shit so sexy,nsfw
4458,1,0,sarap padede op,nsfw
4459,2,0,tits looking fine af,nsfw
4460,2,0,wanna suck those gorgeous tits,nsfw
4461,3,0,solid talaga titty mo,nsfw
4462,2,0,shit how wish,nsfw
4463,2,0,best tits mm,nsfw
4464,3,0,ganda ng katawan mo tapos yung tits saktong sakto ang hugis,nsfw
4465,2,0,titty and kilikili reveal,nsfw
4466,1,0,sarap nyan ah chat moko malibog ako,nsfw
4467,1,0,tangina,nsfw
4468,2,0,im fucking you while you do it,nsfw
4469,2,0,cant watch before after or while you do it woukd be very busy fucking you instead eto yung normal na mangyayare if ikaw ang kasama good job though,nsfw
4470,2,0,want to breed that bitch,nsfw
4471,2,0,gusto kita ihardfuck,nsfw
4472,2,0,anyone who likes small boobs,nsfw
4473,3,0,small tits slim petite body youre an ideal and heavenly girl for me ngl edit see you like to bake thats cool,nsfw
4474,2,0,me like your small boobs,nsfw
4475,3,0,petite lover here,nsfw
4476,3,0,ang kinis po pahaplos perfect tits for me,nsfw
4477,2,0,well boobs are nice no matter what size,nsfw
4478,2,0,boobs are boobs regardless of size so in saying that those boobies are yummy af,nsfw
4479,2,0,dayummmm would suck those tits for hours,nsfw
4480,2,0,boobs are awesome in all forms and sizes,nsfw
4481,2,0,fucking love it baby,nsfw
4482,2,0,love small boobs uwu,nsfw
4483,2,0,boobs are boobs,nsfw
4484,2,0,stunning boobys dear,nsfw
4485,2,0,very cute big or smol boobs are boobs,nsfw
4486,3,0,your breasts match your slim petite figure id say your pretty hot,nsfw
4487,1,0,mukhang underage pa to ah tangina sarap neto,nsfw
4488,2,0,love small boobs,nsfw
4489,2,0,fap worthy,nsfw
4490,2,0,smallboobsmatter,nsfw
4491,2,0,who doesnt like boobs,nsfw
4492,2,0,holy tits on stick those milkers are huge literal na kapos palad anong cup size mo madam,nsfw
4493,3,0,dude dami sgurong tumititig sa dede mo kahit balot na balot,nsfw
4494,2,0,wow super wititty hahaha,nsfw
4495,2,0,perfect boobies hope to see more of it,nsfw
4496,2,0,awesome boobies good,nsfw
4497,2,0,fuck you re perfect wanna give you baby shower,nsfw
4498,3,0,pwede po dumede mommy,nsfw
4499,2,0,and still so fucking,nsfw
4500,2,0,holy shit they are immaculate,nsfw
4501,1,0,padede ako pwede hehehe,nsfw
4502,2,0,very nice tits for would suck them dry,nsfw
4503,2,0,legit milf perky tits,nsfw
4504,3,0,sent this to my boyfriend last year during work kasi we were sexting tapos sobrang horny namin lmao did not ask permission to post this here but know for sure mat turn on siya pag nakita niyang nagpapakita ako ng boobs here sa hope yall like it,nsfw
4505,2,0,my my duch amazing lovely boobs,nsfw
4506,2,0,you re so fucking sexy ruru perfect tits perfect ass perfect body,nsfw
4507,2,0,amazing as always my dream is seeing you with cum in your mouth,nsfw
4508,2,0,fuvkkkk want to cum inside ruru so bad,nsfw
4509,3,0,release the video with the other girl again this time with the fucking carrot has lot of treasure hidden its time to unearth para lahat ng nandito mainggit,nsfw
4510,2,0,with those tits bulag lang magsasabi na di ka hot,nsfw
4511,2,0,nice ass baby lt,nsfw
4512,3,0,help doc ayaw na lumambot etits ko,nsfw
4513,2,0,holy fuck,nsfw
4514,2,0,your ass is perfect,nsfw
4515,2,0,re enact ninyo scene sa storytelling selma blair ka pero obv mas hot and curvy ka kaysa dun tapos si carrot si teacher then imbes na word fuck me hard just scream out his name,nsfw
4516,1,0,unli kantot nanaman maga nanaman pepe mo dyan,nsfw
4517,2,0,damn that ass looks so hot,nsfw
4518,1,0,baka naman pwedi mapanoud magjajakol lang ako sa gilid,nsfw
4519,2,0,dick between those pussy would be mans dream you guys should do threesome,nsfw
4520,1,0,sheesh grabe ung laplapan ah nkakauhaw grabe kayo hahaha,nsfw
4521,3,0,thats why etits is created,nsfw
4522,2,0,curious lang like have you tried dick between those pussies,nsfw
4523,3,0,pwede bang itry na may tite sa gitna,nsfw
4524,2,0,want to put my cock in between,nsfw
4525,3,0,di ko alam kung saan ako mas kikiligin yung waking up to getting fucked or yung may holding hands habang kinakantot lol,nsfw
4526,2,0,those hanging tits,nsfw
4527,2,0,me too id love waking up and taking that yummy ass deeply in the morning fuck that yummy pussy long hard and deep empty my entire balls inside you in the morning omg,nsfw
4528,1,0,tangina sarap ng gising ko niyan kapag nakantot kita,nsfw
4529,2,0,fuck ang sexy mo,nsfw
4530,2,0,he woke me up by fucking me then telling me he already leaving na,nsfw
4531,2,0,let me fuck you next,nsfw
4532,2,0,need nd cock,nsfw
4533,2,0,nice juicy ass,nsfw
4534,2,0,lucky guy to do anything they want to you and your ass,nsfw
4535,2,0,would love to grab that ass pound that pussy,nsfw
4536,2,0,op your round ass is the bane of my existence,nsfw
4537,2,0,and thats what you call fine ass,nsfw
4538,2,0,that ass is my goal,nsfw
4539,2,0,not an ass man but my god yours just made me stare so perfect,nsfw
4540,2,0,some voodoo shit,nsfw
4541,2,0,this is some next level shit,nsfw
4542,2,0,nice ass po,nsfw
4543,2,0,dont know why but short hair girls to me are so fucking hot,nsfw
4544,3,0,damn bro ako muna titira sa baba nya habang tinitira ka nya sa taas,nsfw
4545,2,0,you have one of the most beautiful boobs that have ever seen,nsfw
4546,2,0,fucking hot love red its my favourite colour,nsfw
4547,2,0,next level shit,nsfw
4548,2,0,amazing tits got ther hope incan taste it,nsfw
4549,2,0,wow nice outfit po and nice boobs din,nsfw
4550,2,0,nice love it when normal girls those not on reddit just to post nudes post stuff like this those titties are hot what size,nsfw
4551,2,0,fucking hot,nsfw
4552,1,0,ganda talaga ng dede mo tangina,nsfw
4553,2,0,can feel the drool forming in my mouth fuck thats hot,nsfw
4554,2,0,love your tits,nsfw
4555,1,0,gandang dede naman nyan,nsfw
4556,2,0,great tits fuckin awesome,nsfw
4557,1,0,tanginang suso yan ang sarap,nsfw
4558,1,0,sarap po ng suso mo ugh,nsfw
4559,2,0,the shape of your boob and how your erect nipple protrudes are just awesome,nsfw
4560,1,0,star nga ang suso mo,nsfw
4561,2,0,im not sure if its the angle but dang thats mighty good looking tit,nsfw
4562,2,0,very sexy and erotic,nsfw
4563,2,0,if im that man would have my hands all over those tits,nsfw
4564,2,0,those tits need some sucking and slobbering,nsfw
4565,2,0,luv your boobies damn,nsfw
4566,2,0,missing your soapy sex soapy tit fuck please,nsfw
4567,3,0,hard fuck para mas talbog yung suso,nsfw
4568,2,0,shet love that tits,nsfw
4569,1,0,sarap iyutin tapos ung gf ko na bahala sa suso,nsfw
4570,2,0,what finish theres no better way to treat lady but to give her nice warm cum shot to the face,nsfw
4571,1,0,ganda ng utong sarap susuhin nyan,nsfw
4572,2,0,panalo sir pang pornhub haha,nsfw
4573,2,0,anal fck that goddess sir,nsfw
4574,2,0,most of my video is my fubu the male escort and the masseur are two different people lol,nsfw
4575,2,0,youd think that with this being his job and all hed have better technique all hips and no knees tsk he fucks like lady,nsfw
4576,2,0,shucks wanna hire too may particular body type ako na gusto kong ifuck ako uuughhh,nsfw
4577,2,0,things id do to ravage that body myself fuck,nsfw
4578,2,0,oh my the way he grabs your hips and ass,nsfw
4579,3,0,well yeah we already talked about that before pero malayo kami haha but its okay my fubu here has the same body figure and dick size as mrcarrot nag eenjoy din naman ako,nsfw
4580,2,0,thats the horny girl,nsfw
4581,1,0,gusto kong kainin ang puke mo,nsfw
4582,2,0,nah ill hit you up if im in the philippines and show you how guy should fuck thats not good enough for you,nsfw
4583,2,0,so fine shit,nsfw
4584,1,0,tangina sana all maganda katawan,nsfw
4585,3,0,sarap talaga ng pussy mo idol,nsfw
4586,2,0,got instant hard on with that wet pussy,nsfw
4587,2,0,the image of that juicy pussy just slapped me on the face,nsfw
4588,2,0,sarap himudin both holes then suck clit hahahaa,nsfw
4589,2,0,mukbang ko pussy mo,nsfw
4590,3,0,damn ang lucky ng maging bf mo perky tits laki din,nsfw
4591,3,0,pussy naman,nsfw
4592,2,0,wheres that ass,nsfw
4593,2,0,absolutely and dont know when ill stop fucking you,nsfw
4594,2,0,fuck hard,nsfw
4595,2,0,hmm can you make me cum,nsfw
4596,2,0,ohmy this made my balls heavy and in an online class fuck,nsfw
4597,2,0,wanna fuck you so bad look at that bodddyyy,nsfw
4598,2,0,fuck syempre,nsfw
4599,2,0,fuck definitely,nsfw
4600,2,0,fuck na fuck este pak na pak pala hehe,nsfw
4601,2,0,fuck for sure,nsfw
4602,2,0,fuck akin ka nalang,nsfw
4603,2,0,fuck all day baby,nsfw
4604,2,0,fuck fuck fuck fuck fuck,nsfw
4605,2,0,fuck yeah hell yeah,nsfw
4606,2,0,definitely fuck,nsfw
4607,2,0,fuck like there is no tomorrow,nsfw
4608,1,0,kantutin kita sa pusod,nsfw
4609,2,0,fuck fuck fuck fuck fuck fuck fuck fuck fuck,nsfw
4610,2,0,always fuck any day any time,nsfw
4611,2,0,yes ma am would love to fuck,nsfw
4612,2,0,fuck fuck fuck lt,nsfw
4613,2,0,fuck and impregnate haha,nsfw
4614,2,0,if choose fuck will let me do it,nsfw
4615,2,0,fuck no doubt,nsfw
4616,2,0,fuckkkk,nsfw
4617,2,0,definitely fuck baby sooooo sexy,nsfw
4618,2,0,fuck all day,nsfw
4619,2,0,take your fucking panties off,nsfw
4620,2,0,so amazing tits,nsfw
4621,1,0,sarap naman dumede,nsfw
4622,2,0,how can assist you ma am lol sa wakas may bagong post,nsfw
4623,2,0,sweet titties,nsfw
4624,2,0,really wanna see you get fck from behind,nsfw
4625,2,0,wow sexy tits,nsfw
4626,2,0,fuck you re so hot,nsfw
4627,2,0,well now have to masturbate nd time today that doesnt usually happen youre actually just fucking hot,nsfw
4628,2,0,good tits,nsfw
4629,2,0,holy smokes your boobies looks perfect,nsfw
4630,2,0,my favorite pair of boobies,nsfw
4631,2,0,great tits,nsfw
4632,2,0,your tits are perfect,nsfw
4633,2,0,wow you re so beautiful with amazing tits,nsfw
4634,2,0,awesome tits,nsfw
4635,2,0,can give you boobs massage,nsfw
4636,3,0,yum pretty pussy tas wet sarap kainin,nsfw
4637,2,0,love your swole clit,nsfw
4638,2,0,sarap even the asshole wink is inviting,nsfw
4639,2,0,fuck ang sarap,nsfw
4640,2,0,now thats nice pussy,nsfw
4641,3,0,fucking hell ikaw talaga dahilan bat ako nag ms peach,nsfw
4642,2,0,thats the same guy you always fuck,nsfw
4643,2,0,wow hot will fap for,nsfw
4644,2,0,lucky if only you were local mfm here we cum,nsfw
4645,2,0,beautiful ass,nsfw
4646,2,0,fuck solid,nsfw
4647,2,0,nah im just inviting you to fuck,nsfw
4648,2,0,god wish could make you wet and cum,nsfw
4649,2,0,lemme make you obsessed with backshot mirror selfies,nsfw
4650,1,0,hinay hinay sa pagpost baka bigla kitang kantutin jan,nsfw
4651,2,0,tassive mits baby,nsfw
4652,2,0,they look massive,nsfw
4653,2,0,love your sexy body and them big beautiful tittys,nsfw
4654,3,0,lol ang laki sarap blowjob gamit yan,nsfw
4655,3,0,ughhhh tits to die for talaga,nsfw
4656,1,0,solid tanginang yan hahahaha,nsfw
4657,2,0,true looks massive without bra,nsfw
4658,1,0,grabe sarap sarap ng suso mo ang sarap lamutakin,nsfw
4659,2,0,hmmm could like that tits all day,nsfw
4660,2,0,wish could give you nice massage right now,nsfw
4661,2,0,very nice tits,nsfw
4662,2,0,looove those pointed boobies,nsfw
4663,2,0,let me work on that tits,nsfw
4664,2,0,damn that sports bra did its work yummy sweaty tits,nsfw
4665,1,0,sarap susuhin dede mo,nsfw
4666,2,0,sweaty tits are so sexy,nsfw
4667,2,0,more sweaty boobs and armpits please,nsfw
4668,2,0,fuck that,nsfw
4669,3,0,solid sarap talaga kantutin ng mga milf body,nsfw
4670,2,0,no those tits way look too good out of those sports bra real surprise,nsfw
4671,2,0,fuck wanna lick ur hairy armpit,nsfw
4672,2,0,fuck ang hot ng armpit hair mo,nsfw
4673,2,0,someone said look like latina daw na may jav boobs,nsfw
4674,2,0,stupendous boobs,nsfw
4675,2,0,it looks like jav pussy also,nsfw
4676,2,0,wish could at least see her pussy,nsfw
4677,2,0,how your pussy looks,nsfw
4678,1,0,tangina perfect,nsfw
4679,2,0,your boobs resemble that of tsukada shiori,nsfw
4680,2,0,them tits are bomb,nsfw
4681,2,0,why are you getting downvotes some people are shit,nsfw
4682,2,0,love your lips and titties,nsfw
4683,2,0,shit sarap,nsfw
4684,1,0,kagulat ung nd pic muntik nako dumede sa screen ko,nsfw
4685,1,0,tangina swerte nung kasabay mo hahahahahahaha apaka hot grabeee,nsfw
4686,2,0,those are fucking beautiful booking my flight now,nsfw
4687,2,0,damn thats tits to dream of,nsfw
4688,2,0,pefecft tits ang hot,nsfw
4689,2,0,fuck thats perfect,nsfw
4690,2,0,approach the car then ask for permission can caress those tits,nsfw
4691,2,0,best tits ive seen in here,nsfw
4692,2,0,blessed is thy tits,nsfw
4693,1,0,pa dede nman,nsfw
4694,1,0,kakagising ko lang at eto una kong nakita napajakol ako if see that through the car window auto hard on,nsfw
4695,1,0,teh suso mo labas,nsfw
4696,1,0,uhmm yummy padede,nsfw
4697,2,0,holy fuck more public flash please,nsfw
4698,2,0,big tits with hairy pits aghhh,nsfw
4699,3,0,sarap laplapin ng hairy armpit mo,nsfw
4700,1,0,pwedw ba dumede,nsfw
4701,2,0,more hairy armpits with boobies,nsfw
4702,2,0,your boobs are so fir and big the best have seen till date,nsfw
4703,3,0,sobrang ganda naman ng tits mo,nsfw
4704,2,0,love ur tits and armpits,nsfw
4705,2,0,love it your pits and tits,nsfw
4706,3,0,sobrang perfect tits sarap dedehen,nsfw
4707,2,0,id love to caress and massage it while we shower together,nsfw
4708,2,0,let me kiss those titties for,nsfw
4709,2,0,fan of mine said my tits are straight up made from hentai or manhwa lmaooo,nsfw
4710,2,0,those are some amazing tits,nsfw
4711,3,0,damn sarap dumedendyan habang bumabayo,nsfw
4712,2,0,indeed they are amazing tits,nsfw
4713,1,0,ganda ng suso mo,nsfw
4714,2,0,best tits,nsfw
4715,2,0,beautiful tits you got there,nsfw
4716,2,0,this has got to be the best tits here,nsfw
4717,2,0,your tits said keep your eye contact here lol,nsfw
4718,2,0,sarap ititfuck,nsfw
4719,2,0,nice huge boobies,nsfw
4720,3,0,yung finufuck ka naman pls missionary pov,nsfw
4721,2,0,na aappreciate namin boobs mo,nsfw
4722,2,0,wifes big boobs,nsfw
4723,1,0,ako nmn huhu sarap pakantot,nsfw
4724,2,0,hope youll have pov cam version for this nice bouncy tits envy your view,nsfw
4725,2,0,nice tits sarap play,nsfw
4726,2,0,aamazing tits,nsfw
4727,1,0,ate padede po,nsfw
4728,1,0,pwede pa dede habang nag lalaro ng valo,nsfw
4729,2,0,wow succulent tits,nsfw
4730,1,0,waaa dede,nsfw
4731,2,0,such beautifull big pussy,nsfw
4732,1,0,fat kiffy,nsfw
4733,1,0,tambok ng pekpek sarap papakin,nsfw
4734,2,0,body tea amazing and that juicy fat pussy,nsfw
4735,2,0,thats queens pussy so ready for all kinds of sexual escapades,nsfw
4736,2,0,that pussy looks so yummy and tight,nsfw
4737,2,0,fck so hotttt rub that clit,nsfw
4738,2,0,wanna eat that pussy in parking lot,nsfw
4739,2,0,your pussy is so tiny looks delicious,nsfw
4740,2,0,id love to see you cum,nsfw
4741,2,0,id love to eat that pussy,nsfw
4742,2,0,pretty pussy and love the hair,nsfw
4743,2,0,your pussy is nice but too much wrinkles smiley,nsfw
4744,2,0,pass haha,nsfw
4745,2,0,man could keep jerking forever those tits are majestic,nsfw
4746,2,0,no it was wonderful nut while admiring your amazing boobs,nsfw
4747,3,0,holy shit laki naman nyan can you lick your own nipples babe,nsfw
4748,2,0,holly fuuck the prettiest tits ive ever seen,nsfw
4749,3,0,grabe nmn yng prang npkfull suffocate me with your tits babe,nsfw
4750,2,0,how do you have to nice titties making me suck on them would ruin my nnn,nsfw
4751,2,0,fck,nsfw
4752,2,0,no tits are perf,nsfw
4753,2,0,ruined already thinking and imagining titjob with those massive warm titss,nsfw
4754,1,0,tang inang suso yan sobrang sarap,nsfw
4755,3,0,oww pinkish pero di parin ako magjajakol,nsfw
4756,1,0,tara kantutan tayo maam,nsfw
4757,3,0,sarap lambot boobs laki pa,nsfw
4758,2,0,thanks for sharing you got my french cock all hard,nsfw
4759,1,0,bakit ang sarap dumede sa umaga healthy daw yun,nsfw
4760,2,0,love your titties,nsfw
4761,1,0,tangina ang lake haha,nsfw
4762,1,0,nakakalibog ka po sobra,nsfw
4763,1,0,nilalamig na dede,nsfw
4764,1,0,solid dede boss,nsfw
4765,1,0,painitin ang dede,nsfw
4766,2,0,why do most filipinas have light pink and large titties urs is sooo stunning,nsfw
4767,2,0,wow great boobs,nsfw
4768,2,0,tit perfect,nsfw
4769,2,0,post exam boobie pics dump,nsfw
4770,2,0,love your boobies,nsfw
4771,2,0,hopefully you did as amazing on your exams as your tits look,nsfw
4772,3,0,ang lake at ganda ng boobs mo,nsfw
4773,2,0,hope exams went as well as the boobies are looking,nsfw
4774,2,0,love them big titties,nsfw
4775,2,0,gorgeous boobs what about the poonannie,nsfw
4776,1,0,sobrang ganda naman ng dede mo madam,nsfw
4777,1,0,padede pls tg quickfix,nsfw
4778,2,0,one of the best tits here sa,nsfw
4779,3,0,ugh masakit na titi ko pls go lang,nsfw
4780,2,0,nice tits pakagat ummm,nsfw
4781,3,0,dede ang sagot sa pagod,nsfw
4782,2,0,yes yes thats it fuck that bitch ra,nsfw
4783,2,0,my fav pornstar,nsfw
4784,2,0,wanna fuck your hot sexy face,nsfw
4785,2,0,wash my dick with your tongue,nsfw
4786,2,0,com nd cum in dm,nsfw
4787,2,0,best boobs iv ever seen,nsfw
4788,2,0,my tits are please grab them and slap them,nsfw
4789,2,0,damn girl those are big ones will grab and slap them around pinch those nipples suck those big tits ur dms open,nsfw
4790,3,0,id be fucking this slut she got such big tits to grab on and her expressions are like good cumslut,nsfw
4791,2,0,if were her rn id want him to squeeze my tits tighter,nsfw
4792,2,0,her boobs,nsfw
4793,2,0,those tits can swing on my face,nsfw
4794,2,0,bigass stepmom,nsfw
4795,2,0,can someone dm me wanna fuck my step mom,nsfw
4796,2,0,how about you me your me some wilde fuck,nsfw
4797,2,0,someone pls fuck me like this next to my family,nsfw
4798,2,0,guys its sarah black in pornhub,nsfw
4799,2,0,gng are we deadass,nsfw
4800,2,0,shit if you hit be sure to tell us,nsfw
4801,2,0,wish could fuck my stepmom like this,nsfw
4802,2,0,dm me to jerk off with celebs,nsfw
4803,3,0,petite teens are easy to fuck,nsfw
4804,2,0,want to watch my aunt getting fucked by her husban so hard,nsfw
4805,2,0,wish could fuck her,nsfw
4806,2,0,she has gorgeous tits,nsfw
4807,2,0,wanna fuck her so badd,nsfw
4808,2,0,bro nutted,nsfw
4809,2,0,nutted,nsfw
4810,2,0,nice fuck,nsfw
4811,2,0,me when the tits,nsfw
4812,2,0,wanna grope and pound her hardddd,nsfw
4813,2,0,dm to jerk off with celebs,nsfw
4814,2,0,love the fact that she not really into it she just taking dick like she supposed to because if she truly loves her son she will spread her legs whenever asked,nsfw
4815,2,0,years of poor masturbation habits have destroyed your erection quality and penile growth to regain what could have been yours through exercises and improving blood flow consult us drop dm on coisaxtion on instagram,nsfw
4816,2,0,mutual fap,nsfw
4817,2,0,wow super lovely boobs,nsfw
4818,2,0,let me be ur fucking son,nsfw
4819,2,0,true he fucking good looking women,nsfw
4820,2,0,cuck here any horny bulls here ende amme pati paranj adikam,nsfw
4821,2,0,fuck yea lt,nsfw
4822,2,0,fuck that horny milf,nsfw
4823,2,0,just like me and mom daily fucking,nsfw
4824,2,0,squeeze her fuvking nipples dumbassss,nsfw
4825,2,0,want an arab woman to be whore who will never be satisfied,nsfw
4826,2,0,hot as fuckk boy,nsfw
4827,2,0,thats not her son is plowing her bitches line up to fuck this dude guess hes got good dick why yall label it mother son what its not stupid fucks,nsfw
4828,2,0,want to fck her,nsfw
4829,2,0,she is beautiful and her facial expressions makes me think that she is getting forced fuck like blackmail and bang,nsfw
4830,2,0,my best friend wanted to be eat my bfs cum with me on her bday oc,nsfw
4831,2,0,had some with ex wife and friend and the best part was both girls sucking my cock and kissing at the same time that ll make man feel like god,nsfw
4832,2,0,certified street talk analyst here hes saying that he would masturbate furiously to this for years if he was the guy in this ffm female female male combo,nsfw
4833,2,0,need more content of chicks getting absolutely slammed while cuddling and making out holy shit,nsfw
4834,2,0,where the fuck do you find girls like this,nsfw
4835,2,0,hoky fuck how do get invited to join next time,nsfw
4836,2,0,you lucky dick hate you lol,nsfw
4837,2,0,and its fucking gone,nsfw
4838,2,0,need dirty whore like that,nsfw
4839,2,0,well isnt that just hot as fuck,nsfw
4840,2,0,fucking hott,nsfw
4841,2,0,mmm fucking hot yesss mmm,nsfw
4842,2,0,props to this guy holy shit wish could fuck like that,nsfw
4843,2,0,take that dick mar,nsfw
4844,2,0,why dont you girls have reverse gangbang where you all fuck your bf,nsfw
4845,2,0,fuck thats hot,nsfw
4846,2,0,looks like all need third to lick that cum off her hip,nsfw
4847,2,0,fuck in love,nsfw
4848,2,0,fuck my sister nicely,nsfw
4849,2,0,oh sure but when ask to fuck my friends boyfriend im whore need new friends smh,nsfw
4850,2,0,love getting cumshots in my mouth in public,nsfw
4851,2,0,dont get paid enough for this shit,nsfw
4852,2,0,dont know what kind of eyes you have but cant see shit,nsfw
4853,2,0,you can see the shadow of the flight attendant and then you just barely see her and then she walks away probably saw it and was like oh fuck no not dealing with this crap and heads right back,nsfw
4854,2,0,idk maybe that their first reaction to guy getting blowjob next to him was to stay in his seat and jack off,nsfw
4855,2,0,bruh you almost made me shoot my load from laughter fucken animal,nsfw
4856,2,0,so they just let them masturbate on flight full of people,nsfw
4857,2,0,serious jellyfish march quiet sink aware mysterious placid history fanatical this post was mass deleted and anonymized with redact redact dev,nsfw
4858,2,0,have you heard the dave chappelle bit about public masturbaters and what happens when you try to stop them,nsfw
4859,2,0,you squeeze your tits together oh no oh no,nsfw
4860,2,0,smellz like cum in here,nsfw
4861,2,0,either they got caught or it staged like most hq amateur shit anyone that been on plane knows there no type of privacy whatsoever ever,nsfw
4862,2,0,yep was on pretty short flight recently and took the aisle seat so kinda drunk couple could sit together within minutes of taking off the guy put his armrest up and they made out like horny high schoolers lol the woman was sitting next to me though so her leaning over meant had little more wiggle room yay anyway one we got to cruising speed they undid their seatbelts and im pretty sure the guy just started fingering her sneakily was exhausted and didnt want any part of it so just kept my headphones on and let them have their moment it didnt go on for very long before they just fell asleep together which was so friggin cute it did stink little though but they also took their shoes off,nsfw
4863,2,0,you wanna talk to people mid jerk suck,nsfw
4864,2,0,also the guy cock is small enough for the stewardess not to notice,nsfw
4865,2,0,how the fuck did they not get caught how is this even possible lol,nsfw
4866,2,0,he still may not want to be in some random persons blowjob video lol,nsfw
4867,2,0,this is nasty for the passengers but amusing for us idk what else to say,nsfw
4868,2,0,honestly what they did was pretty fucked up though wouldn feel bad for them like come on other people don want to be forced to be around your sex life especially in public there high chance there were kids nearby too these people need to use their brain to think about other people and the risk reward consequences and also the fact that they blurred their own faces out but left the other passengers in it that really cool sure theyd love that if they found out,nsfw
4869,2,0,thank you everytime see shit like this think that but if say something everyone downvotes me for being prude,nsfw
4870,2,0,gt thank you everytime see shit like this think that but if say something everyone downvotes me for being prude to be fair you are prude in sexy sex sub its relative term,nsfw
4871,2,0,hot but listen woman you gotta catch every drop don that dribble down onto the seat for the next passenger come on,nsfw
4872,2,0,well yeah no dick no crime the judge probably,nsfw
4873,2,0,spoiler alert they did and probably felt uncomfortable af flight attendants see everything plus even if you dont see it half the plane will be wondering why it suddenly smells of cum and pussy just assume she gets her bear trap out at some point,nsfw
4874,2,0,im sorry half the plane will be wondering why it suddenly smells of cum and pussy um either youve never had sex or youve been with some smelly nasty women also if your cum stinks like that you may wanna get yourself to doctor,nsfw
4875,2,0,lmaoo can make this shit up,nsfw
4876,2,0,imagine being recognized on the street by someone only as the bystander in airplane mouth cum video lmao,nsfw
4877,2,0,yeah and also imagine your leverage when they point it out oh so you were watching someone sucking dick on an airplane huh do that all the time do you,nsfw
4878,2,0,uhhh when have time yeah stay pretty busy though what with all the sucking dick on planes and all,nsfw
4879,2,0,yeah that website is sketchy as fuck but thats how the link stays up lol,nsfw
4880,2,0,happened to me maybe or years ago was dating an italian girl and one evening we were taking the train from london to peterborough where lived at the time she had high sex drive and while like sex as much as the next guy definitely struggled keeping up with her at times but anyway on the train we started making out little we were in the end of the carriage with door leading into the next carriage right beside us which the train staff would come through now and then and people sat maybe or rows ahead of us fairly quiet but certainly not empty she started rubbing my dick through my jeans which drive me mad and was pitching quite an obvious tent and that was fun in itself but then before could say anything she was unzipping me and had my dick in her mouth was so on edge and nervous of being caught but who the hell tells girl to stop sucking their dick nobody interrupted us or seemed to notice what was happening but as was getting close to cumming we pulled into station told her to stop we were literally passing people on the platform and couple of them might have seen us for second but she kept sucking came in her mouth just as the train rolled to stop and the doors opened and it was probably one of the biggest loads ive ever had it was insanely hot and terrifying in equal measure not my usual thing whatsoever and havent done it since im generally against people doing that in public its gross for everyone else that has to be around you by it was also one of the most exciting things ive ever done sexually so id agree with you that guys have to be crazy to do it or you have crazy woman who can get you to do anything once they have their lips on your cock know people will say this didnt actually happen but whatever,nsfw
4881,2,0,gotta stick my dick in crazy at some point,nsfw
4882,2,0,damn that cock is beautiful,nsfw
4883,2,0,listen not gay but from one dude to the other nice cock,nsfw
4884,2,0,this is your captain speaking we are making our final descent please return your seat to the non blowjob position and pass any sticky napkins to our flight attendants thank you,nsfw
4885,2,0,good fucking girl but please make sure to swallow it all next time love your hand technique at the end though astonishing,nsfw
4886,2,0,perplexed how does this bitch have the shame to sensor her face but not give shit about filming another dude who not part of her sex act know what sub this is and that everybody here wants to bust nut but objectively just kind of public exploitation is fucked up,nsfw
4887,2,0,that dude has really nice cock,nsfw
4888,2,0,fuck the guy listening to audible this guy is wearing corduroys,nsfw
4889,2,0,wow they actually fucking did that that is insanely fucking hot,nsfw
4890,2,0,wont work for me im uncircumcised that shit make noise,nsfw
4891,2,0,kind of dick move not cool,nsfw
4892,2,0,bet they just used green screen and edited this shit no way they get away with that,nsfw
4893,2,0,cum and then die holy shit,nsfw
4894,2,0,thats what thought but it actually in her axe wound freeze it seconds in and you can see her tight balloon knot dudes got floppy dick and she sucks him down to his fupa,nsfw
4895,2,0,what happened to you man why are you talking like that caveman shit you probably need some stuff checked out,nsfw
4896,2,0,get this very often because my dick is small and she doesn hurt and it ez for her it like the meme have won but in what cost,nsfw
4897,2,0,anal and deep throat fuck what more can you ask for,nsfw
4898,2,0,all can appreciate this first comment made out of genuine curiosity but every comment afterward was it kind true necessary helpful the thing that you guys are seeing could be multitude of things for yes his cock naturally hangs in downward curve but if you look at most other videos he rock hard in this one particular video and maybe some others he the teeniest bit softer because when you film in public you get lots more nerves and jitters which can affect your sexual performance so the simple reason he softer in this specific video is just because we filmed it in public location and he was nervous he came quickly as well happens to the best of us he not soft in every video and we re not lazy drug addicts thanks,nsfw
4899,2,0,thank you for defending his cock,nsfw
4900,2,0,the cock warden,nsfw
4901,2,0,good lol the weird fucks talking shit about your dudes dick have almost certainly never used their own dicks ever so they decide that they would do better than that it legit embarrassing as fuck lmao,nsfw
4902,2,0,dazzling vase foolish instinctive squeal exultant mountainous rotten direction puzzled mass edited with redact dev,nsfw
4903,2,0,fuck everyone else youre doing amazing honey,nsfw
4904,2,0,the cock crusader,nsfw
4905,2,0,at this point im concerned either he has some form of weird floor bending cock or blood pumping issue anyway hard to watch this and not think ouch this can break,nsfw
4906,2,0,wise man once said every pussy got good fucks in it during the st fuck youre like nah im tired of this one time to move on,nsfw
4907,2,0,correction taste of dick and asshole,nsfw
4908,2,0,that cock is in her pussy,nsfw
4909,2,0,coming back for research purposes actually saved this gif because enjoyed it so much also initially thought his cock was in her asshole but it seems she has really tight pussy would you not enjoy it if she sucked it after being in her pooper,nsfw
4910,2,0,how does it feel when you have taste of dick and vagina together always question in my mind,nsfw
4911,2,0,horny woman first nice fuck and she sucks it empty great,nsfw
4912,2,0,holy shit please make more of these throbbing,nsfw
4913,2,0,it not in her ass,nsfw
4914,2,0,am saying he is not hard because he fucked her over times and he is not into her he is just going thru the motion men who fuck women understand for every hot woman out there theres guy that got tired of fucking her,nsfw
4915,2,0,bitch is higher then plane,nsfw
4916,2,0,fucking beaut would love to be on both sides of something like this,nsfw
4917,2,0,she deserves real dick,nsfw
4918,2,0,right in the ass,nsfw
4919,2,0,dawg im looking for oc artists what the fuck,nsfw
4920,2,0,hell yes baby girl fuck,nsfw
4921,2,0,her hair is so fucking cute,nsfw
4922,2,0,holy fuking shit,nsfw
4923,2,0,if you want to see me cum write me,nsfw
4924,2,0,someone never seen jackass,nsfw
4925,2,0,lucky guy cant get girl to take my thicc bbc in her ass,nsfw
4926,2,0,holy fuck someone come give me the same treatment,nsfw
4927,2,0,fucking hell wouldve grabbed her waist and rose like jockey in the preakness and emptied myself into her the condom had on,nsfw
4928,2,0,cute af but you need bigger cock to play with baby,nsfw
4929,3,0,you re such good slut,nsfw
4930,2,0,ride nf fuck nd deepthroat pie,nsfw
4931,2,0,lot of haters here criticizing his dick but wish to be in his spot,nsfw
4932,2,0,my bf pounded my bestie and licked all the cum off her ass oc,nsfw
4933,2,0,fucking beautiful,nsfw
4934,2,0,the way her bestie was rubbing his leg by the end of it she was catching feels for that dick,nsfw
4935,2,0,im tryna beat my shit then see this comment got me dead asf,nsfw
4936,2,0,wow this is hot as fuck,nsfw
4937,2,0,he lucky man to get to fuck the two of you wow,nsfw
4938,2,0,mean to say that oc the one smoking has probably not had her bf the male in the gif actually fuck her instead of someone else get what polyamorous relationship is but its not really relationship if youre spectator,nsfw
4939,2,0,its probably been months since she had her bf fuck her,nsfw
4940,2,0,so close to licking her asshole,nsfw
4941,2,0,this is legit art and passion but dirty at the same time boner confirmed,nsfw
4942,3,0,download mp savemp red url com cumsluts comments nngj my bf pounded my bestie and licked all the cum gzvwgdq amp sound on size mb duration sec feedback com user downloadmp comments ltux feedback dmca savemp red url com cumsluts comments nngj my bf pounded my bestie and licked all the cum gzvwgdq amp dmca,nsfw
4943,2,0,id rather make that scara run and cum over those cumbrella lashes,nsfw
4944,2,0,get some bitches or touch grass brother either way get away from the internet,nsfw
4945,2,0,how do people get into these situations seriously this is ridiculous some slagathor just puffing away while the adonis smashes the ass slagathor friend and then when the cummening happens slagathor laps it up like dogette and mr cumshot just rolls home to his mums house for fucking wholesome meat and potato pie fuck off,nsfw
4946,2,0,get the fuck out of here this is what reddit porn should be about classic gone wild vibe,nsfw
4947,2,0,this is so fucking hot wish could join,nsfw
4948,3,0,beep boop im bot that helps downloading videos download via reddit tube redirect videodownloadnode com redirect html tube cumsluts comments nngj my bf pounded my bestie and licked all the cum also work with links sent by pm dont be afraid to upvote read profile for more info info np com user videodownloadnode amp amp support amp me amp ko fi com videodownloadnode amp amp github github com thenode amp amp private message com message compose to videodownloadnode amp subject paste the video link below,nsfw
4949,2,0,oh fuck yes,nsfw
4950,2,0,the music the scene the fucking the cum the leg stroking dream,nsfw
4951,2,0,good fuck,nsfw
4952,2,0,that cock is amazing,nsfw
4953,2,0,so hot all of it all of it is so fucking hot,nsfw
4954,2,0,this was so fucking hot,nsfw
4955,2,0,she got fire ass,nsfw
4956,2,0,pray for cum everyday,nsfw
4957,2,0,yeah mean get this girl is super hot and everything by why is everyone upvoting her fake cum posts,nsfw
4958,2,0,imagine being person that gets upset by fake cum you guys need to get gf,nsfw
4959,2,0,not upset my dude fake cum is just turn off for me imagine rubbing fake pussy juice all over your dick and then posting it to turn women on real deal is where it at,nsfw
4960,2,0,what no it not practically easier to use real cum than to fake it are you insane fake cum is bottle with couple of pumps maybe seconds real load takes at least seconds so fake cum is at least faster,nsfw
4961,2,0,this is probably your sexiest post ever although the anal creampie pic is maybe tied with this one will we ever see gif of you getting ejaculated on,nsfw
4962,2,0,its dangerous fetish ive been banned from numerous churches because keep masturbating in front of the priest while maintaining vigorous eye contact it has ruined my life,nsfw
4963,2,0,why the fuck hasn your bf knocked your up yet,nsfw
4964,2,0,with this cum baptism your prayers would be answered,nsfw
4965,2,0,man you look just like one of my ex girl friends she also got flushed when she was horny too wonder what does that,nsfw
4966,3,0,your good slut cum bucket whore,nsfw
4967,3,0,haha nice one you slut,nsfw
4968,2,0,you deserve it bitch,nsfw
4969,2,0,fuckin cute,nsfw
4970,2,0,cum,nsfw
4971,2,0,lmao this shit actually made me laugh,nsfw
4972,2,0,would waist drop of cum on that beautiful face would save it all for your pussy,nsfw
4973,2,0,oh id love to have that as an inside joke with the gf thoughts and prayers for that dick,nsfw
4974,1,0,what slut,nsfw
4975,2,0,such perfect face to cum on,nsfw
4976,2,0,hallelujah praise be to the cum gods for they have bestowed bountiful load upon your face,nsfw
4977,2,0,you really drained this dick today love them all want,nsfw
4978,2,0,she is harleyraiyn video sauce manyvids com video cock ride huge facial cumstache,nsfw
4979,2,0,with cum on your face,nsfw
4980,2,0,the sports that the masses truly care about,nsfw
4981,2,0,covered from her cunt to her lips fucking amazing shot,nsfw
4982,2,0,heres sneak peek of bodyshots nsfw using the top posts np com bodyshots top sort top amp year of the year amazing he didnt hit me in the face this time im assuming people are happy about it imgur com ckurg jpg comments np com bodyshots comments kro hp amazing he didnt hit me in the face this timeim proud of this one he covered me good oc imgur com izhbc png comments np com bodyshots comments iq ddm proud of this one he covered me good oc pulling out to cum all over me redgifs com watch whichlikelyreynard comments np com bodyshots comments mhtjzd pulling out to cum all over me im bot beep boop downvote to remove contact me com message compose to sneakpeekbot info np com sneakpeekbot opt out np com sneakpeekbot comments wk blacklist ix,nsfw
4983,2,0,belly shots are fucking hot,nsfw
4984,2,0,boom headshot snipins good job mate its challengin work outta doors guarantee youll not go hungrycause at the end of the day long as theres two people left on the planet someone is gonna want someone dead ooh dad dad im ye not crazed gunman dad im an assassin well the difference bein one is job and the others mental sickness ill be honest with ya my parents do not care for it think his mate saw me yes yes he did feelins look mate you know who has lot of feelings blokes that bludgeon their wife to death with golf trophy professionals have standards be polite be efficient have plan to kill everyone you meet dad dad yeah put mum on the phone,nsfw
4985,2,0,camwhores video videos harley cumshot,nsfw
4986,2,0,drink lot of water dont jerk off for like week and eat lot of things that contain zinc,nsfw
4987,2,0,how do you cum that much,nsfw
4988,2,0,fuck me perfect,nsfw
4989,2,0,chriskyle of cum,nsfw
4990,2,0,absolutely beautiful just needed to lick from her pussy to her neck then kiss her,nsfw
4991,2,0,did this once with an ex and she normally didnt like cum on her face but she was so impressed that came that hard and that much that she wasnt mad and kinda liked it that was good time,nsfw
4992,2,0,yours is beautiful strong cumshot,nsfw
4993,3,0,cum on her hot petite body,nsfw
4994,1,0,used to do this to my little slut,nsfw
4995,2,0,harleys cumstache teen blowjob amp amateur porn spankbang share google nltvnpe ucrejsslg sauce,nsfw
4996,2,0,thats shit ton of cum,nsfw
4997,2,0,ayo why does she have mario beard of cum,nsfw
4998,2,0,amazing gorgeous who is fucking she,nsfw
4999,2,0,so anyone got advice on how to cum like that,nsfw
5000,2,0,mother fucker is sniper,nsfw
5001,2,0,my god he is amazing can believe how much how far and accurate he is with his cum love to be his next canvas,nsfw
5002,2,0,cum mustache,nsfw
5003,2,0,can lick that cum off you,nsfw
5004,2,0,left chic is also lucky bitch she got facial,nsfw
5005,2,0,fuck yeah he is,nsfw
5006,2,0,not everyone wants dude sucking his cock,nsfw
5007,2,0,this guy is one lucky son of bitch,nsfw
5008,2,0,the girl in the right was so jealous of the girl on the left wearing the cum,nsfw
5009,2,0,the girl without glasses is definitely little cum whore,nsfw
5010,2,0,pornhub com view video php viewkey ph fd,nsfw
5011,2,0,lucky bitches wish can participate in this,nsfw
5012,2,0,bro you one lucky son of bitch,nsfw
5013,2,0,this has been one of my favorite videos for years some buds wanna goon to this shit,nsfw
5014,2,0,jesus fucking christ,nsfw
5015,2,0,funny how the cum targeted the glasses of all things,nsfw
5016,2,0,little lucky prick he really coded that girl with the glasses that was thick shot shes hot that girl go with the glasses shes sexy got nice body pretty face,nsfw
5017,2,0,must be nice to have little dick like that and get these too hot women to tongue fuck the head of your dick until you come all over their face and mouth just only if those two hot sexy women knew what real dick actually looks like and feels like inside of them,nsfw
5018,2,0,the girl on the right is insatiable for cum,nsfw
5019,2,0,str up nasty bitches,nsfw
5020,3,0,one on the right is cum slut,nsfw
5021,2,0,even my dick is bigger than that wtf,nsfw
5022,2,0,bro got double kill streak on those glasses,nsfw
5023,2,0,right in the glasses hot,nsfw
5024,3,0,wow such obedient sluts,nsfw
5025,2,0,oh my fucken god that was hot,nsfw
5026,2,0,girl on the right without the glasses and pink hair ties name please,nsfw
5027,2,0,this is so fucking hot what lucky guy,nsfw
5028,2,0,need blowjob,nsfw
5029,2,0,get hard easier knowing got bigger dick then this,nsfw
5030,2,0,lot more than that but then again haven had two girls leaking my dick,nsfw
5031,2,0,if you wanna see me cum then just write me,nsfw
5032,2,0,this is so fucking hot,nsfw
5033,2,0,my dick is ready cum sit on it,nsfw
5034,2,0,is it weird that jealous of the girl in every cumshot scene,nsfw
5035,2,0,kind of know what you mean once nut my head is so sensitive and it just feels weird to me if girl keeps sucking the tip if cum in her mouth or if cream pie my old lady only got few more thrusts until cant take it any more and just need my dick left alone,nsfw
5036,2,0,she looks like my side chicks sister recognize from when she flashed me her pussy,nsfw
5037,2,0,is this the fucking rumor dude,nsfw
5038,2,0,damn fucking coated her,nsfw
5039,2,0,so is she magical cocksucker or does he have world class cock and cum control,nsfw
5040,2,0,why would someone cum on fire hydrant,nsfw
5041,2,0,wanna suck dick so bad haven had one in year,nsfw
5042,1,0,what hot slut,nsfw
5043,2,0,god wish girl would suck my dick,nsfw
5044,2,0,love eating cum,nsfw
5045,2,0,would love for stranger to do this to me so can walk around publicly wearing his cum on my face,nsfw
5046,3,0,wheres my cum slut at,nsfw
5047,2,0,sooooo fuckin hot boing stroke and sqwert,nsfw
5048,2,0,omg need cock to unload on me,nsfw
5049,2,0,lisa the cum nosed reindeer,nsfw
5050,2,0,need my dick drained like that,nsfw
5051,2,0,number six is just fucking amazing,nsfw
5052,2,0,drinking plenty of water helps increase cum load size,nsfw
5053,2,0,what shit cumshot though lol,nsfw
5054,2,0,bet he is so death gripped that he cant cum without doing it himself,nsfw
5055,2,0,seriously anytime see vid of some babe and the dude is jerking himself like wtf why is she even there if you re just gonna do it yourself,nsfw
5056,2,0,cus most girls suck at jerking off cock at least if you dont lube it up,nsfw
5057,2,0,death grip refers to many men masturbating in way where they clench their penis too tightly and become accustomed to fist grip leading to orgasm vaginas and mouths are not as strong as hands grip strength even with lots of practice so men who masturbate by holding their cock real tight can often end up having difficulty achieving orgasm during sex the cure is to stop masturbating like neanderthal and like idk explore your anatomy little more,nsfw
5058,2,0,bit formal for cum sub but ill bite gt your circumstance is not generalizable it is as you said rare thats fair enough point although did qualify that it was merely my opinion it may also be worth pointing out that the existence of death grip syndrome has not been empirically verified and causality between penile strangulation intensity psi and delayed ejaculation during intercourse has not been established im afraid we just have anecdotes and conjecture here,nsfw
5059,2,0,your one case is an anecdote not anecdotes its healthline com health death grip syndrome good to admit thebody com article death grip masturbation when youre wrong en wikipedia org wiki death grip syndrome,nsfw
5060,2,0,im not quite sure why this has provoked an emotional reaction im actually inclined to believe dgs is real phenomenon was only pointing out that its existence has not been empirically demonstrated gt its good to admit when youre wrong did you actually read the links that you provided they seem to support my view your first link heathline says death grip syndrome isn officially recognized as medical condition the majority of the evidence online is anecdotal but that doesn mean it doesn exist nd link death grip is not an official medical diagnosis rd link the concept of death grip syndrome is not recognized by any mainstream medical bodies richard santucci chief of urology at detroit receiving hospitals center for urologic reconstruction believes that too strong masturbation is not common cause of delayed ejaculation and states that diabetes medications low testosterone anxiety are the common causes gt your one case is an anecdote not anecdotes think you misunderstood was saying that death grip appears to be based on anecdotes thought id add an excerpt from paper published in the journal nature in conclusion after reviewing the literature it is clear that no one theory accounts for all the varied presentations of de and no theory by itself has strong empirical support heres the link nature com articles ijir,nsfw
5061,2,0,so thats why couldnt cum when lost my virginity,nsfw
5062,3,0,oh why wait just shove your cock into the slut and let her suck it out of you,nsfw
5063,2,0,like the dress and tits but the cumshot was shit,nsfw
5064,2,0,weak ass nut fr fr,nsfw
5065,2,0,why look into the camera just swallow that cum gezzz,nsfw
5066,3,0,good slut,nsfw
5067,2,0,tbf this is weak pathetic cumshot lets all be honest,nsfw
5068,2,0,my guy calm down no need to bitch theres enough porn online to find what youre looking for so you dont need to write this under something you dont enjoy as much,nsfw
5069,2,0,this is why sissies are superior for big cock daddies like that she just sitting there with pathetic passive look waiting for daddy to cum what dumb bitch sissy will be begging sucking his balls mouth greedy and open then cock back in to make sure not drop is wasted smh,nsfw
5070,2,0,think it better to blow my dick,nsfw
5071,2,0,looks into the camera for what concentrate on swallowing his cum gezzz,nsfw
5072,2,0,lip chase punch cow voiceless theory shaggy wide tan panicky this post was mass deleted and anonymized with redact redact dev,nsfw
5073,2,0,tits of the year,nsfw
5074,2,0,gonna buy my wife these tits asap,nsfw
5075,2,0,fuck shes got great tits,nsfw
5076,2,0,wonderful tits,nsfw
5077,2,0,such good obedient bitch,nsfw
5078,2,0,sooo fucking hot,nsfw
5079,2,0,fuck that bitch is pretty with nut,nsfw
5080,2,0,she got the best looking tits ve ever seen,nsfw
5081,2,0,damn her ass is top notch,nsfw
5082,2,0,what an ass,nsfw
5083,2,0,fuck yes would cheat on my wife in heartbeat with her and impregnate her even if my wife walked in on us,nsfw
5084,2,0,some you cant say no to those you gotta breed for the sake of your gene pool especially if they are young and horny,nsfw
5085,2,0,im first to impregnate her young pussy though get in line,nsfw
5086,2,0,im in love the amount of cum was just nature saying give her all you got she is worth breeding with,nsfw
5087,2,0,goodporn pro stella violet fucked goodporn pro stella violet fucked stella violet,nsfw
5088,2,0,she understood the assignment,nsfw
5089,2,0,sxyprn net post sk anal fuck hard amp so amp ss latest,nsfw
5090,2,0,how imagine my husband fuckin another girl,nsfw
5091,2,0,he has really nice cock,nsfw
5092,3,0,damn bitch with an ass like that who also cumslut keeper,nsfw
5093,2,0,you need to clean his cock better babe but that is some good fucking,nsfw
5094,2,0,one of the best ass,nsfw
5095,2,0,her ass is up there for sure,nsfw
5096,2,0,she prime fuck wow,nsfw
5097,2,0,his stroke game is non existent lmao boy was pulling her back more than actually fuckin her,nsfw
5098,2,0,need to cum,nsfw
5099,2,0,get really angry when they take greasy load on the face but dont finish by poppin that cock back in their mouth,nsfw
5100,2,0,if come there will cum creampie inside girls sweet yummy beautiful,nsfw
5101,2,0,zapped her ass,nsfw
5102,2,0,sexy bitch,nsfw
5103,2,0,great ass,nsfw
5104,2,0,hot as fuck,nsfw
5105,2,0,groping leads to fucking fucking leads to leaking cum on the bed,nsfw
5106,2,0,and it so freakin erotic with sound,nsfw
5107,2,0,damn just piece of meat thats how you see yourself or you just speak like that to turn on these freaks in here that look at women as lesser being whore also doesnt make you lesser just makes you whore,nsfw
5108,2,0,he got you holding on for life what good fucking,nsfw
5109,1,0,slut,nsfw
5110,2,0,id leave your pussy filled up with loads of warm cum every single day baby,nsfw
5111,2,0,id fuck you till you passed out with an ass like that,nsfw
5112,2,0,omg play with your tits all day like that though can stop reading your caption in master yoda voice xd,nsfw
5113,2,0,nice boobfondling,nsfw
5114,2,0,need to be groped like this,nsfw
5115,2,0,mmm like so very good raid the dick,nsfw
5116,2,0,license worthless grandiose knee silky alleged summer fearless detail consist this post was mass deleted and anonymized with redact redact dev,nsfw
5117,2,0,let me grope you,nsfw
5118,2,0,creampie is the best,nsfw
5119,2,0,that one hot fucking video could watch you leak out cum for hours,nsfw
5120,2,0,fuck yes,nsfw
5121,2,0,love seeing that sexy pussy full of cum,nsfw
5122,2,0,there would not be any cum leaking on the bed if was there,nsfw
5123,2,0,leaking cumm leads to me going down and tongue fucking your beautiful pussy until your sweet nectar is running down my throat then slowly kissing so you can taste our wonderful melange,nsfw
5124,1,0,need to find me slut like that,nsfw
5125,3,0,say he couldve fucked you harder but dammit youre such good little slut,nsfw
5126,2,0,your pussy and tits,nsfw
5127,2,0,oh yes what delightful drip from your freshly fucked pussy,nsfw
5128,2,0,dude you gotta be gentle with those tender tits,nsfw
5129,2,0,the perfect evening you look amazing getting fucked,nsfw
5130,2,0,don forget to fuck the ass too,nsfw
5131,2,0,those tits are what size are those beauties love them,nsfw
5132,2,0,my god your tits are amazing,nsfw
5133,2,0,if was underneath you with my mouth open there would be no cum leakage on the bed,nsfw
5134,2,0,wishing was there with you sucking and screaming on my cock as wait for my turn,nsfw
5135,2,0,oh hell yes love how hes pounding that pussy hard,nsfw
5136,2,0,wouldn let drop of cum hit the bed eat it out of you,nsfw
5137,2,0,love for it to be my cum,nsfw
5138,3,0,daaamn you re good slut,nsfw
5139,2,0,looks like gays dad fucked his wife with kids maybe his sons his brother ganduraja condom,nsfw
5140,2,0,he invited me to his hotel room so invited him into my pussy,nsfw
5141,2,0,lots of girls do not realize they re not that skilled because dudes are so happy to get off they don critique them god ve said so much stuff to so many exes about what prefer or what just straight up doesn feel good and they freaked the fuck out about it meanwhile on this side they re like move half millimeter to your left my right on my clit and lick it side to side and little bit more slowly with more pressure and just like wtf yeah love to tell you exactly how to suck my dick and have you follow through on it but you flatly refuse still remember the first girl that approached sex like you just tell me what to do and ll do whatever it is enthusiastically but not into piss shit or feet those are the only boundaries goddamn angel was seriously beginning to think girls like that simply didn exist outside of porn,nsfw
5142,2,0,literally my favorite cumshot with chaser only that could be hotter is by facing the camera ideally missionary so we can see your beautiful pussy,nsfw
5143,2,0,and she comments back nutted so much to this last night it was insane,nsfw
5144,2,0,omg you can ride dick,nsfw
5145,2,0,cottdammit you re seggsy as hell,nsfw
5146,2,0,wow your body is amazing and his cock looks divine,nsfw
5147,2,0,looks like he won the lottery wow that ass is amazing,nsfw
5148,2,0,lucky guy love how you ride cock,nsfw
5149,2,0,and he enjoyed your pussy,nsfw
5150,2,0,fantastik beutiful super lovele movings amzing good pussy rider amzing good movings,nsfw
5151,2,0,sliding it back in after the cumshot should always be the way or better yet just deposit the cum deep inside,nsfw
5152,2,0,damm so good fantastik beutiful pussy rider amzing good body so lovele,nsfw
5153,2,0,dude didnt even last mins in your pussy tells me how tight it is,nsfw
5154,2,0,damm so super lovele pussy rider amzing good movings super cool pepo wery lovele,nsfw
5155,2,0,would you invited me into your pussy drenched,nsfw
5156,2,0,your ass turns my cock on,nsfw
5157,2,0,my cock wants to ride you,nsfw
5158,2,0,awesome fuck,nsfw
5159,2,0,bet you get that cock so hard the way you work that pussy,nsfw
5160,2,0,gorgeous ass made me hard,nsfw
5161,2,0,yes please fucking gorgeous,nsfw
5162,2,0,damn that is so fucking hot,nsfw
5163,2,0,liked how you were throwing that ass in circle,nsfw
5164,2,0,ooh fuck yes mmmm,nsfw
5165,2,0,what great ass,nsfw
5166,2,0,shake that ass babe,nsfw
5167,2,0,seems reasonable love the pull out cum shot and then back in for more,nsfw
5168,2,0,can yuo cum to my hotel,nsfw
5169,2,0,like the cum control you are beautiful,nsfw
5170,2,0,fuck what lucky fucker he is,nsfw
5171,2,0,those hips tho wouldnt of let you make me pull out tho im cream pieing that ass,nsfw
5172,2,0,holy shit that hot lucky dude,nsfw
5173,2,0,you can tell me that she doesn know how to fuck,nsfw
5174,2,0,damn thats nice ass,nsfw
5175,2,0,wow what lucky prick that is whos that lucky son of bitch that shes riding mean damn he is so lucky shes got to be tight she looks it,nsfw
5176,2,0,you realize how sexy you looking at you oh my god look at that perfect position what beautiful woman from that sexual position from any position who am kidding you could milk the cum out of dead man with that sexy body,nsfw
5177,2,0,damn available to stop by so can ride my big cock nice and slow,nsfw
5178,2,0,you have friendly nice pussy,nsfw
5179,2,0,give me blowjob cutie,nsfw
5180,2,0,love to swallow as deep as possible during the release of cum,nsfw
5181,2,0,the bigger the hoop the bigger the hoe,nsfw
5182,2,0,rest in peace is right holy shit,nsfw
5183,3,0,had girl do me exactly like this once it was our first date we walked around park for two hours talking got her riled up with my kissing touching listening skills we agreed to go to an empty parking lot during on hot summer day and fucked in her car with the ac blasting we fucked for while and towards the end she started jerking my shit and when said was about to cum she put her mouth on it and deepthroated me shot ropes of cum down her throat and she swallowed it all trying not to choke while looking deep into my eyes with her teary bloodshot eyes like good little cum slut after finished we both left tried to message her again but she ghosted me after its shame really she had cute lips and gave excellent head she really made my toes curl im going to my deathbed thinking about that just hope shes sharing the talent with the world,nsfw
5184,2,0,fuck me,nsfw
5185,2,0,yes love to fuck you,nsfw
5186,2,0,please love to fuck your sexy ass mouth,nsfw
5187,2,0,try my cock,nsfw
5188,2,0,easy with small cock like that,nsfw
5189,2,0,model ph page pornhub com model pretty in pink xox,nsfw
5190,2,0,her finger in the ass with those nails no thank you as much as might like it like my rear end healthy more,nsfw
5191,2,0,would be even better if she had her tits out and then also stuck finger in his ass for expert mode as he was cumming,nsfw
5192,2,0,minutes xvideos com video hvovpud hentai girl titjob,nsfw
5193,2,0,jahahf xvideos com video utitphd tifa tit fuck final fantasy,nsfw
5194,2,0,croft xvideos com video kfcffcb ef fucking the big and soft tits of lara croft,nsfw
5195,2,0,pizza gal and real sis xvideos com video hfvpfeo umemaro vol pizza takeout obscenity pizza hentai,nsfw
5196,2,0,classic it xvideos com video kliedid una bellezza bionda incagliata con capezzoli forati riceve una cavalcata hardcore,nsfw
5197,2,0,men smashed playground gal xvideos com video kkaaikb girl lost the cellfone,nsfw
5198,2,0,against xvideos com video ohhhvvv anna anon hentai compilation,nsfw
5199,2,0,mins of hardcore xvideos com video rena senpai and my baton by amelialtie,nsfw
5200,2,0,minutes gym training xvideos com video umemaro vol sexy trainer shoko sugimoto eng sub,nsfw
5201,2,0,how do get you to suck my cock,nsfw
5202,2,0,lemme give cum,nsfw
5203,2,0,always dream of deep cum,nsfw
5204,2,0,suck my cock,nsfw
5205,2,0,love her nails must suck cock like this,nsfw
5206,2,0,neeeeed you on my big thick cock,nsfw
5207,2,0,clean the damn room fuck,nsfw
5208,2,0,zinc gives more volume but bot more actual sperm so the semen itself can be monstrous load but the little microscopic sperms are not increased by numbers also watch out high zinc can cause low copper and potassium make sure you keep track and keep your vitamin and mineral levels at healthy level,nsfw
5209,3,0,don believe in that shit it all fake like those silly dick stretching and girth augmentation exercises it the equivalent of those chi grand bull shit masters if that were true every guy on earth would be on them supplements and with massive inch dicks squirting litters of semen per day yes there are guys that can naturally ejaculate an over abundant amount of cum it condition called hyperspermia it cool condition to have if you don wish to have offsprings there are natural ways to increase semen volumes primarily through edging and or sexual abstinence for period of or more days give or take depending on the person the longer time without ejaculation the better people with high libido can abstain for shorter periods and increase semen volumes faster due to their sexual appetite unfortunately for men studies have found that men who practice edging for years can later develop erectile dysfunction it won happen on all men but that negative effect is something to consider,nsfw
5210,2,0,what the fuck are you going on about lmao,nsfw
5211,2,0,she did not ever even slightly gag with all that cum in her mouth an absolute cum queen,nsfw
5212,3,0,she looks so sexy with the cum on her face its almost like she was born to be cumslut,nsfw
5213,2,0,eporner com video zltvuylvxkn min galilea pb if you want much cleaner site and hd use this link also has about other bukkake vids on there this girl loves cum,nsfw
5214,2,0,txxx com videos bukkake with min galilea,nsfw
5215,2,0,that little wink was clench for me what up with the one dude who cum is thin like water,nsfw
5216,2,0,love seeing each individual load swim around even after there whole pile of cum in her mouth,nsfw
5217,2,0,so like how much do bukkake videos cost to make anyway if the numbers are to be believed thats performers by the end not including crew and post production staff that all have to be paid in an age of near unlimited free online porn that seems like an awfully big investment,nsfw
5218,2,0,as would have this recurring fantasy where am cummed on by crowd of men and fucked till am leaking,nsfw
5219,2,0,so fucking jealous,nsfw
5220,3,0,what beautifully filthy slut thats marriage material right there god bless the little angel,nsfw
5221,2,0,yes and then cum swap,nsfw
5222,2,0,would hope so any time im not being filled with cock and cum is the worst sin can commit,nsfw
5223,1,0,this way lot more can help us in our skin care routine,nsfw
5224,2,0,have week worth of cum in my balls if are interested,nsfw
5225,2,0,im always so curious about how this effects their stomachs the rest of the day or the next day like its sexy as fuck but theres no way this ends well for her right,nsfw
5226,2,0,pornhub com view video php viewkey ph ef cbd,nsfw
5227,2,0,wow that so muchhhhh cum,nsfw
5228,2,0,need to experience that someday so much cum,nsfw
5229,2,0,fucking disgusting ngl,nsfw
5230,2,0,how want to have cum all over my body,nsfw
5231,2,0,where do sign up for this dream of getting so much cum,nsfw
5232,2,0,do western porn do fake cum like japanese ones do cuz they look so white and thick and also the among is crazy or am not normal,nsfw
5233,2,0,that lot of cum only used to one load,nsfw
5234,2,0,fucking love that she looks like friend of mine which makes it even hotter,nsfw
5235,2,0,my dick is telling me too that,nsfw
5236,2,0,lucky little whore so many freshly pumped flavors for her taste buds to experience must be thrilling,nsfw
5237,2,0,definitely capable of happening have been involved in multiple swinger groups where groups of men completely covered the women completely or filled salad bowls with gallon of cum or oversized champaign glasses with liters and im talking men at most to loads each bukakkes are definitely real the woman shown here has just experienced mild one,nsfw
5238,2,0,woman found dead with litres of cum in her stomach,nsfw
5239,2,0,would change my diet to only cum for this hh,nsfw
5240,1,0,want this to be daily skin care routine,nsfw
5241,2,0,bitches be doing shit like this and wonder why they cant stay in healthy relationship,nsfw
5242,3,0,can be the only one who almost puke watching her drink so much cum,nsfw
5243,2,0,just imagine instead of swallowing if she gets impregnated by these mich cum and she is not in birth control who would be the father of her baby,nsfw
5244,2,0,you deserve my cum as well,nsfw
5245,2,0,all porn scenes especially facials and swallows should end with girls ftj it so weird when guys jerk it off when there two hands and mouth or more that does the job,nsfw
5246,2,0,there was jerkinghimontoher but it was banned due to no moderation such shame,nsfw
5247,2,0,is there sub for girls jerking cum onto other girls,nsfw
5248,2,0,heres yer sauce pornhub com view video php viewkey ph ac amp pkey,nsfw
5249,2,0,dude is she even pornstar or something,nsfw
5250,2,0,literally crack whore,nsfw
5251,2,0,its so sad what she did to her face was super into her before that shit,nsfw
5252,2,0,out of hot fuck,nsfw
5253,2,0,fuckk she gives me billie eilish,nsfw
5254,2,0,is there sub for this and that scene where jesse jane and riley steel do this but with blowjob instead,nsfw
5255,2,0,nope she is from michigan someone use to know dated her and she ran off to be pornstar crazy shit lol,nsfw
5256,2,0,gonna say he better hurry up and cum his cock looks red enough to pop,nsfw
5257,2,0,xvideos com video you must watch what bad influence chloe cherry is for little allie addison as chloe instructs allie how to work dick for huge facial,nsfw
5258,2,0,fuck that made me hard,nsfw
5259,2,0,cumshot of the year already,nsfw
5260,2,0,this may be the best cumshot ve ever seen,nsfw
5261,2,0,holy fuck need this,nsfw
5262,3,0,that blonde looks like billie elish lol what love able sluts,nsfw
5263,2,0,fuck yes mmmm,nsfw
5264,2,0,girls need to help girls get cum,nsfw
5265,2,0,dream cum true,nsfw
5266,2,0,the good little jerkoff helper trendyporn com video manojob allie addison and chloe cherry the good little jerkoff helper html,nsfw
5267,2,0,oh fuckkk,nsfw
5268,3,0,the cocked slut from euphoria,nsfw
5269,2,0,thats soo fucking hot,nsfw
5270,2,0,if it was my cock you were sucking yes lmao,nsfw
5271,2,0,had gf that held it in then kissed pushed it in my mouth that day learned do not like cum in my mouth haha,nsfw
5272,2,0,spit that cum in my wife mouth,nsfw
5273,2,0,in that scenario absolutely sucking my cock and swallowing my cum id be most grateful,nsfw
5274,2,0,yes my dick that dick any dick really hell id take suck too,nsfw
5275,2,0,oh yea we could do some kinkier shit then just kiss,nsfw
5276,2,0,leave some cum on your lips next time and absolutely would,nsfw
5277,2,0,answering your question isnt that what the purpose of blowjob is regardless of whose dick youve been sucking on,nsfw
5278,2,0,let you spit my cum into my mouth,nsfw
5279,2,0,fuck ya girl even if it wasnt my cock youre fckn hoooooot,nsfw
5280,2,0,no thats gay as fuck man gay fuck,nsfw
5281,2,0,yes would kiss you after and would also suck second load from his dick and share that with you too,nsfw
5282,2,0,idc if it was my cock make out with you even help you clean up any cum afterwards,nsfw
5283,2,0,would kiss you after bukkake with guys,nsfw
5284,2,0,always kiss my girl after she sucking my cock,nsfw
5285,2,0,absolutely even with another guys cum still in your mouth,nsfw
5286,2,0,how bout join in sucking it we can kiss each other the cock share the juice,nsfw
5287,2,0,of course will ive tasted my own cum before,nsfw
5288,2,0,no dick breath,nsfw
5289,2,0,if you stopped sucking and stroking at the same time cum then am not even calling you back,nsfw
5290,2,0,she actually swallowed the bulk of it before taking it out her mouth kinda impressive she pretty much just drank his cum so smoothly,nsfw
5291,2,0,going to assume she swallowed most and thats just the last bit,nsfw
5292,2,0,damn she deserves way more cum then that she had her mouth open tongue out and everything,nsfw
5293,2,0,aah fuck want someone who can suck my cock like that,nsfw
5294,2,0,id eat that pussy,nsfw
5295,2,0,yes even if that wasn my cock,nsfw
5296,2,0,id love to kiss you after you sucked his cock,nsfw
5297,2,0,let me taste that cum on your lips,nsfw
5298,2,0,spit it in my fucking mouth please,nsfw
5299,2,0,absolutely cum is delicious,nsfw
5300,2,0,after my cock was in yo mouth,nsfw
5301,2,0,yes as long as its my cock youre sucking off,nsfw
5302,2,0,why not if you re giving me blowjob my tongue has probably been in your asshole already,nsfw
5303,2,0,expect kiss after come kiss me with mouth full of someone elses cum as well works either way,nsfw
5304,2,0,anyone who gives great blow job or is getting pounded and takes load creampie or mouth for kiss and cleaning up their mess sharing is caring please recycle,nsfw
5305,2,0,of course my dick my cum you bet,nsfw
5306,2,0,you are not latino real latinos arent doing this degeneracy theyre out there fucking white bitches if latino took yo girl and thats why youre trying to make latinos look like cucks then thats your problem,nsfw
5307,2,0,yes yes yes love the kiss after and love the taste of cum on the sweet lips and tongue of gorgeous girl love the sweet cumkiss yummy yummy,nsfw
5308,2,0,omg yes would love to taste his cock cum on your lips,nsfw
5309,2,0,would kiss you after you suck someone else dick no no wouldn,nsfw
5310,2,0,if its my cock you just finished sucking and swallow then fuck yes,nsfw
5311,2,0,slightly chubby college student am breedable to you,nsfw
5312,2,0,you have the best body ve ever seen no fuckin joke yes yes would,nsfw
5313,2,0,youre more than breedable you are hod damn wife material would happily breed you for the rest of my life,nsfw
5314,2,0,dunno probably spill all my cum on your face,nsfw
5315,2,0,breedable in all the perfect places,nsfw
5316,2,0,thought saw the most stunning woman on here tonight then come across your awesomeness oh my god fuck yeah,nsfw
5317,2,0,that description sounds like sweet lil fucktoy,nsfw
5318,2,0,you re like marilyn monroe beautiful and breed the ever living fuck outta you,nsfw
5319,2,0,if didn want to cum on those tits so bad,nsfw
5320,2,0,would repeatedly thrust thick warm loads of cum deep in that pussy daily,nsfw
5321,2,0,wtf youre stacked more than breedable,nsfw
5322,2,0,breedable is for girl that would do youre the pinnacle of my breeding aspirations would be great to see you pregnant,nsfw
5323,2,0,absolutely would love to go balls deep in that pussy and leave you breathless and full of my creamy goodness and then suck on those juicey titties while you are cuming like river,nsfw
5324,2,0,oh fuck yeah,nsfw
5325,2,0,fuck yes dont mind if bend you over and give you good fucking,nsfw
5326,2,0,you are hot baby and want to fuck you bad,nsfw
5327,2,0,wow very breedable,nsfw
5328,2,0,gasped when you unzipped the hoodie holy fuck,nsfw
5329,2,0,fuck my jaw dropped yummy,nsfw
5330,2,0,smash or pass,nsfw
5331,2,0,absolutely beautiful and of course yes breedable,nsfw
5332,2,0,let me suck on your tits,nsfw
5333,2,0,you check all the breedable boxes even your taste in hoodies is good,nsfw
5334,2,0,if youre into older guys ill pound your pussy,nsfw
5335,2,0,your cute as fuck,nsfw
5336,2,0,my pussy is already filled with cum how about you take my ass instead,nsfw
5337,3,0,fun fact the head of the human penis is shaped as such that it creates suction to pull out competitors sperm the idea being if woman found better mate after having already been inseminated the second sperm stands solid chance of beating the first to the egg,nsfw
5338,2,0,take your upvote and stick it in her cunt you disturbed my fap and made me laugh prick,nsfw
5339,2,0,we can use it as lube and will shoot another load in your pussy,nsfw
5340,2,0,nah just let me use the cum as lube,nsfw
5341,2,0,could maybe have another go at your pussy to see if my sperm could beat his to the egg,nsfw
5342,2,0,let me fill your ass twice,nsfw
5343,2,0,how about clean that delicious looking freshly creamed pussy then go in for another load after that,nsfw
5344,2,0,but how am gonna breed that pretty pussy if don fill it up,nsfw
5345,2,0,would love to pound that ass,nsfw
5346,2,0,ill alternate between the two before flooding that pussy,nsfw
5347,2,0,im gonna slip in that cream filled pussy first to lube my cock for that sweet ass,nsfw
5348,2,0,wanna load lot of cum into your hot body and delicious pussy,nsfw
5349,2,0,id just give you another load in your pussy,nsfw
5350,2,0,how bout add another load to that pussy,nsfw
5351,2,0,ll fill your pussy with even more,nsfw
5352,2,0,what beautiful pussy,nsfw
5353,2,0,you like cum in your ass too babe,nsfw
5354,2,0,ill fill your ass with cum but first want those sloppy seconds,nsfw
5355,2,0,can we add one more to the plastt sub want cum each time in their pussy too lol,nsfw
5356,2,0,sliding in sloppy seconds first and that tight ass second,nsfw
5357,2,0,you are such dirty little girl and love your butterfly pussy lips,nsfw
5358,2,0,idk think id take another shot at your pussy,nsfw
5359,2,0,nope ill take your cum filled pussy,nsfw
5360,2,0,want to fill you up with more cum we can use that load as lube,nsfw
5361,2,0,id just creampie your pussy again then your ass,nsfw
5362,2,0,put more cum in you first,nsfw
5363,2,0,its not breeding if you get it in the ass,nsfw
5364,2,0,would love to eat that creampie right out of that delicious pussy and have another go at it then we switch to that perfect ass mmmmmm,nsfw
5365,2,0,what so fucking cute,nsfw
5366,2,0,rub my big brown mexican cock with em soles first,nsfw
5367,2,0,breed your ass,nsfw
5368,2,0,that pussy can get enough cum,nsfw
5369,2,0,but what if wanna fill you with more cum it win win,nsfw
5370,2,0,whose cum,nsfw
5371,2,0,that may be the most perfect pussy have ever seen,nsfw
5372,2,0,what perfect pussy baby put my cock in wont want to pull out,nsfw
5373,2,0,ima eat ur pussy after he fucks clean his cum then ima fuck in the ass hope it gets dirty,nsfw
5374,2,0,we can use your pussy as lube and ll fill you up again,nsfw
5375,2,0,nope towel that other dudes jizz off and pump in my own into your pussy to the chariots of fire theme swim little tadpoles swim,nsfw
5376,2,0,how bout push his cum in even deeper with my cock until mix my own in with it,nsfw
5377,2,0,ll use that cum filled pussy to lube my cock for stretching that asshole,nsfw
5378,2,0,rub my big brown mexican cock with em soles,nsfw
5379,2,0,nope maybe next time your pussy will be available,nsfw
5380,2,0,some dudes pecker snot all over you nah chick ill pump your ass after you hit the showers of course holla,nsfw
5381,1,0,ang ganda ng pekpek,nsfw
5382,2,0,ph god pussy,nsfw
5383,3,0,shit may bago na naman akong crush,nsfw
5384,2,0,you have nice pussy there,nsfw
5385,2,0,pussy inner lips are perfect,nsfw
5386,3,0,ang bango tignan ng pepe mo wonder how it tastes like,nsfw
5387,2,0,oh that burger pussy wooh,nsfw
5388,1,0,hahahhaah pepe po,nsfw
5389,2,0,very hoooooooooooooot love to cum inside right now,nsfw
5390,2,0,my tongue licking your ass to pussy back and forth would complete that vid,nsfw
5391,2,0,do you want it in your pussy or asshole,nsfw
5392,3,0,hot shet fuck sarap lang kung ganyan lagi,nsfw
5393,2,0,im dreaming of filling up that pussy with my own cum,nsfw
5394,3,0,lumalaki na boobies mo keep it up,nsfw
5395,3,0,on scale of one to ten how fuckable is my petite body,nsfw
5396,3,0,unscalable can see this petite body laying in front of back with my thicc cock ramming from behind as you moan and cream onto me,nsfw
5397,2,0,the perfect body to fuck and cum on your pretty ass tits,nsfw
5398,2,0,there no scale for perfect body like that the answer to the question is to only worship and fuck that body hard,nsfw
5399,2,0,prefect body like yours cant be measured with scale the answer is only to worship that body and fuck it hard,nsfw
5400,2,0,fuck youre absolutely perfect numbers cant describe it,nsfw
5401,2,0,would creampie,nsfw
5402,2,0,definitely above cause if you are as tiny and tight as you are want to carry you up and fuck you standing up slamming you onto my cock,nsfw
5403,2,0,very fuckable doesnt need enhancement at all instant viagra,nsfw
5404,2,0,screw the scale love to fuck you all day everyday,nsfw
5405,2,0,fuckable,nsfw
5406,2,0,your bodys perfectly fuckable,nsfw
5407,2,0,show off your pussy for the extra points,nsfw
5408,2,0,make me cum by it,nsfw
5409,2,0,would suck on those tits,nsfw
5410,2,0,if could would give it more then your tits are just too cute,nsfw
5411,2,0,fuck you from behind,nsfw
5412,2,0,wanna fuck them all day all night,nsfw
5413,2,0,tits shape butt idk skin tone posture built,nsfw
5414,1,0,anong count to ten kantutin kagad yan,nsfw
5415,3,0,cause like petite gals,nsfw
5416,2,0,fucking belleee why you re fuckable af,nsfw
5417,2,0,my pussy on the next slide hehe,nsfw
5418,1,0,gusto ko imukbang puke mo,nsfw
5419,1,0,pwede ba ipasok dila sa puke mo,nsfw
5420,3,0,sarap pasukan ng malaking burat,nsfw
5421,2,0,good morning lets fuck this morning,nsfw
5422,1,0,paano paputiin ang maitim na kiffy gusto ko katulad nung sayo,nsfw
5423,2,0,wanna fuck in the shower,nsfw
5424,2,0,fvck,nsfw
5425,2,0,love you lil pussycat,nsfw
5426,2,0,come let fuck,nsfw
5427,3,0,prettiest petite to ever exist,nsfw
5428,1,0,full on kamanyakan gagawin ko sayo my queen,nsfw
5429,2,0,may kassmang iyot ha,nsfw
5430,3,0,suckable dede mo mam shit,nsfw
5431,2,0,wanna fuck,nsfw
5432,2,0,armpits and tits combo,nsfw
5433,1,0,pekpek reveal naman sa next,nsfw
5434,1,0,pinaka masarap na klase ng dede,nsfw
5435,2,0,yes yes let me kiss those from tit to pit,nsfw
5436,1,0,putangina sarap dilaan,nsfw
5437,3,0,fuck ansarap kantutin,nsfw
5438,1,0,lalasapin muna ng dila ko yang kilikili mo papunta sa suso mo,nsfw
5439,1,0,sarap ng suso mo ganyang ganyan gusto ng bf ko,nsfw
5440,1,0,dede kili kili at pepe napaka perfect natural at napaka sarap,nsfw
5441,2,0,perfect titties gad deymmm yumiii,nsfw
5442,1,0,ang sarap talaga perfect yung dede,nsfw
5443,1,0,yummy ng utong,nsfw
5444,2,0,want to fuck you hottie,nsfw
5445,2,0,your pussy is really wet,nsfw
5446,2,0,suck my cock please,nsfw
5447,2,0,please will keep sucking my cock,nsfw
5448,2,0,am going to cum but you can close your eyes and let me cum in your mouth,nsfw
5449,2,0,will cum,nsfw
5450,2,0,ohhh fuck,nsfw
5451,2,0,grab your titties,nsfw
5452,2,0,no wait tell me how it feels first rubbing your tits,nsfw
5453,2,0,check if you re wet slide your right index finger into your pussy crack,nsfw
5454,2,0,good girl now take your middle finger and ease it between your pussy lips,nsfw
5455,2,0,so fuckin hard right now,nsfw
5456,2,0,licking every inch of your full left tit before taking that perky nipple into my mouth,nsfw
5457,2,0,think your ass is jealous of your pussy,nsfw
5458,2,0,and then gonna fuck it,nsfw
5459,2,0,am serious about the fucking,nsfw
5460,2,0,no do you have dildo or vibrator want you to put it up your ass,nsfw
5461,2,0,wish was there to finger your clit and drip warmed lube on your dildo,nsfw
5462,2,0,push gently baby open your asshole for my big dick,nsfw
5463,2,0,tell me how my hard cock feels in your tight little asshole,nsfw
5464,2,0,take it baby that me in your ass and you feel perfect,nsfw
5465,2,0,am going to be jerking off over this forever,nsfw
5466,2,0,so what you doing to yourself hard as fuck,nsfw
5467,2,0,mmm fuck im hard,nsfw
5468,2,0,ah its great want fuck your mouth for bit as you look into my eyes,nsfw
5469,2,0,but now want to lay down and want to feel your clit,nsfw
5470,2,0,as im lightly touching your clit,nsfw
5471,2,0,your starting to buck up off the bed your pussy is on fire so gave to go down on you baby,nsfw
5472,2,0,your pussy is so great,nsfw
5473,2,0,my cock is aching though for it but dont care,nsfw
5474,2,0,im giving it everything have on my tongue im sucking your clit like crazy mhmm,nsfw
5475,2,0,my cock is going to explode if dont get inside you please baby girl want you,nsfw
5476,2,0,fuck my cock aaaahhh fuck climb on top and just tease the entrance to your pussy,nsfw
5477,2,0,know want it so plunge in slowly as start to fuck you look at you,nsfw
5478,2,0,lean forward as fuck you and slowly kiss again you have me have no control,nsfw
5479,2,0,ok babe cum my cock is pumping like crazy into you are just in heaven waiting for your pussy to release its building up cum on baby cum for me finger your pussy hole give me your cum all over my face,nsfw
5480,2,0,lol spin class,nsfw
5481,2,0,how was spin class boo can imagine that you re even more sexy now,nsfw
5482,2,0,now show me your fucking body right now want it,nsfw
5483,2,0,really want to suck on your tits then fuck you save the overt sexuality for when it appropriate,nsfw
5484,2,0,probably going to hurt you with my cock little bit when see you just little don worry we can still be friends afterwards but yeah going to be bit rude with your lil body,nsfw
5485,2,0,that cute little pussy may have to spank you for being so bad and not wearing panties,nsfw
5486,2,0,want to spread your legs and eat out your wet pussy,nsfw
5487,2,0,mhmmm and then im going to turn you over and put my hard cock deep inside you,nsfw
5488,2,0,yea you do you enjoy my big hard dick fucking,nsfw
5489,2,0,mmmm love that miss your tight pussy fucking my big dick,nsfw
5490,2,0,and you can suck on me hard until we cum,nsfw
5491,2,0,bending you over the kitchen island and fucking you from behind thats the best position,nsfw
5492,2,0,will pick you up and out you on the counter top spread our legs and tease you with my hard cock,nsfw
5493,2,0,moving my tongue in different motions and using my fingers to put pressure on your clit,nsfw
5494,2,0,mmm then put your legs behind your head stick my finger in your wet pussy and make you squirt all over my fingers then slide my dick inside you and fuck you slowly til you beg to go deep and hard then fuck away,nsfw
5495,2,0,im stroking my hard cock thinking about you,nsfw
5496,2,0,ill tie you up to the bed and get on top of you after eating you out and be so rough and passionate youll be itching to get out of those handcuffs so you can ride me till kingdom cum,nsfw
5497,2,0,rub your clit soft and gently,nsfw
5498,2,0,it really depends on recent masturbation tendencies but idk min probably,nsfw
5499,2,0,am constantly horny,nsfw
5500,2,0,just remember you dont get to cum until say you can,nsfw
5501,2,0,baby just get here so can fuck you how you like it,nsfw
5502,2,0,haha just wait until have you bent over and reach around to rub your clit,nsfw
5503,2,0,because im gonna tease the hell out of you before let you cum all over my face,nsfw
5504,2,0,oh god want to fuck you so deeply,nsfw
5505,2,0,want to make your pussy raw and cum in your face youre such dirty bitch and youre all mine,nsfw
5506,2,0,my cock gets so hard when think about fucking you kissing your neck and pulling your nipples hard,nsfw
5507,2,0,im going to hold your hands down and peel your pussy lips apart so can lick your clit and stick my tongue inside you then when you are dripping wet im going to push my hard dick into your tight pussy as deep as can,nsfw
5508,2,0,im going to tease you by fucking you with just the tip so you are begging me to go deeper and when you think you cant take it anymore ill grab your hair and pound you from behind and spank your ass because your such dirty girl,nsfw
5509,2,0,then when youve cum all over my cock im going to turn you over and force my cock all the way down your throat and fuck your face and just before cum im going to pull out and cum all over your face,nsfw
5510,2,0,sliding down your legs after that want to gently circle your clit and wont stop until you tell me to,nsfw
5511,2,0,can indeed my little fucktoy,nsfw
5512,2,0,thats how your going to feel when spread your pussy with my tongue and make you come with my mouth,nsfw
5513,2,0,were in the shower and youre soaking wet everywhere we get so worked up rubbing my hard hard cock against your,nsfw
5514,2,0,when you have free moment slip away and show me you pretty little tits,nsfw
5515,2,0,want to slowly spread your legs wide and kiss down the inside of your thighs,nsfw
5516,2,0,and slowly close in on your sexy clit,nsfw
5517,2,0,as im licking your clit,nsfw
5518,2,0,want you to fuck my mouth thrusting your hard cock down my throat and making my pussy sloppy wet while you fuck me with my wand and the fun extension,nsfw
5519,2,0,want you to fill my pussy with your thick cock so bad love and id love to do this all with my pretty purple princess plug in,nsfw
5520,2,0,god want to fuck your mouth and pussy so badly,nsfw
5521,2,0,please fuck me really hard,nsfw
5522,2,0,my pussy is tight and can take lot of pain,nsfw
5523,2,0,please will just need you to fuck me,nsfw
5524,2,0,please need your cum,nsfw
5525,2,0,oh my god can feel it growing in my pussy,nsfw
5526,2,0,please cum in my mouth,nsfw
5527,2,0,oh fuck thats big love that,nsfw
5528,2,0,please cum for me cum for your love,nsfw
5529,2,0,my tits feel great firm bouncy very sensitive,nsfw
5530,2,0,pussy moistening,nsfw
5531,2,0,can feel my own pussy heat so hot on my hand,nsfw
5532,2,0,mmmmm my pussy juice is sweet baby and there so much of it for you,nsfw
5533,2,0,how my pussy baby,nsfw
5534,2,0,tell me how you like to eat my pussy,nsfw
5535,2,0,my clit is on fire please can cum,nsfw
5536,2,0,glad you wanna eat my ass too it been awhile,nsfw
5537,2,0,have thick rubber dildo about but very wide head especially,nsfw
5538,2,0,shut up tickling my ass with the fat head heheh,nsfw
5539,2,0,twisting dildo head like screw in asshole entrance,nsfw
5540,2,0,and feather lick my asshole love that,nsfw
5541,2,0,ok it is in holy shit have all inches in my ass for you,nsfw
5542,2,0,omg your huge hard dick is filling up my ass,nsfw
5543,2,0,omg you better be jerking off,nsfw
5544,2,0,amazing fucking amazing you pervo we re pervos,nsfw
5545,2,0,mhmmmm sure then take your cock in my mouth mhmmm,nsfw
5546,2,0,touch your tip with my tongue its oozing pre cum,nsfw
5547,2,0,my pussy is just tooo wet for you,nsfw
5548,2,0,like how youre gonna tear my pussy just with your tongue,nsfw
5549,2,0,and rub your finger on my clit,nsfw
5550,2,0,want to squeeze your dick inside my kitty,nsfw
5551,2,0,fuck mee sooo hard that wont be able to walk for dayssss,nsfw
5552,2,0,bought to start spin class ttyl,nsfw
5553,2,0,you want to see my dick don you you want to taste it,nsfw
5554,2,0,not letting you see my dick till see that little coochie that you won be hiding from me much longer,nsfw
5555,2,0,want to stick my dick right in between those sorry for blatant vulgarity but this is real life lol,nsfw
5556,2,0,oh yum wanna ride that shit until your toes curl,nsfw
5557,2,0,you would probably make my dick stay hard for at least two hours,nsfw
5558,2,0,may have to fuck you from behind for while too,nsfw
5559,2,0,miss your big dick in my tight wet pussy,nsfw
5560,2,0,sides and fuck me hard and fast,nsfw
5561,2,0,yeah were gonna fuck for long time,nsfw
5562,2,0,want your big hard dick inside of me,nsfw
5563,2,0,blowjob not my eyes,nsfw
5564,2,0,im assuming its nice view,nsfw
5565,2,0,want your cock so bad my pussy is aching,nsfw
5566,2,0,want to be thrown on my tummy with my hands behind my back have you pull my hair while forcing me down fucking me until cum on your cock,nsfw
5567,2,0,then come over and fuck me right now daddy,nsfw
5568,2,0,im going to rub my pussy thinking about you,nsfw
5569,2,0,could you please french kiss my sweet little pussy love,nsfw
5570,2,0,want to feel your warm mouth on me your wet tongue gliding slowly around my clit,nsfw
5571,2,0,want your hands to be all over my body slowly moving over my nipples and feeling them get harder under your finger tips can feel you tracing every curve of my body eventually going down between my legs feeling how wet am teasing my clit until cant take it anymore and beg you to eat me out,nsfw
5572,2,0,would love to fuck you with your toys,nsfw
5573,2,0,wrist bond to the couch as im bent over the arm ass up for you,nsfw
5574,2,0,was using my wand thinking about you fingering me with my plug in holding my wand to my clit slowly pressing and easing off massaging me with the wand my hands tied above me so was helpless to you as you made me squirt and cum and splash till you were satisfied,nsfw
5575,2,0,thrust your cock deep inside my mouth stretching my throat and making me squirm while im all tied up,nsfw
5576,2,0,cant wait to have you inside me while you play with my clit ramming me so hard and making my legs shake want to be gasping for air while begging for more,nsfw
5577,2,0,fuck want that so bad,nsfw
5578,2,0,want massage your shoulders,nsfw
5579,2,0,make me cum,nsfw
0,2,2,kaka adik yan belle parehas,safe
1,3,2,sarap dun ako sa both,safe
2,2,2,both call me greedy,safe
3,2,2,all of the above,safe
4,2,2,have seat please hahahaha,safe
5,3,2,pag si belle xempre both yan,safe
6,3,2,pareho sabay kainin ko both,safe
7,1,2,sarap talaga kakainin ko to ng malala,safe
8,2,3,to lick both holes,nsfw
9,2,2,drop your pp care plss,safe
10,3,2,both kasi nkakagigil ka,safe
11,2,2,alternate then finish with cim,safe
12,2,2,start in the pink finish in the stink,safe
13,3,2,wow kulay pink very rare color sa mga pinay kung ako iyan kakainin ko iyan everyday eh,safe
14,2,2,this is the most perfect body ve ever seen,safe
15,3,4,omg at first glance akala ko sex doll it took me second look to recognize you,nsfw
16,3,2,ayoko na palan ng studies upo ka na,safe
17,3,2,tuod fv at best lagyan mo paperbag edited yung kutis obvious naman yan seen better,safe
18,1,2,may fr ba dito,safe
19,2,2,big fan here maam,safe
20,3,2,kakainin muna change hair color si belle,safe
21,3,2,ano na yan send ko na agreement tsaka nda mo hahahah,safe
23,3,2,shave lang yan haha,safe
24,3,2,kahit di naka shave ang sarap parin,safe
25,2,2,delicious is an understatement,safe
26,1,2,dila ko nlng kulang hahap,safe
27,1,2,more like kakainin nakakatakam eh,safe
28,1,2,ayokong mawasak ka kaya umupo kanalang sa mukha ko didilaan ko bawat kasingit singitan ng katawan mo,safe
29,3,2,kakainin muna sarap ng pink,safe
30,2,2,id be happy to do regardless,safe
31,2,2,you probably should the pink short hair suits your figure,safe
33,3,0,gaano kq rami ang yung best squirt,nsfw
34,3,2,upo ka na sa mukha ko babe,safe
35,1,2,sisigurhing manghihina ka hahahahahahahaha,safe
36,1,2,ay ganon ba hahah,safe
37,3,2,pauupuin sa face ko,safe
39,3,2,grabe sarap kainin ng tahong pink na pink,safe
40,2,2,one of many sounds id love to hear you utter while having that delicious morse in my mouth,safe
41,2,2,that sounds like hell of plan that would repeat constantly,safe
42,3,2,natural dont do bleaching down there sensitive kasi skin ko,safe
43,2,3,wish lickin or eating you up right now,nsfw
45,2,2,definitely yes be able to get hold of me please,safe
46,2,2,want to do all of that yes,safe
47,3,2,ay hindi ako nagssogo,safe
48,3,2,hahah jowk lang yun tara okada lol,safe
49,3,2,so clean so good tara sogo,safe
50,2,2,is the backdoor accessible,safe
51,2,2,can sleep on there,safe
52,2,2,can do all to you please,safe
53,1,2,hahahahahahahahaa know eto naman di mabirooo,safe
54,2,2,ill be waiting for you when you visit miami,safe
55,1,2,paktay ka sakin belle,safe
56,1,2,masarap ako kumain yong napapa iyak ko mga babae sa romansa ko,safe
57,3,3,ganda niyo po tita sexy po kayo,nsfw
58,3,2,tita if may ilang taon ka na have thing sa mga middle aged ladies eh,safe
59,3,2,sure tita ilang putok po ba,safe
60,1,2,sarraaap nakahain na siguro mga hr ako kakain nyan haha,safe
61,1,2,kakain na sabay pagtingin mo eto naka hain uyy sarap,safe
62,1,2,paputok naman si tito tita,safe
63,3,2,ugh sarap lalo sa personal,safe
64,3,2,sure sa loob po ba tita,safe
65,3,2,swerte naman ni tito,safe
66,2,2,youre very welcome beautiful,safe
67,2,3,oh my god you have beautiful body,nsfw
68,3,2,potokan na happy new year,safe
69,1,2,hoy ang init non,safe
70,3,2,sure pero pang live action kasi to di pwedeng hanggang picture lang,safe
71,3,2,mukhang buhay ang roman candle ko nito,safe
72,2,2,want my face deep in that everyday,safe
73,1,2,huwag mo kong susubukan malakas humigop ang bibig ko,safe
74,3,2,sheesh gumanyan ka sa harap ko baka mabigla ka,safe
75,1,2,mahilig pa naman ako sa lumpia,safe
76,3,2,pwede ba ipasok yung lumpia tita,safe
77,1,2,ang swerte ng mga pamangkin hehe,safe
78,3,2,sarap mekus mekus ni ninang tapos tornado tornado natin yung tingel nya,safe
79,1,2,lagpas lima na ughhhh,safe
80,2,1,naka ilang putok na ako sayo tita,nsfw
81,3,2,masarap na masakit happy new dear po,safe
82,3,2,wow tita welcum ba ako,safe
83,3,2,ang sarap nan mommy,safe
84,3,2,happy new year tita,safe
85,3,2,kainin ko muna tita,safe
86,3,2,dahil dyan follow kita ugh,safe
87,2,2,would you look at that all of the words in your comment are in alphabetical order have checked comments and only of them were in alphabetical order,safe
88,3,2,pwede ba sa loob tita,safe
89,3,2,papagatas ka ba sa tita mo,safe
90,2,2,can you let me do that noona pleaseeee,safe
91,1,2,tara na san ka ngyn,safe
92,1,2,sige tita pero wag mong ssbhn kina papa and mama secret lng ntn,safe
93,3,1,fetish ko mga ganyan shet,nsfw
94,1,2,kung ganyan lang naman tita ko papasukin ko to lagi sa kwarto niya,safe
95,2,2,that looks sooooo good wtf,safe
96,3,2,when ba tita hihihi,safe
97,2,2,sa loob tita pwede,safe
98,1,2,tapos na pasko bhe,safe
99,1,2,media noche pala dapat anyway padin,safe
100,3,2,tribute kita ta ugh,safe
101,2,3,beautiful sexy view so yummy,nsfw
102,2,2,last post before take break pp,safe
103,2,2,perfect ill pay any amount for this,safe
104,3,2,imma and nakaka turn on naman yan parang sarap nya ilaro sa clits ko shet fantasy,safe
105,2,2,omg welcome back aaaaa enjoy ur break,safe
106,3,2,bat mag bbrreak ka na,safe
108,2,2,give it to me yummy,safe
109,3,2,sure san ka ba,safe
110,2,2,have plane ticket for you soon as you ready,safe
112,2,2,so so so close just little bit more,safe
113,2,2,is ur name rachel,safe
114,2,2,love to pull them down for you,safe
116,2,3,beautiful body with too much hair out of gt strip and you re perfect,nsfw
117,2,2,those curves are absolutely stunning,safe
118,1,2,op nasan ang pagibig,safe
119,1,2,pwede ba kita sambahin,safe
120,2,0,halu can send you cumtrib and moaning audio thank you,nsfw
121,1,2,salamin salamin eto na ba ang para sa akin,safe
122,1,2,ka mga bigaon ba ninyo,safe
123,1,2,pwede makita po kili kili nyo naman hehehe,safe
124,3,2,hay sarap pang destress neto after exam ko bukas same pa tayong accountancy student so know you know my struggles,safe
126,3,2,tara hangout central luzon din ako pm,safe
127,3,2,salamat po butt shots naman,safe
128,2,2,amazing body and love the bush,safe
129,3,2,grabe am in heaven think im seeing goddess,safe
130,3,2,sana pwede mameet siya,safe
131,3,2,salamin salamin sa dingding paano ang aking tingting hays thank you lord talaga by maloi,safe
132,2,2,so curved its warping space time com xxxciaxx imtrffjj,safe
133,3,2,thank for this damn naka loads ako sayo,safe
134,1,2,grabe napakaganda ng hubog ng katawan,safe
135,3,3,ung nag pipicture sa sala talaga yan nahiya lang ako hehehehe ang sexy mo grabeee that figure nakakagigil ng sobra maari maki hawak,nsfw
136,3,3,salamin sala mine ang sexy mo op omfg,nsfw
137,1,2,upuan mo na ang mukha ko,safe
138,3,2,ovulating magang maga ahh,safe
139,2,2,you should be proud of yourself,safe
140,2,3,let me lick and suck it,nsfw
141,2,3,perfect combination hot and slimy,nsfw
142,1,2,sarap linisin mo pa,safe
145,1,2,sige nga gusto ko madami ha,safe
146,2,2,thank you for sharing such an awesome sight,safe
147,2,2,and we always love to watch them,safe
148,1,2,pinapanood ko lang to te naramdaman ko na uli yung bigat ng likod ko whhashsjsha mabuhay ang mga big,safe
150,1,2,sarap laruin ng dila,safe
151,2,3,wow they are absolutely perfect very very sexy,nsfw
152,2,2,how do we meet,safe
153,3,3,ang hot mo po,nsfw
154,1,2,sarap busog buong taon,safe
155,3,2,san po ito bakit walang ganito near samin hahahahahahah,safe
156,2,2,wish im stranger while you recoding it,safe
157,2,3,why is this video so hot,nsfw
159,2,2,wow thats what like pls dm tg bullpampanga,safe
160,2,2,if you live in metro can,safe
161,3,2,kaso walang cctv dito sayang,safe
162,2,2,that would be so good to do love feeling your reaction to my tongue exploring it in public,safe
163,2,2,do it shaved next time hehe,safe
164,2,1,if you kiss my neck not responsible for what happens next,nsfw
166,2,3,jesus id suck on them for hours can,nsfw
167,2,2,loving all the support with that off on my channel till tomorrow,safe
168,1,1,napaka swerte ng tumitira sayo gabi gabi,nsfw
169,3,2,ang firm sarap ang sarap sarap,safe
170,2,1,ill kiss you everywhere,nsfw
171,1,2,sarap naman dakmain nyan,safe
172,2,2,not just the neck damn,safe
173,2,2,sorry but ill prolly skip your neck go straight to those melons,safe
174,3,2,swerte nung mga guy haha,safe
176,1,2,syet sarap may gatas ba yan mmmmmm,safe
177,2,2,if you get my reference,safe
178,3,2,sarap ganyan dati katawan nung ex ko hehe and hours dn non stop madalas,safe
180,3,2,same as mine kasi hehehe,safe
181,1,2,parang asawa ko to ah,safe
182,2,2,wish was on top,safe
183,2,2,for some reason just love your chest and sweaty neck,safe
185,2,2,sweaty and yummy my type,safe
186,3,2,pa share naman ng vid,safe
187,3,2,sweaty messy tasty yan yung masarap sa feeling talaga,safe
188,1,2,sarap dilaan basang basa ng pawis,safe
190,3,2,sana ma try ko,safe
191,1,2,gt sarap matulog pag ganyan katabi,safe
192,2,2,hahahaha sakto for lunch time cuddle for lunch nalang,safe
193,1,2,sarap naman gumising tapos eto unang makikita,safe
194,2,2,sarap how do get you on my bed,safe
195,2,2,would love to meet those haha,safe
196,1,2,ako po pagod na,safe
197,1,2,ay nako nako nako,safe
198,1,2,sinong hnd titigasan jan,safe
199,2,2,perfect way to end my stressful week,safe
200,2,2,my only tg urgirlbelle single scammers list urgirlbellee double urgirlbellee double and urgirlbelleee triple always check username before engaging ty,safe
201,2,2,mmmmm so yummy and juicy and delicious and sweet,safe
202,2,2,inches do lol and your now thinking he lying right lol,safe
203,2,2,all got is ins,safe
204,2,3,this is so hot,nsfw
205,2,2,more of this please,safe
206,2,3,let me lick those holes,nsfw
207,2,2,would slobber those holes deep with my toungue,safe
208,2,3,goddamn youre so hot,nsfw
209,1,2,sobrang sarap naman po,safe
210,1,2,ibang klase ang init ng panahon,safe
211,3,2,avail na kayo super legit ni belle,safe
212,2,2,why dont you take mine in for spin baby,safe
213,2,2,still so clean and tight,safe
214,1,2,uhhhmm sarap naman kainin nyan,safe
215,2,2,out of this world,safe
216,2,2,damn makes me want to taste you,safe
217,2,2,lovelyyy wanna eat hehe,safe
218,2,2,sings your body is wonderland ill use my hand,safe
219,2,0,does it also accept average cocks asking for friend,nsfw
220,2,2,delicious really want taste,safe
221,2,2,what would give to have gf like you,safe
222,3,2,labas nio pambato nio sa sub na to yan ang rank number ko,safe
223,1,2,ganitong ganito ang lalabasan ka ng maraming beses,safe
224,2,2,if only can would,safe
226,1,2,wait lang po tapusin ko lang nnn tas para sayo lahat to,safe
227,1,2,akin ka na lang iingatan kita,safe
228,3,2,ubos na huhu lage kasi ako naka antabay sa post mo,safe
229,1,2,wala pako nakikita tatalo dito,safe
230,1,2,masikip pa sarap bumaon,safe
232,3,2,yan nga gusto ko gawin ever since makita kita dito sa ikaw ata ultimate fantasy ko,safe
233,3,2,kawawa naman yung naghahanap padin dito sa nsfw acc mo hahahaha,safe
234,3,2,mas ok sa loob,safe
235,2,2,can feel the flesh,safe
236,2,2,midnight snack looking great,safe
237,2,2,would love to leak it,safe
238,2,2,you have to force me to stop eating that,safe
239,1,2,napaka gandang hayup ka,safe
240,3,2,may pink card ka,safe
241,2,2,free dont mind if do hahhahaha,safe
242,2,3,you have to most beautiful body have ever seen,nsfw
243,2,2,best slits ive ever seen so far,safe
244,1,2,singit palang ulam na,safe
245,1,2,mabelles lang to te,safe
247,1,2,araw araw nga eh,safe
248,1,2,palagi npapanaginipan na nga kita eh haay,safe
250,3,2,ughhhh yes sure at hinding hindi ako magsasawa sayo,safe
251,2,2,vcs meet up mam,safe
252,2,3,sipping for that lil sexy bod belle,nsfw
255,3,2,super ganda super sarap,safe
256,3,2,such soft tease sarap,safe
257,1,2,weh nasaan ung kalat ng kwarto mo,safe
258,1,2,ang perfect po so puti at makinis,safe
261,3,2,kelan ka gygym uli,safe
262,1,2,ang ganda pag may konti buhok,safe
263,2,2,would love to join in there,safe
264,1,2,ang bango and lambot siguro nyan hmm,safe
265,1,2,ang linis nakakatakam kainin,safe
266,2,2,dm me on tg,safe
267,2,2,send it to my tg brobot,safe
268,2,3,that looks so juicy wanna lick it,nsfw
269,2,2,would love to watch,safe
270,2,2,sure dm on tg,safe
271,2,2,love to see play,safe
272,2,2,want to watch your videos all the time,safe
273,2,2,almost got caught again,safe
274,1,2,iba tlga ung feeling pag kakagusing mo lng tas may dumaan na chix na bakat ung sarap masaya buong araw ko pag may nakakasalubong akong ganto eh,safe
275,2,2,more in public babe,safe
276,3,2,yunnn may bago nice,safe
277,3,2,sniper ka boss haha,safe
278,1,2,tanong mahuhuli mo ba,safe
279,1,2,pahuli ka na pls,safe
280,1,2,pgnahuli kta kain ka ahaha,safe
281,2,1,both its my dream to enter those holes of yours,nsfw
282,1,2,sabay na pwde naman dba,safe
283,3,2,both para ok na ok,safe
284,2,1,its tight hehe in also wild backdoor,nsfw
285,2,1,sarap backdoor but the looks more juicy,nsfw
286,1,2,maga kasi kaya ganyan haha,safe
287,1,2,swerte naman ng nagpamaga,safe
288,1,2,hahahahhaa ai ganun ba,safe
289,1,2,pwede ba sa bibig,safe
290,1,2,aral kalang walang problema sakin hahahhaha,safe
291,1,2,pakilala ka kasi ahhahajahaha,safe
292,2,2,do not post comment or share false misleading or defamatory information about any person including users creators or public figures this includes rumors unverified claims or intentionally distorted content we want this community to stay respectful and fact based spreading false information can harm reputations and create unnecessary drama,safe
293,3,2,report ka ngayon dahil fake news hahahahhahahahaha,safe
294,2,2,this needs the dolby soundtrack,safe
296,3,2,ang clean ganyan sana lahat,safe
298,1,2,kayang kaya pa ng isa,safe
299,2,2,perfect before during and after,safe
300,1,2,nakakatakam nmn kainin nyan,safe
301,2,2,we would love close up view,safe
302,2,2,more of this mizzz,safe
303,2,2,heaven is opening up even for me,safe
304,2,2,ready for another round baby,safe
305,2,2,get chance to win free sub on my channel,safe
306,2,2,seeing this got me extra hard,safe
307,2,2,love the leak let me plug it for you baby,safe
308,2,3,how do avail anything of yours sexy,nsfw
309,2,3,how do get more of this so sexy,nsfw
310,2,2,pm if interested got inches tool here height maputi and good hygiene maayos manamit lets have some fun,safe
312,2,2,wish you could do that to me,safe
313,3,2,ako naman next lods mas malaki tong sakin kesa jan,safe
314,2,2,thinking your two hands perfectly grips my,safe
315,1,2,di ka naman marunong,safe
316,1,2,di naman sa pinagooverthink kita pero what if ako nga yun hahahahah chariz,safe
317,1,2,malay mo ikaw na susunod,safe
318,2,2,more hj practice needed,safe
319,2,2,here just saw your recent post cant dm you hmu puuhleease,safe
320,1,2,meron din ako nyan hahs,safe
321,1,2,ang laki din ng iyo,safe
322,2,3,this is so hot what lucky guy,nsfw
323,2,2,ugh wish that was me,safe
324,2,2,damn sarap nian ha great body,safe
325,2,2,that thigh gap tho,safe
326,2,3,wow ha fit na fit close to hot,nsfw
328,2,2,man swear this body type is fine as heck,safe
329,2,2,because lot here asked for it,safe
330,2,2,who ever owned this girl you are lucky,safe
331,3,2,sarap kainin looks so clean,safe
332,2,2,obligatory reaction gif meme tax media giphy com media ylpeyxasyeppc giphy gif,safe
333,2,2,where video it got taken down,safe
335,2,2,can send you something,safe
336,2,2,my reaction when see you bent over imgur com bnncn gifv,safe
337,2,0,do you take cumtributes coz id like to oblige,nsfw
338,1,2,yang ang tunay na,safe
339,2,2,that simply mouth mastering,safe
340,2,2,to worship this everyday,safe
341,2,2,damn bet youd be yum to eat lovely thank you,safe
342,2,2,sheeesh baby would fill them holes up dm me,safe
344,2,2,now that great ask if ever there were one,safe
345,2,2,wish could eat that and,safe
346,2,2,both holes look delicious,safe
348,2,2,would love to eat all of that,safe
349,2,2,couldnt have asked for more delicious treat right after woke up,safe
350,2,2,where can see more,safe
351,2,2,that is looking delicious,safe
352,2,2,ill show my bikini in the next vid,safe
353,3,2,lord kita mo yan gusto ko rin yan,safe
354,1,2,mamamatay nalang kami sa inggit,safe
355,3,2,thank you ruru and carrot sana may missionary pov naman next hehe enjoy the vacation,safe
356,2,2,pinay girls know how to ride,safe
357,2,2,hey god where is this in my life,safe
358,3,2,parang feel ko hindi palawan yung masarap hahahahaha,safe
359,3,2,parang pwet lang ni lena paul,safe
360,2,2,not being gay but damn carrot has thick legs,safe
361,3,2,wow one of the best congrats idol,safe
362,3,2,ang sarap naman tapos sa palawan pa nakakamiss to be ridden like that,safe
363,3,2,enjoy na enjoy lung lalake,safe
364,1,2,saan kayo sa palawan,safe
365,1,2,namatay nanaman kaming lahat sa inggit hahahaha,safe
366,3,2,ganyan ka na pala sa iba lord pano kami,safe
367,3,2,damn swerte ni kuya,safe
368,1,2,kung carrot yang sinasakyan mo ako naman pangalan ng akin bungkokan taro hahaha,safe
369,3,2,ganito po need ko lord,safe
371,2,2,wala bang pov dyan,safe
372,1,2,ganyan ka pala sa iba lord,safe
373,1,2,sanaol nalang ang kaya ko masabi,safe
374,2,2,will you guys be searching for one time palawan fubu,safe
375,1,2,san kayo pumunta sa palawan,safe
376,2,2,sht always dreaming to try this positon damn,safe
378,1,2,si bro ay pinagpala sa lahat ng lalake,safe
379,1,3,familiar ung hotel seda vertis kaso palawan,nsfw
380,1,2,galing mo talaga ruru,safe
381,1,2,ayan na nga baga ang pinakahihintay ng lahat haha,safe
382,2,2,what cam do you use just curious,safe
383,3,2,mapapasana all ka na lang talaga,safe
384,2,2,lord is this too much to ask for ba,safe
385,1,2,binhi ni renan binaon sa taniman sa palawan,safe
386,3,2,mapapa sana all nalang talaga,safe
387,2,3,damn that was hot but get less squeaky couch lolol,nsfw
389,2,2,wow welcome to our island hope to meeting you guys someday with my wife,safe
390,1,2,hindi lang eut masarap sa ganyan kakinis dila himod buong katawan pati tumbong,safe
391,3,2,sana all ganito mag ride they exert effort inactivating quads and glutes hindi yung naka upo lang hahahaha,safe
392,3,2,sana ako naman next,safe
393,2,3,respectfully you re hot,nsfw
394,2,2,must be damm enjoy,safe
395,2,2,palawan ecstasy inside you,safe
396,2,2,pro top player urgh,safe
397,1,2,mas masarap ka pa din,safe
398,3,2,no words man just sana all,safe
399,2,2,wow let try look good,safe
400,3,2,me next just got here,safe
401,2,2,sobrang sarap hays nakakamiss,safe
402,2,2,check my direct messages,safe
403,3,2,kahit maliit maraming katas nice one keep it up,safe
404,2,2,felt naughty didn buy anything,safe
406,3,2,mahaba na po pila sa fitting room,safe
407,2,2,yep better without the top sundress would be perfect for you,safe
408,2,2,can decide what to wear eh,safe
409,2,2,if the weather allows it something that does off chest or midriff would get my vote,safe
410,2,2,yummy didnt like how they looked,safe
411,2,2,to me that body is perfect the right amount of everything,safe
412,1,2,hoy kaninong jowa tooooo,safe
414,2,2,fitting room fun you look great was it dress try on day,safe
415,2,2,looking extra cute in that outfit,safe
416,3,2,uniqlo checked saang store naman kaya next,safe
417,3,2,sana magawi ka uniqlo cainta,safe
418,2,2,almost married just one finger away,safe
419,3,2,come back home now beh di na ako galit,safe
420,2,2,that green dress might look good on you tbh,safe
421,1,2,swerte naman ni bf haha,safe
422,2,2,you look so expensive,safe
423,2,2,thank you for the rose haha,safe
424,2,2,gorgeous you just earned new follower,safe
425,3,2,baka need mo ng kasama next time,safe
426,3,2,bagay sayo yung dress,safe
427,1,2,kahit araw araw ka mag aya hindi nakakasawa,safe
428,3,2,in batangue acent ano gang pagkakasarap nayan,safe
429,1,2,bagay sayo yang suot mo,safe
430,2,3,so hot and sexy,nsfw
431,2,2,would love to see what you were trying on too,safe
432,2,3,hi how about some dressed pics sure you look beautiful and sexy in anything you wear specially that green dress on the side,nsfw
433,3,2,bagay yung green dress op pero mas bagay kung ako magtatanggal nyan,safe
434,3,2,pwede sumama next time,safe
435,3,3,what perfect rack sana masuso ko yan,nsfw
436,2,2,damn you look tight,safe
437,2,2,god was showing off when he made you huh,safe
438,2,2,can play with them,safe
439,3,2,kahit curvy pero yummy,safe
440,1,2,swabe akin ka nalang madam,safe
441,3,2,ahhhh perfect bod rapsa,safe
442,2,2,stunning babe thanks for sharing,safe
443,2,3,haha same us men papasok para mag pic kung hot sabay sukat wahah,nsfw
444,2,2,youve gotten thicker from what ive remembered,safe
445,1,2,putek ang ganda ng katawan,safe
446,1,2,ang sarao mo siguro maka landian,safe
447,2,2,they sit so nice,safe
448,2,2,your posts have made my day thank you,safe
449,3,2,perfect body para sa isang magandang binibini,safe
450,3,2,mas perfect kung hubad lahat,safe
451,2,2,since we reached new milestone view from the ront,safe
452,3,2,ang weird din nung position ng couch eh hahaha,safe
453,2,1,rockin bod though chef kiss,nsfw
454,3,2,ganda ng lahat pero parang ako yung nahihirapan sa rhythm it me problem,safe
455,3,2,marami kang insecurities brad dami mong nakikita enjoy mo na lang buhay mo,safe
456,2,2,can def agree with that,safe
457,2,2,hope my body is like this para hindi ako nahihiya,safe
458,2,2,yeah it just looks good on videos,safe
459,2,2,pero masarap din sya when done right your man could ram you turbo mode like bunny from that position too hahaha,safe
460,2,2,parang masmahirap kesa masmasarap hehe nice body po and yummy feet din,safe
461,2,2,yeah but we had to try,safe
462,2,2,lovely body but the sofa doesnt look safe to do this haha,safe
464,2,2,likes from the other post,safe
465,2,2,nice video thanks for sharing what was the milestone,safe
466,3,1,nice body sana makatry din ng ganyan ka fit masarap yan sa video pero masakit sa itlog yan lalo na pag nasa couch nalulubog mas maganda sa tantra chair try nyo dun,nsfw
467,2,2,honestly ignore the negative comments thats the luckiest guy on the planet and theyre all jealous asf lol,safe
468,2,0,come on its hot homemade yan guys watched too much porn prod,nsfw
469,3,2,samalat sa video nyo maam sir,safe
470,2,3,dang these are so sexy,nsfw
471,3,0,damn pwede sa jav lol,nsfw
472,3,2,nice vid ganda ng katawan mo ganda din ng paa mo damihan mo pa ng gantong vids suportahan ka namin,safe
474,2,2,we actually managed to do proper one but sadly wasn recorded,safe
475,1,2,laki na puks ni ruru,safe
476,2,3,hottest thing ive seen today,nsfw
477,2,2,slime samaa we want moooore,safe
478,3,2,ganda ng body panalong panalo toh bro,safe
479,2,2,jesus thats ridiculous body,safe
480,3,2,meron yung mga unang vid,safe
481,2,2,side view sana bro if meron haha,safe
482,2,2,yown upload na bro haha,safe
484,3,2,since ni post nyo na yan nxt time mmf na tayo nyan fc lol,safe
485,3,2,deng just gripe sa partner best effing position imho glingan mo pa,safe
486,2,2,abit small from the guy,safe
487,3,2,may master sa baba oh parang its almost confirmed rip,safe
488,2,2,name for educational purpose only,safe
489,2,2,bro woke up and decided to be gorgeous,safe
490,2,2,same toner and moisturizer hahaha,safe
491,2,2,damn need nice and wild filipina wife,safe
492,2,2,wow this is great mirrorshot,safe
493,2,1,inbox me if you wanna be little naughty,nsfw
494,3,2,same skincare ng partner mo,safe
495,3,2,wow deoproce sunblock kaya makinis,safe
496,2,2,glad to have you back,safe
497,1,2,kaka labas lng laabasan nnaman hays,safe
498,2,2,the funnest bags youll ever see,safe
499,2,2,that really nice pair,safe
500,2,2,someone used your photo,safe
501,2,1,you have very nice bewbs,nsfw
502,1,2,pinapasakit mo ulo ko,safe
503,2,2,those are amazing pillows,safe
504,1,2,dahil espesyal ang araw na ito may regalo ako para sa lahat,safe
505,2,2,yaaas and glad most of all got the message,safe
506,1,2,ipanalo na na to,safe
507,1,2,tama babae ang bubuhat,safe
508,1,2,maraming salamat ipanalona to,safe
509,1,2,noted pag nanalo siya may pasabog na regalo ulit ako basta ipanalo natin,safe
510,3,2,yesss an awesome video from my fellow kakampink woot woot if manalo ba si mam leni another espesyal na araw na naman ba at another regalo na naman ba para sa lahat sana youll do video playing on yourself,safe
511,1,2,ipapanalo talaga natin to,safe
512,1,2,ipanalo talaga naten to ate,safe
513,3,2,hmm after mag wax guro hahaha,safe
514,2,3,hot hot hot details,nsfw
515,2,2,tama doon tayo sa pink,safe
516,2,3,mmm sexy would love to savor your flavor,nsfw
517,2,3,hot damn blessed to witness this,nsfw
518,1,2,ang ganda mo ateeee,safe
519,2,2,girl you are gorgeous,safe
520,3,2,busy kasi sa ground campaigns and activities eh hehehe,safe
521,3,2,sana araw araw special,safe
522,2,2,omg conan hahaha cutieee,safe
523,2,2,obligatory reaction gif media giphy com media lykmm iintrii giphy gif,safe
524,2,2,thanks for sharing this you just made my day,safe
525,3,2,tama baka ma depress ako pag hindi hahaha,safe
526,3,2,siguraduhin mo yan ha marami pa rason para piliin si leni maraming salamat and welcome kakampink,safe
527,2,2,bbm ako dati pero ngayon kakampink na,safe
528,2,2,kaya nga eh nakakamiss din pala hahaha noted,safe
529,1,2,kulay rosas ang bukaaas,safe
530,3,2,may mga nauna po paki steal nalang po hahahaha,safe
531,1,2,pwde bang humabol pa mine po,safe
532,1,2,patingin ng tindig charot,safe
533,1,2,hahahahahahahaha maka leni sila,safe
535,2,2,we draw leni lang leni in malaca ang lt,safe
536,3,2,hahahaha itinakda talaga siguro na ganyan love ya too,safe
538,2,2,none hehe tease lang,safe
539,2,2,got the eye of the tigeeerr shabay shabay,safe
540,1,2,iba talaga mga kakampink eh,safe
541,1,2,ang lupit mo kakampink,safe
542,1,2,nasa tamang president talaga ako eh,safe
543,2,3,you are so sexy,nsfw
544,2,2,ako lang to ano ka ba charot hahhaha,safe
545,3,2,mukang need ko nang lumipat kay leni ahh lalo kung makikilala ko to haha,safe
546,3,2,ang ganda na pinkish pa saan ka pa,safe
547,3,2,switch na pala ako,safe
548,3,2,tara sa grand rally madam,safe
549,2,2,upvote and an award for you my dear,safe
550,1,2,nag babalik ipanalona to,safe
552,3,2,set from ganda hahaha,safe
553,3,2,namiss kita baby buti bumalik ka,safe
554,1,2,kulay rosas ang butas,safe
555,2,0,can cumtribute then send it to,nsfw
556,2,2,legit pink crush letlenilead,safe
557,2,2,welcome back queen we all missed you,safe
558,2,2,eto na fave ko ipanalonana to,safe
559,2,2,damn sana mameet kita pag uwi ko ng pinas,safe
560,1,2,hahahahaha bwisittt di na kasi matanggal yang stains na yan nililinis ko yan hahaha,safe
561,3,2,hi suggest spraying equal parts water and vinigar then punas it with cloth or tissue hahahaha might help,safe
562,3,2,ay sorry hahahah nag mamagandang loob lang po hehehe,safe
563,3,2,talsik yan nag stain na,safe
564,1,2,te pwede po akong mag linis ng salamin mo mejo madumi ma ehhh,safe
565,1,2,parehas nung ka fwb ko,safe
566,3,2,the toy is so pretty please tell me san ka umuorder,safe
567,3,2,ang sarap dammnn pwede ko bang kainin yan after mo nyan,safe
568,2,2,lagay ka rin kaya ng butt plug,safe
569,1,2,ang lakiii nga at kayang kaya mo,safe
570,3,2,grabe pagka utog mo babe,safe
571,3,2,baka masyadong mahaba ilang inches ba yan,safe
572,2,2,should be all night long,safe
573,2,2,can give you that all night long,safe
574,1,2,hahaha ako din eh kasing laki ng braso ko,safe
575,3,2,such good girl when kaya namin makikita first bbc experience mo,safe
576,2,2,ready na for bbc,safe
577,3,2,konti nalang parang takip na ng stick,safe
578,3,2,di ba masakit ganitong size sis,safe
579,2,2,go to my redgifs acc it should have an audio there,safe
580,2,1,sarap higupin ng katas mo,nsfw
582,3,2,sarap lalo kung may audio,safe
583,2,2,let me fill that other hole,safe
584,1,2,laki nga sarap na sarap ka ba,safe
585,1,2,sobrang nakakangalay sa totoo lang,safe
586,1,2,pwede ba yan pilahan after ng iyong laruan,safe
587,3,2,sayang na delete account may alam ba if gumawa sya ng ibang account,safe
588,2,2,please clean the mirror,safe
589,3,2,pro naghubad in public con linagyan ng puso,safe
590,2,2,fancy to think this is ai wanna see the uncensored one,safe
591,2,2,can see the uncensored version for thesis only,safe
592,1,2,uy patingin sa makati ka ba ulit bukas,safe
593,1,2,patingin nga kung di ba talaga ai,safe
594,2,2,can we see video of her showing those,safe
595,2,2,would like to see that,safe
596,3,3,do the deed in public mas hot yun,nsfw
597,3,2,can see it too haha for my thesis defense lang,safe
598,2,2,yes grok nsfw circumvention technique,safe
599,2,3,hottt but looks ai,nsfw
600,2,2,very brave of you,safe
601,2,2,girl dont even have words lmaoooo,safe
602,2,2,the cctv guys brought home the footage from that moment,safe
603,2,2,dela rosa elevated walkway makati,safe
604,2,2,that is an awesome flash,safe
605,2,2,plenty wild you look so beautiful too what stunning view,safe
606,2,2,very nice just wild enough,safe
607,2,3,hot damn free them puppies,nsfw
608,2,2,enjoyed this way more than should have,safe
609,2,2,so lucky nman ng photographer mo,safe
610,2,2,that skin looks yummmm,safe
611,2,2,the kind of crazy like,safe
612,3,2,wow very nice po hehehehe,safe
613,3,2,wala ka suot na bra,safe
614,1,2,ibigay mo na sa min yan plsss,safe
615,2,3,so sexy getting excited,nsfw
616,3,2,lakas loob ah this looks like somewhere in makati yung tinatawag namin dati na snake road,safe
617,3,2,di pa sinagad dpt wala ng cover at damit lol,safe
618,3,3,wild and free mukhang elegant girl ka din ang hot talaga pag public dares ingat lang baka makasuhan ka ng public indecency prision mayor ang penalty jan,nsfw
619,1,2,di kayo natatakot talaga noh,safe
620,1,2,naol matapang op ha ha ha,safe
621,3,2,omg slay ka dyan mother,safe
623,3,2,parang tuta haha ang cute,safe
624,2,2,clara who who the first girl,safe
625,2,2,dont know anyone except,safe
626,2,2,ok how about le slicks,safe
628,3,2,boss pwede malaman ang username nila ruru at mina gusto ko lang ifollpw ang dalawa,safe
629,3,2,si mrcarrot lang makakasagot niyan men sorry,safe
630,1,2,ano po ang secret for more fwbs still looking and ang hirap talaga,safe
631,3,2,gusto ko ung una mr caroott lopitt,safe
632,3,2,boss ano username nila ruru at mina follow ko lang sila salamat boss,safe
633,2,2,youre living the dream,safe
634,2,2,why you still using imgur,safe
635,3,2,damn kinis and mapuputi nice,safe
636,3,2,the best yung lastt,safe
637,3,2,april boy idol hehehe,safe
638,1,2,dun tayo sa pang una,safe
639,3,2,lupit ng pacing mo idol,safe
640,3,2,all wanna know is anong kanta yung nagpe play on the second clip para mai add sa bed playlist hehe,safe
641,3,2,nagpost na naman si idle,safe
643,3,2,akala ko sabay sabay master hahahah,safe
644,2,2,do any of these girls have or twitter,safe
646,2,2,how to be carrot,safe
647,3,2,post run endorphins at rumaragasang estrogen,safe
648,2,2,if you want will help you showering after your run,safe
649,3,2,wow as in wow,safe
650,1,2,ang alat tigna sarap dilaan,safe
651,2,2,that braces tho sooooo lovely,safe
652,2,2,can smell your armpits,safe
653,3,2,hi maam share details please salamat,safe
654,2,3,damn so sexy lets chat in dm,nsfw
655,3,1,sarap dilaan ng kilikili mo after run,nsfw
656,1,2,sarap siguro masapak ako nyan hehe,safe
657,2,2,no joke ilike your smile,safe
658,3,2,this is what like sweaty and masarap,safe
659,3,3,sarap magpapawis at ma lick upside and down yang nasa pinagpawisan,nsfw
660,1,2,gusto ko dilaan kilikili mo,safe
661,3,2,oohh that pits deyum,safe
662,3,2,bigla ako napa follow,safe
663,2,3,ill lick off that sweat for you,nsfw
664,2,2,damn can we go for cardio sesh den hahahaha,safe
665,2,2,new crush unlock more please,safe
666,3,2,ang kinis whats her skin care regimen,safe
667,3,2,wala eh should we make one,safe
668,2,2,agree your content will do great hehe,safe
670,2,2,new follower new crush,safe
671,3,2,gusto ko den ng ganyan huhuhu puro lalake na aattract ko ok lang din naman pero miss ko na babae talaga oh my god,safe
672,2,2,ates curves is giving ughhh love it,safe
673,2,2,how do get imgur links to work,safe
674,3,2,hahahha medyo lame kuha ko,safe
675,1,2,hahahaha hanggang nood ka lang kawawa naman,safe
676,2,2,what sad comment from guy who can only watch in envy there there,safe
677,2,3,you look so hot,nsfw
678,2,1,you re so naturally beautiful what else is unshaved,nsfw
679,2,3,and so hot and beautiful damn,nsfw
680,2,2,that the best just let it grow,safe
681,2,2,please never stop posting,safe
682,3,3,damn ang hot nyo po,nsfw
683,2,2,as its supposed to be,safe
684,2,2,you look so amazing wish to have closer look to everything of your body,safe
685,2,2,looking good now lets see the kitty,safe
686,2,2,youre looking lovely honey cant take my eyes off of you,safe
687,2,3,mmm is love to explore your body taste you,nsfw
688,3,2,salbahe damn swerte ng mapapangasawa nito hehe,safe
689,3,2,kaya type ko talaga mga curvy,safe
690,2,3,pwrfect mommy can suck thst,nsfw
691,2,2,perfect size and shape,safe
692,2,3,love ur body so sexy,nsfw
693,2,2,okay lang unshaved basta walang amoy,safe
694,2,2,at prime such character,safe
696,1,2,sarap dilaan kili kilimg mabuhok,safe
697,2,2,love the natural look,safe
698,2,2,please grow your armpit hair,safe
699,2,2,wow your body is wonderland,safe
700,3,3,perfect rack are up to chinito guy like me,nsfw
701,3,3,swerte ng mapapasayo shet grabe lahat ng parts mo ang hot specially armpits mo,nsfw
702,2,3,so hot and yummy,nsfw
703,2,2,distracting you from the fact that all sweaty and messy,safe
704,2,2,you are perfect how you are darling although wouldn say no to shower workout,safe
705,2,2,like it sweaty btw plus those pits perfection,safe
706,2,2,love how look when ur sweaty,safe
707,2,2,mmmmm you look so yummy,safe
708,1,2,sarap pa den kahit pawis,safe
709,2,3,hot body and beautiful smile literally the girl of my dreams,nsfw
710,1,2,kaya pala front signature,safe
711,1,2,malambot ang katawan mo ang saraaapp himaa himasin,safe
712,2,2,how is she so finnneee,safe
713,2,2,we can get sweaty and messy together im not scared that easily you look lovely dear,safe
714,1,1,sarap dilaan ng pawis haha,nsfw
715,2,2,your sweaty body makes me crave you more,safe
716,2,2,why you need distracting,safe
717,2,2,like sweaty and messy,safe
718,2,2,lovely would shower with you to make you all clean,safe
719,2,3,you look so good and hot hehe,nsfw
720,2,1,first two pics deserve to be on brapeeking xx,nsfw
721,2,3,is it just me or are you getting hotter day by day,nsfw
722,2,2,damn can work you out mean workout with you,safe
723,2,2,cutie and tease active too enjoy your day sweaty cutie,safe
724,2,2,but sweaty and messy makes it better,safe
725,2,2,shall we get even messier,safe
726,2,2,idc how sweaty you are give it to me babyyy,safe
727,2,2,nothing like slurping it all up after workout,safe
728,2,3,it sweaty and sexyyy,nsfw
729,2,2,sweaty is so goood mmmmmmm,safe
730,2,2,love sweaty and messy,safe
731,2,2,ik those are heavy shoudl let me hold em for you,safe
732,2,2,dont mind sweating with you and messing you up even more,safe
733,2,2,golden shower if ur up to it,safe
734,2,2,thats the best time to do it,safe
735,2,2,another mirror sel ie,safe
736,1,2,haha may naglinis na,safe
737,1,2,ang linis ang sarap,safe
738,1,2,nilinis yung salamin grabe kita ko na buong kagandahan mo,safe
739,2,2,what stunning view to behold,safe
740,2,2,your hair looks niceeee,safe
742,2,2,dasurv ang pagbalik more pics please,safe
743,1,2,salamat sa malinis na salamin,safe
744,2,3,ang cute and sexy salamat sana masarap po ang ulam mo ngayong lunch,nsfw
745,3,2,tara na mag explore na tayo,safe
746,1,3,hottie naman maam pa experience,nsfw
747,1,2,sarap nmn nyan lods,safe
748,2,2,love your lil bush,safe
749,2,3,you have very beautiful body thank you for gracing us with your beauty,nsfw
750,2,3,straight na babae here but daaamn gurl you hottie,nsfw
752,1,2,ang sarap nyo po,safe
753,3,2,anong iphone gamit mo bhie,safe
754,2,2,mirror mirror on the wall who the prettiest of the all,safe
755,2,2,more pics pleaseeee sariwang sariwaaa,safe
756,2,2,best hair for pulling,safe
757,2,2,wish that was two way mirror so could burst from the other side,safe
758,2,2,the proportions are just freaking perfect,safe
759,2,2,you have pretty bush,safe
760,2,2,very cute my hands would not be able to keep to themselves,safe
761,2,2,ah welcome back correct me if wrong but were you active on twitter back in the day,safe
762,2,2,girlyyyy you do look cute tho wym feltt its objective that are,safe
763,2,3,and hot as well,nsfw
764,2,2,you look so good,safe
765,2,2,want that perfect body,safe
766,2,2,yes you are my dear,safe
767,2,2,oh my waw breath taking,safe
768,2,2,sheesh parang ang sarap trace yung curves mo with my hands,safe
769,2,2,god damn yung curves,safe
770,2,2,exquisite body love want to see soon handsome blk man from nyc in manila bbc lmk check dm,safe
771,2,2,perfect body ever seen,safe
772,2,2,damn are you pretty very lucky lover of yours,safe
773,2,3,damn youre so sexy girrrl naway lahat,nsfw
774,2,2,that curve got me strong the meat of mine,safe
775,2,2,wag mo sabihin na taga ka ur body looked someone know,safe
776,2,4,so freaking sexxxxyyyy love ti make as my wallpaper,nsfw
777,2,2,id worship that body,safe
778,2,2,juicy in all the right places,safe
779,2,3,hot perfect curves body tea,nsfw
780,2,2,your body is so beautiful,safe
781,2,2,mamamiaaaa love the curves,safe
782,3,2,hii sayang hindi kita ma chat huhu,safe
783,1,3,ugh sobrang hot kakagigil naman,nsfw
784,3,2,damn grabeng balakang yan,safe
785,3,2,sorry kaka discover ko lang ng sub na to pero dayuuuuuum girl,safe
786,2,2,just want to say na urvrlly gorgeous,safe
787,2,2,hii hope this doesn come off weird but your photo honestly caught my attention in really nice way trying to learn how to draw and thought ask would you be okay if tried sketching you if you end up liking it love to be friends too and can spoil you with praises and portraits,safe
788,2,2,the best body perfect shet,safe
789,1,2,stress posting ulit kasi wym di pa rin ma balance na adjust ko naman na lahat,safe
790,1,3,pero samyang and hotchix sounds yummy nyttttt argh would luv eat now kaso bwisit ka along ang baho sa caloocan grr na balance ko after hr hihi trip ko lang mag drama,nsfw
791,2,2,applying to be next,safe
792,3,2,iniisip ko kung anong binabalance mo if equation ba ledger or something else haha anyway masarap nga samyang noodles,safe
793,3,2,lesson learned idepreciate ang land,safe
794,3,2,ganda ng shape hugis na hugis,safe
795,2,2,cutie terno nails at top mo ng color,safe
796,2,2,love the silhouette of the st pic artsy,safe
797,2,2,wow you are gorgeous,safe
799,2,2,amazing whatd you do to get balance,safe
800,1,2,sana pala di ko binasa yung caption bumalik ang mga ala alang ibinaon ko na sa aking kaloob looban,safe
801,3,2,pretty nice ganda ng shape,safe
802,1,2,nagutom ako dun sa samyang makaluto nga lintek,safe
803,3,2,sorry to say this but hope youre stressed all the time para post ka lng ng post dito,safe
804,3,2,not hoping for more hardships but sana marami kapa di ma balance haha,safe
805,2,2,this is nice like it,safe
806,2,2,can cook you the best pancit canton if you let me,safe
807,2,2,cool story bro hold my beer,safe
808,3,2,whooh gusto ko magsabi ng masa sama na wordsz,safe
810,2,2,step bro what are you doing,safe
811,1,2,bat naman ganyan tol,safe
812,1,2,ang sarap naman dedehin nyan,safe
813,2,2,pls check dm bro,safe
814,3,2,parang taba na bro,safe
815,2,2,whats your ig haha,safe
816,1,2,grabe recoil ni bro,safe
817,1,2,salamat sa biyaya brooo,safe
818,3,2,ang lusog lusog mo namn bro pafist bump haha,safe
819,2,2,bruh those are nice,safe
820,3,2,yummy ang bilog nmn yn,safe
821,3,2,holy moly bro lols sherep mo naman mommy,safe
822,2,2,those def the jugs,safe
823,3,2,kasing lambot ng cotton candy,safe
824,3,2,ay weh sige sorry bra,safe
825,2,2,yes na yes bro,safe
826,1,2,grabe brooooo isa kang alamat,safe
827,1,2,kelan kaya mahahawakan yan,safe
828,2,2,dm you po need ko lang confirm,safe
829,1,2,bro basbasan mo ko,safe
830,1,2,laki naman yan bro sarap,safe
831,3,2,bro pwede ka ba ibrocha bro,safe
832,1,2,sabi nila sa umpisa lang masakit bro,safe
833,3,2,thats so unfair koya,safe
834,3,2,baka bro for brochahin,safe
835,3,2,pang housewife yung katawan pwede ka ba anakan,safe
836,1,2,hayaan mo na lang sila wag mo dibdibin mga sinasabi sa yo,safe
837,3,2,laki naman nyan bro,safe
838,3,2,lupet mag edit bro,safe
839,2,2,is that real bro,safe
840,2,2,juicy ripe melons dear my drooling compliments,safe
841,2,2,don call me bro friend,safe
842,3,2,laki nyan bro ah pahawak nga bro walang malisya bro ah,safe
843,3,2,bro di ko maniwala hanggang di ko mahawakan yang pecs mo,safe
844,2,2,goddamn want them milkers bro,safe
845,2,2,bro pakiss as friends,safe
846,1,2,ako na bahala humawak diyan bro,safe
847,1,2,ganda ng dibdib mo bro pano yan,safe
848,2,2,you got some lovely front bumpers babe,safe
849,3,3,lord na curious lang po ako silipin ang nsfw kasi dumaan na naman sa wall ko kakarefresh,nsfw
850,2,2,nice chest bro how much do you bench bro haha,safe
851,3,2,bro pa isa nga,safe
852,3,2,matagal na kitang crush bro,safe
853,2,3,damn bro thats hot,nsfw
854,2,2,nahh bro id win,safe
855,3,2,anu gusto mo step sis,safe
856,1,2,nkaka gutom pwede makikain,safe
857,2,4,bro want breast milk,nsfw
858,3,2,hindi ako naniniwala bro,safe
859,3,2,yeah bro tara ntot sagad magdamag,safe
861,1,2,ang laki niyan bro,safe
862,3,2,sh bro ang sarap,safe
863,3,2,wala na bro yan lang,safe
864,3,2,bro anlaki nyan ah,safe
865,2,2,yes bro nice tatas bro,safe
866,3,2,share mo naman chest workout mo bro,safe
868,1,2,hindi naman po papa,safe
869,2,2,they look so pillowy soft,safe
870,2,2,bad trip bro here for you,safe
871,2,2,told my gf to straddle,safe
872,3,2,yes to raw talaga,safe
873,2,2,asking the important question,safe
874,3,2,single ba gf mo hehe,safe
875,2,3,want to borrow your hot gf,nsfw
876,2,2,more bro hehe solid riding,safe
877,1,2,grabe sarap nya naman sumakay,safe
878,2,2,definitely one good ride,safe
879,3,2,ang galing ng gf mo bro swerte mo,safe
880,2,2,nakakamiss mawarak ng ganito huhuhu,safe
881,2,2,damn bro really investigating the girl miss her too,safe
882,2,2,lucky guy how do meet someone like her,safe
883,2,3,nice room which hotel is this,nsfw
884,2,2,as foreigner with pinay gf this is my fear,safe
885,2,2,yeah guess im foreigner too do chat with pinay here that have met in person who has foreign partner she wont hook up so you know it depends,safe
886,2,2,you like girls who has partners,safe
887,2,2,they are great they dont swell hopefully and dont tell,safe
888,2,2,haha okay have you ever been bull,safe
889,2,2,not intentionally only with that one girl,safe
890,2,2,yeah she was at little bar on the beach and offered her ride home but then offered her to come to my place it was later she mentioned her partner,safe
891,2,2,glad to see your still posting op,safe
892,2,2,guys are so lucky damn,safe
893,2,2,love to meet this or,safe
894,1,2,sana all reddiort girls baka naman,safe
895,2,2,she does so well,safe
896,2,1,if there are flirting with me and thier partner is on the other side of the world so far have had girl with partner should ask her why she went with me even though she has partner,nsfw
897,2,2,how do you guys meet do you msg on and meet or random lang na na mention may din pala sila,safe
898,3,2,that moan ugh sarap naman,safe
899,2,2,dm sir newbie here,safe
900,3,2,ito yung pia from the aj story ni carrot rd girl in the same day,safe
901,2,2,another mirror sel ie for saturday gt,safe
902,2,2,can tell thats beautiful woman hidden by her phone looks matching your gorgeous body,safe
903,2,3,wish had this view every day you are so damn hot and pretty,nsfw
904,3,3,my gawd ang perfect ang sexy mo po ate,nsfw
905,2,2,damn that kitty kat clean,safe
906,2,2,first thing saw waking up and opening my phone,safe
907,2,2,scar ba yun lods,safe
908,3,2,miss dati eyes lang pino post mo ngayon yan nalang natakpan sayo grabe ang ganda mo sa parehong photo with or without the eyes,safe
909,2,3,sexy woman just made mess on my screen,nsfw
910,3,3,ang hot mo namam sis,nsfw
911,2,2,thank you for your service,safe
912,3,2,damn sarap naman ng katawan,safe
913,2,2,bagay siguro yung yellow dress sayo huhu nice body,safe
914,2,3,very hot and adorable,nsfw
915,1,2,wow sarap naman nyan,safe
916,2,2,damn youre so fine,safe
917,2,2,wow coca cola body indeed,safe
918,2,2,im in awed can we be friends,safe
919,2,2,omfg wouldn be able to get enough of you,safe
920,2,2,one has to love perfect lady in mirror selfie,safe
921,1,2,ang sarap kahit lawlaw,safe
922,2,2,eggs aren the only thing getting hunted today,safe
923,2,2,that bikini looks like its been painted on,safe
924,3,1,bakit parang edited lang yung underwear nakahubad ka ata tinakpan mo lang,nsfw
925,2,2,gorgeous body can we see your whole body next if you are ok with it,safe
926,2,2,curious to know what brand is your ms paint light blue bikini,safe
927,3,2,welcum back pa minsan lang mag post pero every post is bomb,safe
928,2,2,take it all off,safe
929,2,2,damn you are one naughty girl,safe
930,2,2,damn exhibitionist ganto ang inaabangan ko pag nasa beach ako eh,safe
931,1,2,ang init na pina init mo pa,safe
932,2,2,post dinner flash hehe,safe
933,2,2,know its been said already but love the presence of the bikini tee hee hee id love to see the origonal tho,safe
934,2,2,be free by ms paint,safe
935,2,2,happy cake day nung,safe
936,2,3,slim curvy and sexy,nsfw
937,2,2,ck me like im your only tch,safe
938,1,2,umaalog pati utak ko,safe
939,3,2,what title ba ito haha,safe
940,2,3,thats freaking hot asf,nsfw
941,2,3,wow hotels even sa cr meron love chair,nsfw
942,2,2,motel suggestions na may love chair please,safe
943,2,2,damn thats some nice workout,safe
944,3,3,saang hotel to pls huhu me and my gf want to try this,nsfw
946,3,2,actually dahil saktong ballad ung nagpplay while ganitu ung activity nagmukha tuloy meme mable ung vid hehe,safe
947,3,2,kaya pala nagtataka ko hindi ko mawari ung moan bisaya pu pala kayu,safe
949,2,2,cardio at its finest,safe
950,1,2,oi hanep ang laban na laban,safe
952,1,2,ah nawala na agad,safe
953,2,2,he went to town on that,safe
954,1,2,ah para dyan pala yun,safe
955,3,2,asa ni nice lagi ni na place,safe
956,2,2,that slap in the end ahahahahha,safe
958,2,2,content creator of all time,safe
959,3,2,love that pero kailan kaya ulit,safe
962,3,2,ganyan pala gamitin kala ko gaming chair,safe
963,3,2,am hearing it right ywa ka babe,safe
964,3,2,para akong magrrelapse sa kanta,safe
965,3,3,damn thats hot next ako pls,nsfw
966,2,2,pot belly dad bod,safe
967,3,2,di na opaw uy hahaha its his shoulder imong nakita sa mirror,safe
968,3,2,pano magbupload ng may sounds,safe
969,2,2,dm lets talk foreigner bull here,safe
970,2,2,ali diri sabak daddy be,safe
971,3,2,saang motel my ganito,safe
973,2,3,if you dont mind can tell us wheres that room or whats the name of the hotel,nsfw
974,3,2,salamat boss ikw pala ang dakilang hokage na tagapagtatag sa sub na to,safe
975,1,2,yawa lage ka hahhaa,safe
976,2,2,gaming chair for men,safe
977,3,2,lord kelan ko ma eexperience ang ganito,safe
978,2,2,good god wanna be rode like that,safe
979,3,2,na feel ko to,safe
980,1,2,kailan kaya ako mkakahanap ng babae katulad nya,safe
981,2,2,ohhh so thats one way to use that device,safe
982,1,2,lami ah sa kayat,safe
983,1,2,giling mo pa lang rawr sarap naman kainggit,safe
984,2,2,whatta rider wont last long with that grinding,safe
985,2,2,klaroha og asa ni dapita but still good job padayon hahaha,safe
986,2,2,came from just watching damn,safe
987,1,2,grabeee sobrang sarap naman nyan,safe
988,1,2,di ko kakayanin yung request na ganyan hahaha ang galing gumiling,safe
989,2,2,luckiest brotha you beast madame,safe
990,3,2,these chairs are amazing really useful pero since its leather naglalagkit sa pawis,safe
991,1,2,ganda ng abs ni girl pampa workout din yan upuan na yan,safe
992,2,2,that quite fun chair all have there,safe
993,3,2,calling me tita is not arousing yah know bawi ka nlng next life,safe
994,2,2,so that how you use it,safe
995,3,2,hahaha sure super sanay ka na sa ganung comments ang hirap ksi makahanap ng may wild side sa pinas and kung meron man they are often with alphas haha,safe
996,3,2,hahaha lord when ba,safe
997,2,1,daymn girl wish you could ride me like that,nsfw
998,3,2,try mo ulit next time ikaw naman umupo,safe
999,1,2,parang mas gusto ko ako uupuan haha,safe
1000,1,2,ganun pala sa guy di ko pa naranasan na ako umupo dyan ah haha,safe
1001,3,2,grabe good idea nakatapat sa aircon kasi for sure grabe mag pawis sa ganyang material na upuan,safe
1002,2,2,exact words say to my man,safe
1003,1,2,sa lahug ql ni,safe
1004,3,3,san po hotel yan,nsfw
1005,3,2,naka ilang set po kayo lods,safe
1006,1,2,sa sogo po ba to,safe
1008,3,2,sa harap ng aircon really di ba malamig,safe
1009,2,2,wanna see your face,safe
1010,2,2,jade mani oh nice grind po,safe
1011,2,0,threesome carrot and hot or hehe,nsfw
1012,1,2,like kwentong biglaan pakwento naman dyan,safe
1013,3,2,kwento mo sa aj mrcarrot hahaha,safe
1014,1,2,upvote to para malaman ang kwento,safe
1015,1,2,init namn nito deym,safe
1016,1,2,ayan tayo sa biglaan hahaha,safe
1017,3,2,this wasnt planned btw biglaan lang lol,safe
1018,2,2,same thoughts sana all op,safe
1019,3,2,dibaaaaaaa slide in my na,safe
1020,2,2,she eats well good girl,safe
1021,3,2,pano mag post ng may sound op,safe
1022,3,0,hot video sana may pang pornhub,nsfw
1023,2,3,man this is so hot to watch,nsfw
1024,2,2,couple here want to play next time,safe
1025,3,2,sa puntong to gusto ko nlng mging carrot,safe
1026,3,2,sana makaexperience din ako ng ganto bago ako mamatay hahaha,safe
1027,2,2,hmu ruru and carrot if ever you need another guy hahaha,safe
1028,3,2,reddit nung girl pls hehe,safe
1029,2,2,that guy has to be paying them lol,safe
1030,3,2,youve gained fan ansarap po,safe
1031,3,2,sarap titigan parang art,safe
1032,1,2,mukang masarap tulog ko ngayong gabi ah,safe
1033,2,2,theyre so damn pretty,safe
1034,1,2,parang ana de armas,safe
1035,2,2,worth saving to my gallery,safe
1036,2,2,would like to thank the academy for this golden globe love holding it,safe
1037,2,2,damn damn damn wanna taste them,safe
1038,3,2,whoa ano po qualifications,safe
1039,2,2,where do sign up lmao,safe
1040,2,2,pasend na lang ng cv sa gustong pumila,safe
1041,2,2,mmm girl that knows how to ride love it,safe
1042,2,2,bet you liked it,safe
1043,3,1,galing naman po magtwerk,nsfw
1044,3,2,me sana ako next,safe
1045,2,2,id love to be next,safe
1046,3,2,sana swertehin ket vcs hahahahahaha,safe
1047,3,3,tindi haha hot vid kuddos,nsfw
1048,3,2,all goods kaso alaws sounddddd,safe
1049,2,3,just wondering would you still have sucked him if he hadnt gotten tuli,nsfw
1051,3,2,mapapa sana all na lang tayo lahat haha,safe
1052,3,2,waiting sa next guy and post,safe
1053,3,2,saan po kukuha ng number,safe
1054,1,2,pwede ba ako ahahah,safe
1055,3,2,the sound is bit muffled ll record new video na lang better audio,safe
1056,1,2,hi pwede makipag collab sayo,safe
1057,2,2,damn thats some good pov,safe
1058,3,2,laki ng eggplant huhu,safe
1059,3,2,galing mo po sana ako next,safe
1061,3,2,first time ko mag comment dito sa though matagal ko na syang ginagamit more video please im completely addicted to you,safe
1062,3,2,ako na ung last,safe
1063,1,2,ate pwede po ako,safe
1064,3,2,ako po pa next,safe
1065,3,2,baka pede ako na next,safe
1066,2,2,you can drain my balls,safe
1067,2,3,oh me next please looks hot,nsfw
1069,2,2,would love it when visit next year,safe
1070,1,2,bf nya yan wag na kayo umasa hahahaha,safe
1071,1,2,pwede bang pa next,safe
1072,1,2,sila hahaha magkandarapa sila mag unahan sayo,safe
1073,1,2,sanaol me me me,safe
1074,2,2,sino as in the latin word for chinese,safe
1075,1,2,pwede pa next naman,safe
1076,2,3,that looks very hot,nsfw
1077,2,2,ck dont know if could last long with those moves,safe
1078,2,2,where to send cv,safe
1079,2,2,how to join sa line up,safe
1080,3,2,pde po ako next alabang area po,safe
1081,3,2,swerte nun guy kung wala ka relasyon sa kanya haha,safe
1082,2,2,morning ruru enjoy your vacay with mrcarrooott,safe
1084,2,2,finally waited year for this,safe
1085,2,2,youre so kawaii coming from girl here,safe
1086,2,2,that wouldn mind staring all day,safe
1087,2,0,we had the beautiful doggy style dont forget,nsfw
1088,2,2,love it to the moon and back,safe
1089,3,2,sunod idol hiwa reveal naman labyu,safe
1090,2,2,wow those are literally perfect babe,safe
1091,2,2,beautiful tnx for sharing,safe
1092,1,2,tagal kong hinihintay to,safe
1093,1,2,muling pagkabuhay talaga ang araw na ito,safe
1094,2,3,holy hot diggity damn,nsfw
1095,2,2,sarap dilaan ng armpits kagigil,safe
1096,1,2,sana masakyan mo ko balang araw,safe
1097,2,2,ruru posted new pic ooohh raaaaaahh,safe
1098,2,2,my mind tell me that she peachyoyster but my heart tells me she different,safe
1099,3,2,galing lang yan sa google,safe
1100,3,2,hindi ka ba nagsasawa kay mr carrot dont wanna try me as fan,safe
1101,2,2,ter or watch me while do it,safe
1102,2,2,wonder how men can be gay,safe
1103,2,2,slide in raw and fill you up,safe
1104,3,2,sayang naman yung juice hayaan mo kong dilaan yan op please,safe
1105,2,2,hi crush need help,safe
1106,2,2,youre one of my favorites here in phgonewild lt,safe
1108,3,2,kulit mo op haha,safe
1109,2,2,me beautiful figure you have there,safe
1110,2,2,the best things come in smol packages,safe
1112,2,2,theyre enough to keep the hands busy,safe
1113,2,2,prefer them yours are absolutely perfect,safe
1114,2,3,woooow youre so sexy lt would love to see more of you,nsfw
1115,2,2,youre so perfect ughh,safe
1116,1,2,the real question is who doesnt,safe
1117,3,3,sexy na hindi dds perfect,nsfw
1118,2,2,hell yeah if can get them in korea,safe
1119,2,2,everything see here is perfect,safe
1120,2,2,mad most approved definitely,safe
1121,2,2,quality gt size lt,safe
1122,2,2,what perfect body lt,safe
1123,2,2,those are just the right size for your body very proportional,safe
1125,2,2,they re cute who cares love them,safe
1126,3,2,so milky white sarap dilaan lahat ng parte ng katawan kahit kasuluk sulukan di ko palalampasin,safe
1127,2,2,looking damn tasty to me,safe
1128,2,2,love them and down there,safe
1129,2,2,all sizes are loved,safe
1130,2,2,me likey me likey lot,safe
1131,2,2,lt tactical dot for reasons,safe
1132,2,2,incredible lady love your fur too,safe
1133,1,2,conservative in real li thirst trapper naman online,safe
1134,2,2,oh my goodness post more for us please,safe
1135,2,2,thank you hihihihi mejo nahihiya pa ako hahaha,safe
1136,2,2,yayyy you finally made your first post here congrats,safe
1137,2,2,those are damn perfect bet you look cute as hell too,safe
1138,2,2,damn is that you wedesday haha,safe
1139,2,2,dual personality love it more please,safe
1140,2,2,welcome to the world of phgonewild,safe
1141,2,2,lowkey pero packing inside haha the fun begins when it goes out beneath the sheets hihi,safe
1142,2,2,so round and full keep em coming,safe
1143,2,2,more pls we promise to oggle admire and show appreciation,safe
1144,2,2,can we be friends po,safe
1145,1,2,sa bs pa lang panalo na pati na yung hitsura op,safe
1146,2,2,could tell ypure packing something under that tee,safe
1147,2,2,and stayed here for atleast mins guess the trap worked,safe
1148,2,2,the shirt looks really good on you,safe
1149,1,2,laki ng anxiety mo pedro pascal is dat hahaha,safe
1150,2,2,getting anxious damn huge knickers bockers,safe
1151,2,2,need to move to the philippines,safe
1152,2,2,wow you have to show us little bit more please,safe
1153,2,2,try thirst trapping in real life see far you can go,safe
1154,2,2,looking real good baby let me slide in your dms,safe
1155,2,2,for sure lot of people around you wanted to taste you but too afraid to ask,safe
1156,2,3,dm me that is very hot,nsfw
1157,2,2,if matrap man ako yaw ko na unexit,safe
1158,1,2,sarap nmn niyan ma am,safe
1159,2,3,heavenly rack sent by heaven,nsfw
1160,2,2,unreal asking for more please,safe
1161,3,2,anong tiktok ig mo madam,safe
1162,3,4,kaya mo nude madam,nsfw
1163,1,2,wow grabe mam nauhaw talaga ko hahahaha,safe
1164,3,2,pasend ng details if magkano set,safe
1165,2,2,thats beautiful bra good fit too need more of those,safe
1166,2,2,hope you post more,safe
1167,2,3,hot damn nice rack,nsfw
1168,3,2,mabilis na grocery lang no bra,safe
1170,2,2,love girls who go commando in public,safe
1171,2,2,amazing beauty thanks for sharing,safe
1172,1,2,parang need ko bumili ng suka lol,safe
1174,3,2,more po please ung maliwanag ahaha,safe
1175,3,2,ingat sa lakad more please,safe
1176,3,2,parang ako lang kanina haha no boxers,safe
1177,3,2,hala wag lang mag kamali ng chop yung mga merchandiser baka maputulan ng daliri,safe
1178,3,2,yes tapos punta ka sa cold section,safe
1180,2,2,orty five years old and still new to this,safe
1181,3,2,grabe op hindi halata you look like parang ka age ko lang grabe ang sarap ang yummy,safe
1182,2,2,and you look great to me,safe
1183,2,2,more like those look great,safe
1184,3,2,grabe ka tita walang kupas,safe
1185,1,3,ang hot naman yummy,nsfw
1186,2,2,mmmmmmm youre so yum,safe
1187,2,2,looks firm and yummy,safe
1188,2,3,damn your hot like it,nsfw
1189,2,2,nice view look forward to seeing more from you,safe
1190,3,2,sarap naman nito tita,safe
1191,2,2,swabe parin id still turn on sa body mo hehehe,safe
1192,2,2,here to hoping more of you,safe
1193,3,2,omg tita those are glorious can please milk them,safe
1194,2,3,that could be mistaken for year old woman rack,nsfw
1195,2,2,ang saraaaaap goodbye nnn,safe
1196,3,2,parang teen ager lang eh,safe
1197,2,2,guuurl you re damnnnnn,safe
1198,2,2,just what looking for,safe
1199,2,2,my irst post hiii,safe
1200,3,2,wow ang laki nga keep posting,safe
1201,2,2,good lord moooore madam,safe
1202,3,2,looking forward sa mga susunod pa,safe
1203,3,2,ang laki at ganda congrats sa first post,safe
1204,3,2,wow penk este pink,safe
1205,2,2,thank you for sharing greatly appreciated,safe
1207,3,3,grabe sobrang hot at sarap ng babae solid yung body,nsfw
1208,2,2,solid iba humagod yun bibig,safe
1209,2,2,dudes got good power stance,safe
1210,2,2,finally with sound thank you both,safe
1211,1,2,umagang kay ganda na naman,safe
1212,2,2,damn mrcarrott and ruru for the win,safe
1213,3,2,hello asan po full vid neto gigil nako,safe
1214,3,2,gusto ko makita yan personally,safe
1215,2,2,mahigpit na ang imgur with picture posts,safe
1216,2,2,fantastic thanks for sharing,safe
1217,2,2,so at least he has more action and satisfies the girls,safe
1218,2,2,how long is it also curious,safe
1219,3,2,liit ng carrot ni mr carrot,safe
1220,3,2,pano po ung nabblur yung face anong app po,safe
1221,3,2,nang iingit na naman si lodi mr carrot,safe
1222,2,2,just wish we could hear it nevertheless we love yall so much,safe
1223,3,2,damn wonder kung ano itsura ni karot,safe
1224,2,2,geat video to wacth in valentines imo,safe
1225,3,2,just wondering if buhay pa ba yung sub wala na akong balita eh,safe
1226,1,2,ang sarap siguro malabasan sayo,safe
1227,2,2,is this sneak peek of whats to come this valentines day looking great as always,safe
1228,2,3,mukhang sarap na sarap ka ah haha sexy,nsfw
1229,2,2,did you guys move to twitter already,safe
1230,3,2,tag team na natin yan daddy carrot,safe
1231,2,2,who is mr carrot and why does everybody all seem to know him lol,safe
1232,2,3,even my patient thinks hot,nsfw
1233,2,2,no doubt about that absolutely stunning,safe
1234,3,2,hi doc hihi okay lang ba turuan moko sa anatomyyy heheeee,safe
1235,2,3,holy bananas hot af,nsfw
1236,2,2,sheesh we all do,safe
1237,2,2,well can see reasons why they would think so,safe
1238,2,2,it would be fun having you as dutymates,safe
1239,3,2,baka mag tachy mga patients mo doc,safe
1240,2,2,uk is short of nursing stuff please come over,safe
1241,2,3,here think you look so effing hot,nsfw
1242,3,2,doc pa medcert at pahawak na din nyan para gumaling na ko,safe
1244,2,2,id probably say the same thing,safe
1245,2,2,cant tell need more proof,safe
1246,3,2,collab na namang matindi sir,safe
1247,3,2,madam sampal sampalin nyo si mrcarrot,safe
1248,3,2,galing ng photographer ko hehe mrcarrot,safe
1249,2,2,here adore your body very supple,safe
1250,2,2,palapit pa lng ang april pero sobrang init na ni ruru,safe
1251,2,2,look at them gains ww yiiiisssss,safe
1253,3,2,sige lets try to make it english then battle of desires in palawan ok corny bye,safe
1254,1,2,mukhang matinding bakbakan ang magaganap sa palawan,safe
1255,3,2,hala grabe as always looking great ruru enjoy kayo ni mrcarrot haha,safe
1256,1,2,ganda dyan want to visit there,safe
1257,2,2,so clean yet so dirty,safe
1258,1,2,walang labasan ng kwarto,safe
1259,3,2,kinis ni mama ruru huehue,safe
1260,1,2,ay sayang kaka uwi ko lng days seda lio elnido,safe
1261,3,2,may scoliosis ka ba,safe
1262,3,3,faaaak ang hot mo sis,nsfw
1263,1,2,nag lalakad ako natapilok ako ganda kinis,safe
1264,3,2,ang kinis talaga ang swerte mo lods carrot ang sarap sarap ni ruru,safe
1265,1,2,sayang sa andyan ako,safe
1266,3,2,sarap naman may taga cavite gentri ba dito here,safe
1267,3,2,welcome sana di kayo nabinyagan ng walang kuryente,safe
1268,3,2,until when are you here damn baka naman gusto mong tumikim ng palawe,safe
1269,2,2,dang ruru to bad you re only exclusive,safe
1270,3,2,kilikili reveal po madam ruru haha,safe
1271,1,2,palawe os mag ingay,safe
1272,2,2,just curious is your hair real coz it so damn perfect,safe
1273,2,2,sit on my face ruruuu currently at ppc,safe
1274,1,2,napaka kinis naman po ang linis linis,safe
1275,3,2,wow maam you are so damn fine ang kinis grabe,safe
1276,3,2,ganda talaga ng wig mo,safe
1277,2,2,ughhh yes babe youre so good ck me more please rub your pu against mine,safe
1278,2,0,didnt know lesbian sex is this hot wow,nsfw
1279,2,2,deym would love eat both,safe
1280,2,2,looks good pero nakakabitin wla penetration,safe
1281,2,2,ayaw nyo ba ng real thing were just waiting,safe
1282,2,2,beautiful because its real,safe
1283,3,2,sarap naman kahit sa ilalim lang ako taga salo ng katas ok na ko,safe
1284,2,2,woke up already getting cked,safe
1285,2,2,video posted and action upon waking up with consent enjoy,safe
1286,3,2,lol waaaaaay older guy eh alam na alam paano ako babuyin at lambingin haha,safe
1287,2,2,how old are you op and sya din hahaha,safe
1288,2,2,he is more than twice my age ill dm exact,safe
1289,2,2,whats the age and the gap quite curious,safe
1290,3,2,sis same yan ang when hahahaha,safe
1291,3,2,sarap talaga waking up na di mo sure whats happening until you feel getting rammed huhu,safe
1292,1,2,daming mag ddm sayo hahaha,safe
1293,3,2,rip sa dm mo,safe
1294,2,2,hi po having difficulty doing this position wd my gf any tips po for both of us,safe
1295,1,2,ako na bahala sayo di mo alam na ako pala ang sagot sa tanong mo hahaha ganda mo naman,safe
1296,2,2,we could make that happen for you,safe
1297,2,2,feel im lucky too haha,safe
1298,2,2,want to be lucky too,safe
1299,2,2,would do the same as he did to you,safe
1300,1,2,gusto ko din ng ganito,safe
1301,3,2,ginagawa ko din to sa gf ko minsan siya pa nag rereklamo kulang daw sa tulog haha,safe
1303,1,2,ginagawa ko din to ke misis ang saya kaya,safe
1304,1,2,sana ol pimapayag ung ex ko ayaw,safe
1305,3,2,ayan ang when hays op,safe
1306,2,2,that how me and my girlfriend would start the day,safe
1307,1,2,grabe ang sarap naman nyan,safe
1308,3,2,kabit ka ba and do like it,safe
1309,2,2,here with big tool any girls wants to meet,safe
1310,2,2,that works for me too,safe
1311,2,3,what about up for spanks,nsfw
1312,2,2,haha you in here is more than enough thanks for dropping by,safe
1313,2,2,you got simp in me,safe
1314,2,3,the saddest day of my life di ako first sexy as always op,nsfw
1315,2,2,your body is amazing,safe
1316,2,2,gt was pinned down and slapped after this,safe
1317,3,2,sarap ipindown at paluin,safe
1318,2,2,dm me bwc for you,safe
1319,2,2,damn right it is,safe
1320,2,2,can be your photo dump if you dont mind,safe
1321,2,2,the workout really is worth it,safe
1322,2,2,cowgirl wearing that dress,safe
1323,2,2,had to do it for extra spice,safe
1324,2,2,think you have to upload it muna sa imgr,safe
1325,3,2,curious ako like pano nakakapag upload ng video hereeee,safe
1326,2,2,oops sorry taken already,safe
1327,2,2,sounds like youre placing so much of your existence into one basket dangerous game to play,safe
1328,2,2,living on the edge is my middle name queen bee,safe
1329,1,1,hayup na pwet yan,nsfw
1330,2,2,where can get some grabs baby,safe
1331,2,2,ok ill book grab now to grab those,safe
1332,1,2,pwede tayo dyan magpapawis,safe
1333,1,2,ang saraaaaap naman nyan,safe
1334,3,1,chunky pwet pero taken,nsfw
1335,2,1,fubu number giving me solid bj,nsfw
1336,2,1,come on bro moan for her let her know shes doing good job,nsfw
1337,3,2,sana ol napaka swerte talaga nito kay peachy pa lang achievement na eh,safe
1338,2,2,story on aj soon,safe
1339,1,2,naice sipag naman ng fubu mo hehehe,safe
1340,3,2,sana all may number,safe
1341,1,2,ay di ba ikaw yun,safe
1342,2,2,more vids with this girl,safe
1343,1,2,saan ba nakakahanap ng ganyan naol talaga,safe
1344,2,2,solid ni ate damn her body is fire,safe
1345,3,2,redditor din ba to pre,safe
1346,2,2,damn she nice nice and she does squats,safe
1347,1,2,idol kita paps need ko din ng ganyan hirap makahanap dito,safe
1348,2,2,solid na yan for you,safe
1349,2,2,can be her fubu too,safe
1350,3,2,saan ba kayo nakakahanao ng fubu haha,safe
1351,2,2,solid nice one pare,safe
1352,3,2,galing ni madame sarap nya more posts of her please,safe
1353,1,2,meron ba ditong kita muka ng mga girls karamihan nakatago muka,safe
1354,3,2,ito yung mina based from carrots aj post,safe
1355,2,2,she aint an escort,safe
1356,2,2,then who is she your girlfriend,safe
1357,3,3,damn hot naman ni escort wanna know po info about her,nsfw
1358,2,2,just eel cute with my new nighties,safe
1359,2,3,you look so damn sexy,nsfw
1360,2,2,red looks great on you,safe
1361,2,1,that mole on your neck ugh let me kiss it,nsfw
1362,1,2,mas lalong uminit yung gabi ko,safe
1363,2,3,would love to suck on them before getting you out of your new nighties,nsfw
1364,2,2,would stay up all nighties if you keep it that way,safe
1365,2,2,can wank to this,safe
1366,3,2,sarap pag laroan yan shoot,safe
1367,2,2,wish can try that out gorgeous,safe
1368,2,2,wish they made more of this in cotton mean it it looks amazing but knowing youre in more comfy fabric is even more extra turn on,safe
1369,2,2,and you look incredible,safe
1370,2,3,id love to suck those breasts,nsfw
1371,2,2,oh my god you looks amazing,safe
1372,2,2,do you accept post request,safe
1373,2,2,can help you with that,safe
1374,2,2,yes you are very cute,safe
1375,2,2,im lusting over your nighties,safe
1376,2,2,it fits perfectly it really shows off those curves,safe
1377,2,2,can put it in my mouth,safe
1378,1,2,nawala antok ko ah raaaap,safe
1379,2,2,ladies and gentlemen this here is called perfection,safe
1380,2,2,fromt pov whole body please,safe
1381,3,2,wow grabe sumikip ang aking brief,safe
1382,3,2,sa wakas naka post na ulit,safe
1383,2,3,love to suck on those,nsfw
1384,2,2,cinematic scene noice galing,safe
1385,2,2,love that youre posting more often,safe
1387,2,3,you are so hot,nsfw
1388,2,2,some people are really lucky,safe
1389,2,2,its sight to behold,safe
1390,2,2,ucked and owned goddess,safe
1391,2,3,she is so hot lucky man,nsfw
1392,1,2,pinapakasalan na agad dapat mga ganyan hehe,safe
1393,1,2,si iamjohnweak lang talaga sakalam,safe
1394,1,2,wow sarap gamit gamitin,safe
1395,1,2,sarap ni lala dito ah,safe
1396,1,2,akala ko si sasha,safe
1397,2,3,wow really hot video,nsfw
1398,2,1,hiring male escort for the first time part ll,nsfw
1399,2,2,for those of you asking about the website please check the comments section sorry just got busy,safe
1400,2,2,check the body figure and tats,safe
1401,2,2,thats the same guy in all your vids,safe
1402,3,2,what body type kung dad bod wag ka na mag hire,safe
1403,2,2,what do you mean gigolo,safe
1404,3,2,nag hire ng gigolo,safe
1405,3,2,rent men yata yung right website,safe
1406,3,2,more on gay pala yung kine cater nila lt,safe
1407,3,2,oh yeah most of them kasi if female client takot sila risky daw baka mahuli nang partners nila,safe
1408,3,2,dapat si mrcarrot nalang mas ma enjoy mo pa,safe
1409,2,3,wow you have very nice butt so sexy,nsfw
1410,3,2,hahaha im doing it to experience man gud not sure if mag hire pako balik since most of the male escort prefers gay or trans kasi walang sabit,safe
1411,2,2,oh man could slide into your dms instead haha,safe
1412,3,2,hays mag register nalang ko ddto basin ma book ko nimo hahahaha,safe
1413,3,2,ako nasd unta ang next ba,safe
1415,3,2,san po mkikita ung part,safe
1416,3,2,search mo lng rent men,safe
1417,3,2,dipo mean link po sa vid niyo wala kasing vol,safe
1418,3,2,wheres the link po,safe
1419,2,2,the fakeness is through the roof,safe
1420,2,2,where can apply male escort,safe
1421,3,2,ilan mins pwede post ditto or less than mon lang,safe
1422,2,2,sorry cant find your dm,safe
1423,2,2,yeah part ll is the other clips lang namn,safe
1424,2,2,ohh okay that explains it,safe
1425,2,2,already hired for the first time days ago,safe
1426,3,2,paano maging male escort,safe
1429,2,2,looking for male escort my wife in missouri on business,safe
1430,3,2,rentmen com po pwede ka pumili don depende sa location may preference din po mga escorts don so good luck po,safe
1431,2,2,ask ko lng po san pde maghire ng male escort and how much tnx,safe
1432,2,2,jesus you can get me for free damn id pay you,safe
1433,2,2,yo text me if anyone wants to hire make escort ll have crack,safe
1434,2,2,sooooo need to hire one right now,safe
1435,2,2,or should get paid to lie and take it all inside me don me work much please,safe
1436,2,2,am if someone women is interested in hiring me for her please leave text,safe
1437,3,2,pwede ba ako male escort,safe
1438,1,2,sakin di kana magbabayad,safe
1439,2,2,im free dont charge all night of fun,safe
1440,3,2,why do need to hire ako free lang po hehe charot,safe
1441,3,2,haha thanks but did it to experience naman hehe,safe
1442,3,2,dont think shes after men na mukhang kargador at mukhang maasim na malalaki tiyan have seen that guy in the video doubt you look good as him,safe
1443,2,2,bro looks whos talking bet your also the same as those people who has big beer belly and please people like you are so judgemental you dont know or seen me at all amp right away you say that kinda please gtfo here dont need to prove anything from you how bad good looking am have nice day,safe
1444,1,2,dumugo mata ko pwede ka magtagalog,safe
1445,3,2,ingat po sa trabaho later magbubuhat pa po kayo ng cement,safe
1446,2,2,you dont need to hire male escort and namn kmi libre pa,safe
1447,2,2,date night with the wifey,safe
1448,2,2,we rarely go out but we try to make it fun when we do hehe read bio,safe
1449,2,2,very happy siguro ung cctv operator ng cinema,safe
1450,2,2,op need to inform you that some cinemas has camera to catch those recording the movie for piracy,safe
1451,3,2,may mga camera na daw ba nuong year to sa mga sinehan asking for friend,safe
1452,3,2,btw may mga camera sa cinehan and isa akong operator kaya alam ko ingat lang next time baka ma dox,safe
1453,2,2,it was okay just wanted to go out haha,safe
1454,2,2,haha dont blame you and the perfect dress too,safe
1455,2,2,how was the movie,safe
1456,2,2,you shoulddd it pretty fun haha risky but fun hehe,safe
1457,3,2,yeah it looks very fun lalaki nalang kulang hahaha btw thanks for sharing your wife looks amazing,safe
1458,2,2,hahaha come with us and ll take the videos jk thank youuu ill tell her hehe im sure you look amazing too,safe
1459,2,3,this is hot id love to do this too,nsfw
1460,2,2,damn lucky guy you guys have good day,safe
1461,2,3,ang hot humagod ni wifey btw saang cinema yun sir,nsfw
1462,3,2,lucky guy panalo si wifey shet,safe
1463,3,2,ano pinanuod nyong movie at bkt wala pang tao,safe
1464,2,2,shes gorgeous and her style is fantastic very happy for you both,safe
1465,2,3,this is so hot it got me wet lol hot wifey,nsfw
1466,2,2,dayum thats one risky move,safe
1467,2,2,whoever you are you deserve the highest of five bro,safe
1468,2,2,such perfect date night,safe
1469,2,2,everythings better when its juicy,safe
1470,2,2,that looks delicious need taste,safe
1471,2,2,good god look how wet you are,safe
1472,2,2,gotta thank your parents for making you,safe
1473,3,4,swerte naman nang partner mo wish it was me araw araw sex,nsfw
1474,2,2,damn need to have taste of that,safe
1475,1,2,grabe naman po huhu nakakatakam,safe
1476,2,2,favorite or ko to,safe
1477,2,2,and my lord you are definitely juicy,safe
1478,1,2,sarap naman kainin nyan,safe
1479,2,3,lick your juice off you,nsfw
1480,2,2,updates youd be getting if was your,safe
1481,2,4,why would want gf who sends me videos of someone else filming her naked,nsfw
1482,2,2,would definitely be very lucky boyfriend on the way to you as fast as possible,safe
1483,2,2,would ditch whatever im doing just to be with you if you send me this and if you my gf,safe
1484,1,2,apakaswerte ko naman talaga pag ikaw,safe
1485,2,2,give you permission to be my gf and to send me updates,safe
1486,2,2,id spoil you with flowers and gifts if you gave me updates like this,safe
1487,2,2,lemme have dinner with you before we go to that,safe
1488,2,2,damn you could still send them,safe
1489,1,2,grabe naman talaga yun parang si ex lng haha,safe
1490,1,2,putchaaa araw arawin talaga kita,safe
1491,3,2,gusto ko lang naman mag scroll bakit moko sinusubok haha,safe
1492,2,2,damn that looks smooth,safe
1493,2,2,araw araw kang mapapagod sakin,safe
1494,3,2,mei gcash ka sa akin always kung ganyan hehe,safe
1495,2,2,my screen would always be sticky,safe
1496,2,3,wanna lick you dry,nsfw
1497,2,2,looking like that you are wife material jot just gf material,safe
1498,2,2,hey there sunshine how are you doing today this fine day fun weekend,safe
1499,2,2,wowwowo juicy and yummy,safe
1500,1,2,lutang lang tatanggi sa ganyan,safe
1501,1,2,ang tanong ko is kelan at tiga san ka,safe
1502,2,3,very sexy love your belly,nsfw
1503,2,2,nah as in now nah,safe
1504,1,2,ang yummy naman cocomelon,safe
1505,2,2,how could say no,safe
1506,2,2,yes come on over,safe
1507,2,2,upvoting coz its one of the nicest twins ive seen so far,safe
1508,2,2,tara na lets go,safe
1509,2,2,your body is perfect you re such babe,safe
1510,3,2,marshmallow lang masaya nako,safe
1512,2,2,hell to the yeahh,safe
1513,3,2,most definitely yes siguradong oo,safe
1514,2,2,yes would love to do that,safe
1515,2,2,hehe thank you for complimenting my hair,safe
1516,2,2,can we chat lil bit xd,safe
1517,2,2,hope someone is wining and dining you today,safe
1518,2,2,im as lonely as ill ever be,safe
1519,2,2,hmm would you like nice sushi dinner tonight,safe
1520,2,2,thats nice gesture but ill politely decline,safe
1521,1,2,mapapatingin ka talaga sa linamnam,safe
1522,2,2,wow amazing im down for that anyday hahaha,safe
1523,2,3,everything about this shot is lovrly and hot at the same time,nsfw
1524,2,3,nice sexy body miss,nsfw
1525,1,2,bakit naman matapang di naman ako nakipag away,safe
1526,3,2,ang tapang mo btw nice short hair and makinis na leeg,safe
1527,2,2,thank you for making my day po,safe
1528,1,2,hindi po ako sisiw,safe
1529,2,2,to be called glowing is definitely flattering thank you,safe
1530,2,2,you re positively glowing hope ur smiling under the mask,safe
1531,2,3,love your body so hot would love to meet you,nsfw
1532,3,2,baka fit sayo to haha,safe
1533,2,2,rocking that fierce look betty and seems that short hair looks really good on you,safe
1534,2,2,too bad you cant change your username maybe next time,safe
1535,2,2,so damn gorgeous as always,safe
1536,2,3,hot even with the clothes,nsfw
1537,2,3,so sexy in this pose just amazing,nsfw
1538,1,2,biglang nagkaroon ng incubator dito samen,safe
1539,3,2,ganda ng tama ng ilaw sayo lt lt lt also love the hair lt,safe
1540,3,2,lucky nmn ng jowa mo,safe
1541,2,2,would love to do things to you in that changing room,safe
1542,2,2,have blast slay always,safe
1543,1,2,taraaa na itago na kita pinagkakaguluhan ka na dito,safe
1544,2,2,damn seriously filipinos are gems,safe
1545,2,2,great mirror selfie must for dressing room,safe
1546,2,2,wanna be in the middle so bad,safe
1547,2,2,those look soft po,safe
1549,2,2,you are worthy of my upvote,safe
1550,3,2,good girl wearing mask to stop covid spread you are maganda,safe
1551,2,2,lovely eyes awesome body,safe
1552,2,2,damn pls sit and step on me,safe
1553,2,2,your hair looks nice mean your body is default goddess,safe
1554,2,2,whoa that some amazing figure you got going there,safe
1555,3,2,like how you look in this photo ganda din hair hehe cute niyo po,safe
1556,2,2,if we re going to be brand nike and you are mcdonalds,safe
1557,3,2,ganda mo dito sana magkaphone ka na,safe
1559,3,2,wow ang pinakahinihintay na part when is the last part,safe
1560,3,4,gorgeous pair of breast ganda ng pag hang do you work out for that,nsfw
1561,2,2,have such great pair of bbs luv it,safe
1562,2,2,waiting for your new vid,safe
1563,3,2,wow part na tayo,safe
1565,2,2,such blessed sight for my eyes,safe
1566,2,2,oh looks tasty overall,safe
1567,2,2,damn wish could be the mirror one day,safe
1568,2,2,my hands are going to be busy for sure with those beauties,safe
1569,2,2,youve great looking pair of lovelies,safe
1570,2,2,would love to stick my face in between them,safe
1571,2,2,just thinking about him makes me eel this way,safe
1572,2,3,hell yea napaka hot and spicy,nsfw
1573,2,2,wetness has new meaning,safe
1575,2,2,sarap ng close up,safe
1576,1,2,ang sarap kainin op,safe
1577,3,2,linis ah bagong shave,safe
1578,2,2,mas masarap pag may sound,safe
1579,2,2,ve never been so glad to be alive,safe
1580,1,2,ito pinaka juiciest na nakita ko dito sarap,safe
1581,2,2,nearly as wet as my ex love that looks yummy,safe
1582,2,2,finally got creamed after weeks,safe
1583,3,2,may full vid ba from website,safe
1584,2,2,ughhh he so lucky,safe
1585,2,2,is that your boyfriend,safe
1586,2,2,how wish can do that to you as well,safe
1587,2,3,thats so hot also are you still in the philippines or back in japan,nsfw
1588,2,2,give you it everyday,safe
1589,2,2,how wish was the guy,safe
1590,2,2,nice hope you enjoyed,safe
1591,2,2,wish that was me,safe
1592,2,2,it the laugh after for me,safe
1593,2,2,the chuckle at the end,safe
1594,2,2,is this still in ph or japan,safe
1595,2,2,obsessed with mirror sel ies,safe
1596,2,2,this comment made me smile idk why hahaha thanks for appreciating btw lt,safe
1597,3,2,okay bisexual na nga talaga ako huhuhuh halp,safe
1598,2,2,noo masyadong malayo hahaha and she vv pretty,safe
1599,2,2,oh it you pala nice bod,safe
1600,1,2,lmao unang tingin akala ko rin siya,safe
1601,2,2,you look like mayor donya tesoro,safe
1602,3,2,ka look like mo jowa ng pinsan ko,safe
1603,2,0,the fact that youre not even selling contents and just posting out of curiosity makes my boner harder than it usually is,nsfw
1604,1,2,ay ang ganda naman pala ni op,safe
1605,3,2,obsessed na rin ako sayo,safe
1606,2,3,wow you are so sexy and beautiful,nsfw
1607,3,2,whew walang sinabi si egay biglang uminit,safe
1608,3,3,so hot ng baby ko,nsfw
1609,2,2,love it you look stunning,safe
1610,3,2,ganda ng katawan mo babe,safe
1611,2,2,with body like that you should be,safe
1612,2,2,love the way you tease in these photos please do keep it up,safe
1613,3,3,wow ang sexy naman,nsfw
1614,1,2,nawala antok ko eh,safe
1615,2,2,kitty still shy hahaha,safe
1616,2,2,free the kitty let her breathe hahaha,safe
1617,2,2,obsessed with nd photo lol suggested title hiding the kitty,safe
1618,1,2,ang dami ko naman atang kamukha based sa comments hahaha,safe
1619,2,2,you looked like my ex fubu lol,safe
1620,3,2,okay may bago na akong crush haha,safe
1621,2,2,obsessed with you charaaught,safe
1622,2,2,can follow for more,safe
1623,2,2,obsessed with your mirror selfies,safe
1624,2,2,not sure if id still eat my pancit canton or you char,safe
1625,2,2,id want to be your mirror,safe
1626,2,3,damn so hot op damn fkn yummy,nsfw
1627,2,2,not showing the peach this time but now at least know what it color is more of butt person but your front looks reaaally appetizing too,safe
1628,1,2,swerte naman ng mirror na yan,safe
1629,3,2,bakit ang perfect for me,safe
1630,3,2,for the win panalo,safe
1631,2,2,somehow can see na you have beautiful set of eyes yun ang una kong nakita eh and is that fading red highlights sa hair mo,safe
1632,2,2,dont make me sinned lovely though like the shave,safe
1633,2,3,super hot amp sexy,nsfw
1634,2,2,need to see more selfies like this,safe
1635,1,2,sabi ko na nga ba ikaw yan,safe
1636,2,2,bakit gnun binabalik balikan ko ung pics na ito th day na,safe
1638,2,1,they look bigger without the bra lol,nsfw
1639,2,2,they are big already anyway with or without,safe
1640,3,2,paborito ko talaga ang blueberry,safe
1641,2,2,they do but they also look good in bra,safe
1642,2,2,the shape is round to the perfection,safe
1643,2,2,oh my god they spilled out,safe
1644,2,2,yeah much bigger dm,safe
1645,2,2,you were not lying,safe
1646,2,2,amazing pairs cant get any better than this,safe
1647,2,2,damn they look so yummy,safe
1648,3,2,grabe thats all can say,safe
1649,2,2,those are the most beautiful things have ever seen,safe
1650,2,2,can we replace our hands,safe
1652,2,2,girl your photo dumps probably go insane huh,safe
1653,1,2,nakakalunod boss pwede ba kumapit baka malunod ako eh,safe
1654,3,2,haaay kailan ko kaya to ma mo motorboat,safe
1655,2,2,they are definitely getting bigger,safe
1656,1,2,literal na kapos palad,safe
1657,3,2,damn pakisampal naman ako niyan idol,safe
1658,1,3,ang hot talaga ng mga ganyan,nsfw
1659,2,3,pucha ang sexy nung konting buhok sa kili kili,nsfw
1660,2,2,leg or arm day,safe
1661,2,3,mmmm and heating me up sexy goddess,nsfw
1662,2,2,damn cooling down while heating up,safe
1663,1,2,anong papawis ang ginawa,safe
1664,2,3,damn sexy check dm,nsfw
1665,2,2,this is beyond perfection,safe
1666,3,2,tara gym tayo baka sakaling mag work out,safe
1667,2,2,hiii help girl out hehe sent dm,safe
1668,3,2,wooow punong puno maam ah,safe
1669,2,2,damn girl chill hahahahaha love it,safe
1670,2,2,youre cooling down but we are heating up ughh,safe
1671,1,2,ay may buhok bat ganun,safe
1672,2,2,mmmmm damn those are nice,safe
1673,2,2,pawisan tapos hairy armpits glorious combo,safe
1674,1,2,sarap naman niyan pag tapos mag workout,safe
1675,1,2,sarap dilaan mabuhok kili kili,safe
1676,2,3,oooh sexy sports bra peek mind sharing at brapeeking xx,nsfw
1677,2,2,those are warmed up,safe
1678,2,2,you lie and you know it you re heating it up,safe
1679,2,2,guess need more proof on the latina part,safe
1680,2,2,yeah they look latina much bigger than most filipina,safe
1681,2,2,still looks indo but prefer it that way,safe
1682,2,2,looks purrfect to me,safe
1683,2,4,meme na ako nice breast,nsfw
1684,1,2,katulad kasi ng kay hana haruna,safe
1685,2,2,stared for half an hour at this,safe
1686,2,2,wow wanna play with them,safe
1687,1,2,solid pawisin maigi haha,safe
1688,2,2,as latino approve this message,safe
1689,1,2,sarap naman niyan baby size reveal,safe
1690,2,2,what combination kung ganon haha,safe
1691,2,3,they look good can suck one,nsfw
1692,1,0,jav nahhh those are definitey latina jugs,nsfw
1693,2,0,as guy whos been watching jav since agree,nsfw
1694,2,2,can fondle them gently,safe
1695,2,2,great combo actually hahaha,safe
1696,2,2,jealous or racist guess,safe
1697,2,2,must be genz and hating because you are this is why dont like new generation some just hate older ones unnecessary,safe
1698,1,2,eto na maliligo na,safe
1699,1,2,sarap dilaan ng kilikili hays,safe
1700,2,3,oh you look so scrumptious love to lick you all over,nsfw
1701,1,2,halatang nag sipag ka buong araw,safe
1702,1,2,napaka sarap sana maranasan ko,safe
1703,3,2,wag ka muna maligo bet you smell great even when sweat,safe
1704,3,3,wow sarap smokikg hott thank pl ase post more,nsfw
1705,1,3,ang hot talaga ng mga paganto mo,nsfw
1706,3,2,paamoy kilikili muna bago maligo plz,safe
1707,2,2,holy smokes you re so damn spicy,safe
1708,1,2,kahit walang ligo sabak na yan,safe
1709,2,2,wow this is magnificent view,safe
1710,3,2,that armpit though ang kinissss,safe
1711,2,1,padila muna ako sa kili kili bago maligo,nsfw
1712,2,2,sports bra peek for brapeeking xx,safe
1713,1,2,kahit pawisan sarap dilaan,safe
1714,3,2,kaka tapos lang mag gym yummy sarap,safe
1715,1,2,sana wag ka magsawa,safe
1716,1,2,bilog na bilog pahawak po,safe
1717,2,2,want taste don even shower yet,safe
1718,2,2,you see this through the car window wyd,safe
1719,2,2,hahahaha sure for the safety of all concerned,safe
1720,2,3,respectfully get closer to get better view might knock on your window but won push it nice rack babe,nsfw
1721,2,2,ill knock on your door and hitch on your car ill drive for you and bring you to place where we are free to do anything,safe
1722,2,2,always want to take some fresh in the morning with cereals id probably ask for refill if get it for free,safe
1723,3,2,winner to natawa ako bwisit,safe
1724,1,2,kakatok ako tapos manghihingi ng barya,safe
1725,3,2,gaganti ng flash hahaha,safe
1726,2,2,say hi to them,safe
1727,3,2,pinch them hard po,safe
1728,3,3,ang hot mo may nagagalit na kaagad sa pants ko,nsfw
1729,2,2,stare and almost cause an accident,safe
1730,1,2,pwede ko pong hawakan ahehehe,safe
1731,2,2,say hell yeah probably,safe
1732,2,2,baka po parahin ka ng enforcer,safe
1733,2,2,get you to lower the window,safe
1734,2,2,juice ko po baka sundan nlang kita lodi,safe
1735,2,2,stop see wyd next,safe
1736,1,2,sunduin ko na po kayo ha,safe
1737,2,2,run into pole or trip on something after being blessed,safe
1738,1,2,sarap naman lamugen nyan,safe
1739,3,2,di ako si lord,safe
1740,1,2,mapapa amanamin nalang ako ng di oras,safe
1741,2,2,need those airbags installed in my car,safe
1743,2,2,knock on the window and give you big smile,safe
1744,2,2,whats your other ethnicity,safe
1745,2,3,ill knock and ask if could suck them,nsfw
1746,2,3,you slide that thru the window and suck all the way,nsfw
1747,2,2,honk two times for those huge milkers,safe
1748,1,2,saan ba ruta neto at ng masabayan,safe
1749,3,2,baka mapa full break ako niyan sa laki,safe
1750,2,2,will beg to caress it just little,safe
1751,2,3,knock and suck me up,nsfw
1752,2,2,wow magnificent set id be reaching in for feel,safe
1753,2,2,id salute you and keep moving have that at home if they were small or bigger id act on it but same,safe
1754,2,2,the girls are so gorgeous,safe
1755,2,2,think im in love,safe
1756,1,2,tatambulan ka tapos enge barya anteh,safe
1757,2,2,girls on cars is such turn on theyre giving me an independent woman vibes keep it up dear,safe
1758,2,2,get in your car and help in put on your cloths,safe
1759,2,2,nag pm po hahah,safe
1760,2,2,ill knock then maam gusto mo pa bomba,safe
1761,2,2,perfect to wine and dine,safe
1762,2,2,yow im in different country now but paguwi ko il see you,safe
1763,2,2,can drink your milk,safe
1764,2,2,hahaha the ors who ve seen my face know that have lot of that,safe
1765,3,2,yami sana may fez value din di lang litson,safe
1766,3,2,hanapin ang langgam excuse my hairy pit,safe
1767,3,2,grabe ilang years na din ako dito sa pero this is one of the best if not the best pair ive seen dito sa,safe
1768,2,2,can eat that hairy pit,safe
1769,2,2,bat mas gusto ko makita yung armpit icloseup,safe
1770,2,2,is it wrong to ask for more hairy pits,safe
1771,2,3,want to suck those nipples so badddd,nsfw
1772,2,2,perfect get on top please,safe
1773,1,2,ambilis gunalaw ng langgam ah,safe
1774,1,2,ang swerte nung langgam po,safe
1775,1,2,may tyane ako need mo ng magbubunot,safe
1776,1,2,matamis ba kaya nilalanggam,safe
1777,1,2,eksena pa ang langgam hahaha,safe
1778,1,2,sang oras na ako dito diko pa rin mahanap ang langgam,safe
1779,2,2,some of us like the hairy pit,safe
1780,1,2,hindi ko makita yung langgam ako nalang ang kakagat,safe
1781,3,3,wala ko pake sa langgam akina yan lemme suck pleaseeee ang ganda ganda ng babies mo,nsfw
1782,2,2,honestly don apologize everything is perfect,safe
1783,3,2,solid ng pits more pits flex idol,safe
1784,1,2,bilugan naman po yung langgam maam,safe
1785,2,2,ughh na triggered ang armpit fetish ko,safe
1786,1,2,ang sarap ng kilikili,safe
1787,1,2,pangarap ko tlga maging langgam,safe
1788,2,2,love hairy pits babe plz dont shave,safe
1789,3,2,sana all langgam haha,safe
1790,2,3,wanna lick your hairy pits while playing with your long nipples,nsfw
1792,2,2,free the belly pooch,safe
1793,2,2,idc about your belly its so cuuute want it,safe
1794,2,2,that plastic chair is too fragile you should sit on me,safe
1795,3,2,ang ganda ng body mo op,safe
1796,2,2,can worship those melons all day long,safe
1797,2,2,snack pouch and pillow all in one and its free too dont mind if do,safe
1798,3,3,ang sexy ng line,nsfw
1799,1,2,grabeeeee yan ang queen,safe
1800,1,2,dami pwd pisil pisilin,safe
1801,2,2,winner to for today post hahaha,safe
1802,2,2,shessssh the body teaaaa,safe
1803,2,3,mmmm thats so hot,nsfw
1804,3,2,ugh didi ako dyan please pooooo,safe
1806,3,2,pwede makita both armpit na unat na unat please nakakaadik kasi,safe
1807,2,3,this is actually so hot to me,nsfw
1808,2,2,let pooch free that belly,safe
1809,2,3,love those sexy curves,nsfw
1810,2,2,let it all hang out,safe
1811,2,2,soo curvy and gorgeous,safe
1812,2,2,he was speaking straight facts,safe
1813,2,2,manwha build as well,safe
1814,2,1,wtf yes think ill agree,nsfw
1815,2,2,ahahah they are actually spot on observation,safe
1816,2,2,do those nails change color with warmth,safe
1817,2,2,can concur gentleman do concur,safe
1818,2,2,need to see it in person to confirm,safe
1819,2,2,yes couldnt agree with him more accurate,safe
1820,2,2,join this new community if you want to be rated or want to rate people ratemybodyph,safe
1821,2,2,can finish on them,safe
1822,2,2,your friend is right search sinful lust by zetto youll know what your friend is talking about,safe
1823,2,2,that person was speaking the truth,safe
1824,2,2,they hang so nicely,safe
1825,3,3,oo nga can offer regular sucking for sustained growth,nsfw
1826,2,3,they look so good looks like they re made to be sucked on and played with,nsfw
1827,1,2,lika palakihin pa natin lalo,safe
1828,1,2,pahawak nga kung totoo,safe
1829,1,2,paano raw po sabi nila hahaha,safe
1830,2,2,hope you could reply to my dm,safe
1831,2,2,were not sure unless if you allow me to fondle em,safe
1832,1,2,ang laki mo na,safe
1833,3,2,pwede nman natin deflate eh,safe
1835,2,2,they re big for your body size,safe
1836,3,2,hindi nman small lang din,safe
1837,1,2,oo nga no hahhahaha,safe
1838,1,2,patikim nga kung lumalaki nga,safe
1839,1,2,palakihin natin tara ahaha,safe
1840,1,2,jusko tama na kababaha lang lalo kami malulunod nyan,safe
1841,3,0,maam paglumslski dapat pinapa suso,nsfw
1842,3,2,mukhang napakasarap den nila lagyan ng whip cream idol,safe
1843,3,2,link po ng sports bra,safe
1844,2,2,im glad didnt miss this post its so hard to take eyes off you,safe
1845,2,2,no seriously they look ethereal,safe
1846,2,2,then congratulations if you like them prep your back in case they get bigger looks good,safe
1847,2,2,welcum back parang nawala lahat ng posts mo,safe
1848,1,2,maaari ko bang iharap ang mga ito sa aking mukha,safe
1849,3,3,sarap naman suck niyan,nsfw
1850,2,2,did she consent to this video being posted,safe
1851,2,3,so hot amazing breasts,nsfw
1852,3,2,sarap ni wifey mo bro,safe
1853,2,2,its in my head lol,safe
1854,2,2,haha anyway more rides for you sir,safe
1855,2,2,can we see it up front,safe
1856,2,2,worthy of full video,safe
1857,2,2,one of my favorite,safe
1858,2,2,wow is that milky,safe
1859,3,2,solid ng wife mo araw araw yan unli,safe
1860,1,2,kahit araw araw ba boss,safe
1861,1,2,sarap pagmasdan yan habang nakasakay sayo,safe
1862,1,2,sarap lamutakin nyan kakagigil,safe
1863,3,2,paldooo mas solid yan pag pov,safe
1864,1,2,sarap ng asawa mo pre pwede patikim,safe
1865,2,3,extremely sexy instant hard on do you share her,nsfw
1866,3,2,may laman po ba milk,safe
1867,3,0,sarap suso habang binabarurut,nsfw
1868,2,2,nice wife but prefer mine,safe
1869,1,2,walang pahingang mang yayare oras na andyan na,safe
1870,3,2,isang wink mo pa akin ka,safe
1871,2,2,wink wink tsup tsup,safe
1872,3,0,tanggal stress ko kapag na dede ko yan pls help tg quickfix,nsfw
1873,3,2,grabeeeeee my new favourite,safe
1874,2,2,can you be my gf,safe
1875,1,2,grabe mukang kukulangin dila ko dto ahh,safe
1876,3,2,pwede ba ako maki join,safe
1877,2,2,what else you take in there,safe
1878,2,3,the bush is sexy,nsfw
1879,2,2,hello gorgeous where have you been just followed you,safe
1880,1,2,sarap kainin niyan matambok eh,safe
1881,1,0,napaka tambok naman ng pekpek na yan,nsfw
1882,2,2,hello can hug you,safe
1883,2,2,parking lots hate see me coming,safe
1884,2,2,can be the parking attendant please,safe
1885,2,2,sir would love to see you in parking lot need some help,safe
1886,2,4,car sex is the best dominant check my profile,nsfw
1887,2,2,could get lost in that secret garden,safe
1888,2,2,want to enter your garage,safe
1889,2,2,can it keep me warm during the winter,safe
1890,2,2,they know you are trouble when you walk in,safe
1891,2,2,damn every inch delectable,safe
1892,2,2,id be happy seeing in the parking lot,safe
1893,3,3,shet sarap wanna lick,nsfw
1894,2,2,can eat that all day,safe
1895,2,2,who said want ba,safe
1896,2,2,dont mind him btw hi,safe
1897,2,2,hope ruin your no nut november,safe
1898,2,2,lord please near on breaking point,safe
1900,2,2,it okay darling btw the correct words are nonstop nut november and seeing your amazing bosoms made my birth month an amazing one,safe
1901,2,2,wonder how long youd take to break me,safe
1902,2,2,those milkers are huge,safe
1903,2,2,ruin whatever you want baby,safe
1904,2,2,yeah didnt stand chance,safe
1905,2,2,dont use another account to circumvent ban,safe
1906,1,2,grabe totoo ba yan parang puputok na sa laki,safe
1907,2,2,all of this looks real good but it wont ruin nnn,safe
1908,1,2,grabe grabe sayo lahat yan,safe
1909,1,2,paano pa kaya pag tumuwad na to,safe
1910,2,2,if you do just going to fill you up with chinese nut all november,safe
1911,2,2,haha failed guess one sec can succ,safe
1912,2,2,ive never wanted to fail anything so bad until saw this,safe
1913,1,2,laki nman nyan acla,safe
1914,2,2,nonstop nut november for you,safe
1916,2,2,soooooooo beautiful and seductive,safe
1917,1,2,ang ganda naman subrang laki,safe
1918,2,2,you didn but it was good attempt,safe
1919,2,2,love it keep posting,safe
1920,2,2,youd so ruin it over over over again,safe
1921,2,2,thank you for sharing your lovely body,safe
1922,2,2,your so yummy but cant dm on you,safe
1923,3,2,pasilip naman ng eyes please,safe
1924,2,2,id ruin you too dmed you here,safe
1925,2,2,huge melons yummy and squishy,safe
1926,2,2,yes you did can show you texted you,safe
1927,3,2,ito sana maka date ko pg uwi ko pinas,safe
1928,2,2,bet you ve missed me,safe
1929,2,1,straight up ready to breed,nsfw
1930,2,2,ang perfect ng body mo,safe
1931,2,2,hinog na hinog maam damnn,safe
1932,2,2,it is very close,safe
1933,3,2,pang latina katawan mo grabe,safe
1935,2,2,damn ate nice lil body,safe
1936,2,2,your shape and their shape matches,safe
1937,2,2,always mis ur post,safe
1938,2,2,god filipina greatest creations,safe
1939,2,2,at the mall earlier,safe
1940,3,2,iba cravings pag ganito kahit sobrang tino ko magiging demonyo syo,safe
1941,2,2,let me carry them for you,safe
1942,2,2,thank you for sharing you are beautiful,safe
1943,2,2,mother nature truly blessed you with the perfect body for motherhood,safe
1944,2,2,babe those are wonderful,safe
1945,1,2,grabe ang sarap sarap sobra,safe
1946,2,2,mmmm you look so yummy love to have some fun with you in that little dressing room,safe
1947,3,2,kamiss yung naka ons ko na ganyan haha balik ka na lol,safe
1948,2,2,motorboat malala tas palunod ehehehe lakeeeee,safe
1949,2,2,hella banging body you got there,safe
1950,2,2,double dees nom nom,safe
1951,1,2,nauulol ako sa sarap,safe
1952,2,2,love them so yum,safe
1953,2,2,know where want my face to be,safe
1954,1,2,lika painitin natin yan,safe
1955,2,2,can help you to warm them up,safe
1956,2,2,ill warm them up good,safe
1957,1,2,tra pa subo mo sakin yan,safe
1958,1,2,painitin natin sa bibig ko,safe
1959,2,2,my god you re masterpiece,safe
1960,2,2,gorgeous also goodluck sa exam,safe
1961,2,2,so big and love the color,safe
1962,2,2,let me give you an exam thorough one,safe
1964,2,2,so lucious so perfect so nice wanna bury my bbc right in the middle of them,safe
1965,2,2,if there forbidden fruit that gotta be the one,safe
1967,2,2,goodluck perfect makadali sai,safe
1968,2,2,hmm what grade did you make,safe
1969,2,2,those are nice saraap,safe
1970,2,2,hope you did well on the exam thanks for sharing your blessings with us,safe
1971,2,2,they look absolutely wonderful,safe
1972,2,2,very good arguments especially those,safe
1973,2,2,wow wow wow wow,safe
1974,1,2,so big and yummy sarap nyan,safe
1975,1,2,tayong tayo ang sarap,safe
1976,3,2,think they are perfect po,safe
1977,2,2,hello nice to meet both of you,safe
1978,2,2,sooo pointy and succulent,safe
1979,2,2,when you can do such thing with your gf you are blessed,safe
1980,1,2,full video oretibole it com surv,safe
1981,2,2,we need more videos like this plzz,safe
1982,2,2,need girl so kinky,safe
1983,2,2,wish was treated like this,safe
1984,2,2,pretty sure that riley reid no,safe
1985,2,2,when your husband is so kinky but most women arent this lucky,safe
1986,2,2,maybe the trip to india wasnt so bad,safe
1987,2,2,anyone from kochin who wants to do this and more,safe
1988,2,2,who is she she looks like autumn falls,safe
1989,2,2,just dm you wanna see them,safe
1990,2,2,my cousin in her college,safe
1991,2,2,dayum wish had sis like her,safe
1992,2,2,gotchu bro its wandapotts but forgot if the number was or,safe
1993,2,2,more of her discord gg qyaqbhjm,safe
1994,2,2,lucky her to lucky only need one thing,safe
1995,2,2,oh my those jigs are absolutely amazing keep coming to india,safe
1996,2,2,hehe youre wanted then,safe
1997,2,2,that is so how old are you,safe
1998,2,2,sorry you couldnt read the headline which is what was referring to,safe
1999,2,2,india is on my list,safe
2000,2,2,think she is argentinian,safe
2001,2,2,and do nt say si as yes,safe
2002,2,2,indian don use that brick that latino for sure,safe
2003,2,2,she is so similar to my wife,safe
2004,2,2,heres the source it seems but im in public place and cant investigate yet erome com shf,safe
2005,2,2,let me know aswell,safe
2006,2,2,went abroad and got white guys,safe
2007,2,3,she is soooo hot who is she,nsfw
2008,2,2,can help your mom by doing this for her dm me,safe
2009,2,2,does she like bbc,safe
2011,2,2,ive had it many times,safe
2012,2,2,had an experience with white man few months back,safe
2015,2,2,any one from maharashtra,safe
2017,2,2,why is the doorknob so high,safe
2018,2,2,dad making tea what are those strange sounds,safe
2019,2,2,pure taboo collection available dm for link at affordable price,safe
2020,2,2,the stepson was awarded,safe
2021,2,2,discord gg he armwb,safe
2022,2,2,love this kind of videos,safe
2023,2,2,dm out of dm,safe
2024,2,2,nigga they need to nuke your house,safe
2026,2,2,nigga you weird asf,safe
2027,2,2,tell me more about what happened between you guys,safe
2028,2,3,have really hot step mom and don know if should make move on her we practically spoon on the couch while watching movies and just need advice dm me guys,nsfw
2029,2,2,lemme hit lil bro,safe
2030,2,3,have stepmom and she so hot but idk whether to tell her bc we always watch movies on the couch and we re really close to each other and we basically spoon under the blanket on the couch dm me need advice,nsfw
2031,2,1,wtf is wrong you,nsfw
2032,2,2,kink shaming lol get life,safe
2033,2,2,her feet are perfect,safe
2034,2,2,this mf just walked into the bathroom,safe
2035,2,2,is anyone willing to be my stepmom dm,safe
2036,2,2,just like my family in real,safe
2037,2,2,like this secret action,safe
2038,2,2,mean why not bet she feels good,safe
2039,2,2,wish mommy would let me hit,safe
2041,2,2,want missionary so can see your beautiful face and kno when hit your gs pot the right way,safe
2042,2,2,golden needa girl like this,safe
2043,2,2,need girl like this,safe
2044,2,2,where is the cat,safe
2045,2,2,someone let that damn cat inside,safe
2046,2,2,wdym by that you want to get pounded,safe
2047,2,2,can help you dm me,safe
2048,2,2,okay do you have snap,safe
2049,2,2,where can talk write to you,safe
2050,2,2,me if had negative iq,safe
2051,2,2,oh wow shes so lucky,safe
2053,2,1,want to breed you,nsfw
2054,2,2,absolutely gorgeous what stunning view,safe
2055,2,2,her page is complete scam she ll post videos on of to purchase and then delete them after alittle while so you can view them anymore and waste your money bring it to her attention and she says it glitch all bs and her page is monitored by so many people they act like they don know what you re talking about,safe
2056,2,2,arabic mommy getting ploughed by her son,safe
2057,2,2,when my wife turns this was my gift to her young bull boy whom would bring home whenever she is arrogant and thinks shes rhe boss of thd house,safe
2058,2,2,any sons to play,safe
2059,2,2,mummyde body pole und,safe
2060,2,2,bro what the name of that guy dude he everywhere with different girl,safe
2061,2,2,hii dm me ibam out of invites,safe
2062,2,2,anyone want talk about my indian mom,safe
2063,2,2,my thaatha neighbor mommy,safe
2064,2,2,no its alina angel amp gattouz,safe
2065,2,2,hi can we do like him if you went,safe
2066,2,2,alina angel is fire,safe
2067,2,2,shall we do it with ur mom,safe
2068,2,2,need bull for my amma,safe
2069,2,2,yes dm me mommy,safe
2070,2,2,yes what about bbc,safe
2071,2,2,any sons to play roleplay with me,safe
2072,2,2,cant even blame him,safe
2073,2,2,this mf makes the dumbest faces lmao,safe
2074,2,2,youll need to lure him can,safe
2075,2,2,ohh wow that boy is handsome need him in my bed,safe
2076,2,2,can get that chance too im,safe
2077,2,2,got same young boy in my society who is such wild,safe
2078,2,2,ikr scene turns me on so much,safe
2079,2,2,love that look when they realize they re in for ride lol,safe
2080,2,2,just like my mom wen do her,safe
2081,2,2,absolute mommy body wish gatouzo was my friend,safe
2082,2,2,one night stand or fwb inu thaalparyam ullavr pls dm only,safe
2083,2,2,pennullavar vaa cuck chat cheyyan,safe
2084,2,2,can we do like him if you went,safe
2085,2,2,cuck chat cheyyan undo,safe
2086,2,2,have the full videos of it its mins,safe
2087,2,2,bro pls send ill share some to you too,safe
2088,2,2,sent it to me,safe
2089,2,2,please send it to me too,safe
2090,2,2,her name is alina angel,safe
2091,2,2,link to full video,safe
2092,2,2,how can get this with sound redgif isn working,safe
2093,2,2,bro ur weird af,safe
2094,2,2,if my own mommy is so much beautiful like her would mind to bang her,safe
2095,2,2,yenth look aah ivalu,safe
2096,2,2,soon hes going to have brother and son,safe
2097,2,2,recreation of this from you can get more views than anything else,safe
2098,2,2,bhag ja yaha se bhn lund,safe
2099,2,2,whats her name bro,safe
2100,2,2,arabic mullis are great,safe
2101,2,2,who that the girl,safe
2102,2,2,what woman damn enna rasava kanan,safe
2103,2,2,alina angel amp gattouz,safe
2104,2,3,dayumn shes gorgeous and so freakin hot,nsfw
2105,2,2,want to see more of her who is she,safe
2106,2,0,she ideal milf name,nsfw
2107,2,2,ithinte full video link indo thappittu oru min short version kaanunollu,safe
2108,2,2,alina angel and gattuozo ella videos heavy aan,safe
2109,2,2,whats her name she is gorgeous,safe
2110,2,2,ivare rand pereyum kaanumbol sherikkum oru mom son feel aahnu,safe
2111,2,2,want to comfort my widowed mother in front of my fathers photo like this,safe
2112,2,2,definitely dream of mine to have that happen to me,safe
2113,2,2,happy cake day lmao,safe
2114,2,2,woah what is my alt doing here theres no way ive come back to this video more than once what,safe
2115,2,2,fun interaction with myself small world huh,safe
2116,2,2,couldnt have said it better myself hasta ma ana,safe
2117,2,2,her birthday but he getting all the gifts what sorcery does one use to accomplish this,safe
2118,2,2,you all seem fun,safe
2119,2,3,oh my god this is the hottest video ive seen on in while,nsfw
2120,2,2,thank you for your service mr hung,safe
2121,2,2,glad you can translate that form of english,safe
2122,2,2,theres nothing vaugly scots about that sentence even the first word is quintisentially english awa and boil yer heid,safe
2123,2,2,think it the sub form of greek to me to them,safe
2124,2,2,jeepers be knocking one out whike watching that for years if you were the in that ffm,safe
2125,2,3,yup it was so hot how they were holding each other,nsfw
2126,2,2,was doing it wrong all those years,safe
2127,2,2,fine keep your secrets,safe
2129,2,2,you pay them do you think they dont do this here for money,safe
2130,2,2,need friends like this,safe
2131,2,2,lost brain cells trying to reread the caption wrote,safe
2132,2,2,one extra word think you lost the only brain cell you had left,safe
2133,2,2,agree this is the result of too much meat beating guess,safe
2134,2,2,lost brain cell reading the caption,safe
2135,2,2,love good plot line,safe
2136,2,2,wish my friends would let their boyfriends do that to me,safe
2137,2,2,what are both their names,safe
2139,2,2,look at profile bad reposters block them,safe
2140,2,2,for real lucky bastard got,safe
2141,2,0,reference to the lucky number on the wheels of many slut machines,nsfw
2142,2,2,it also means permission to do everything in unix,safe
2143,2,2,just dont ask about the sticky bit,safe
2144,2,2,your bf got the jackpot,safe
2145,2,2,living the dream my friend live the dream,safe
2146,2,2,just came so hard that was,safe
2147,2,2,how can hear it,safe
2148,2,2,with friends like that who needs any other friends,safe
2149,2,2,does your mrs have page as we see too little of her,safe
2150,2,2,this dude is the biggest douchbag on reddit,safe
2151,2,2,love your style and would love to join you,safe
2152,2,2,guys name gif is broken,safe
2153,2,2,the best thing ive seen all morning goals,safe
2154,2,2,daam such good friends,safe
2155,2,2,now how do get an invite to that party,safe
2156,2,2,sharing is caring what lucky dude your bf is,safe
2157,2,1,ive got to get my gf some best friends like that love how he got you both on your sides so you could kiss effing super hot,nsfw
2158,2,3,love your clips they are always hot,nsfw
2159,2,2,how many best friends do you have,safe
2160,2,2,wanna hang out with all,safe
2161,2,3,hottest vid ve seen in while,nsfw
2162,2,2,one on the right has such cute little belly would love to see more of her,safe
2163,2,2,where can find couple of chicks like that,safe
2164,2,2,youre the genre been looking for all these time,safe
2165,2,3,damn this is hot your boyfriend is very lucky man,nsfw
2166,2,2,watching your videos on mute so my wife doesn hear,safe
2167,2,2,my type of party,safe
2168,2,2,you have the most awesome friend on earth,safe
2169,2,2,amazing friends can we be friends,safe
2170,2,0,this might be the best threesome gif ve ever seen,nsfw
2171,2,2,damn youre living the dream,safe
2172,2,2,love to join in,safe
2173,2,2,damn shes lucky to be your best friend,safe
2174,2,3,hahaha she just took that situation away from you she tried to keep eye contact but that girl took control overall hot in many ways upvote,nsfw
2175,2,2,wish could add mine damn,safe
2176,2,2,omgggg can be next,safe
2177,2,2,wow take my gf along and use her holes good be glad to slide in her sloppy after your done,safe
2178,2,2,goodnesss me pls let me join,safe
2179,2,2,what both their names,safe
2180,2,0,proly this is the most liked porn vid in reddit ever,nsfw
2181,2,2,look at around seconds and look at the hallway,safe
2183,2,2,how can you tell how they sound from text comment,safe
2184,2,2,how did you manage to perfectly sound like cuck too,safe
2186,2,3,arent sucks into being told they are bad though so by kink shaming cuck your kind of fulfilling their kink,nsfw
2187,2,2,so its win win for everyone,safe
2189,2,2,the content of the message youre about to realize that words have meaning and its going to blow your mind,safe
2190,2,2,huh is that even possible,safe
2191,2,2,imagine watching this and noticing youre the guy beside them,safe
2192,2,4,the state of florida has asked us to disclose our sexual crimes to you,nsfw
2193,2,2,we were bad and now we re good we re moving into your neighborhood,safe
2194,2,2,and now we re trying our best to be functioning members of society,safe
2197,2,2,youd think theyd at least ask her to wear mask lol,safe
2198,2,2,you can remove your mask when youre eating so,safe
2199,2,2,this videos few years old im sure,safe
2200,2,2,before now you cant thanks lot osama,safe
2201,2,2,god damn hostage situation over here,safe
2202,2,2,stick your finger up your butt wha ok kwep,safe
2203,2,2,at one point kid walks up in the aisle there that would have to be illegal if they staged it and got kid to walk around in the back,safe
2204,2,4,unethical and illegal life pro tip make sure there is kid in the background of your public sex videos so you can shutdown all the staged comments right quick,nsfw
2205,2,2,there kid that walks up from the left and then turns back,safe
2206,2,2,so rude keep your damn shoes on,safe
2207,2,2,always hoped something like this would happen to me but not after reading this,safe
2208,2,2,they do they always do but most people dont care or dont want to deal with the consequences did this in the bus with my girlfriend on schooltrip the bus driver saw us in his mirror the girl behind us saw it and told us the teacher frowned at us when looked at her but its too much troubles so they just let it happen,safe
2209,2,2,lol this sounds fake af,safe
2210,2,2,the band and choir buses in high school were full of stories like this people knew word got around the gossip tree all kinds of times,safe
2211,2,3,white duh black people or minority would be kicked off the plane and put in jail of lude exposure but hot white young couple they are just being adventurous hate the world,nsfw
2212,2,2,and this video is sponsored by audible,safe
2213,2,2,youll get whole load of audio books for free with our discount code,safe
2214,2,2,im gonna rock my audible headphone grapes of wrath,safe
2215,2,2,best comment hands down,safe
2216,2,2,im afraid to sneeze in public,safe
2217,2,2,to be fair that guy isn committing crime,safe
2218,2,3,yeah don really get it the thought of sex in some sex club is real turn on cause know the people that see want to see but strangers that would be offended or mortified has never seemed sexy to each his own guess but this stuff seems to go bit too far,nsfw
2219,2,2,in the middle of the clip you can see kid walk into the frame slightly,safe
2220,2,2,aaaaaand one more reason for which never living in the usa,safe
2222,2,2,this may be the wildest video ve ever seen wow,safe
2223,2,2,agreed although think only saw it drip into his pants,safe
2224,2,2,good point had to watch again lol was thinking it went further guess got distracted by something on screen,safe
2225,2,2,had to watch again for science,safe
2226,2,2,come on the seat,safe
2227,2,2,just the guy though wish was being sarcastic,safe
2229,2,2,what vaginas have you been seeing that their smell can be smelt from across plane,safe
2230,2,2,how did they not see you,safe
2231,2,2,have to check that defintivly,safe
2232,2,2,leolulu if not mistaken,safe
2233,2,3,blurred the person sucking but not the dude just chilling,nsfw
2234,2,2,right like that bro probs doesn wanna be in this video at all,safe
2235,2,2,mean for god sake at least blur the stranger faces aye,safe
2236,2,2,yo the kid at then end,safe
2237,2,2,won post her face on but will post stranger,safe
2238,2,2,it leolulu for anyone wondering,safe
2239,2,2,blurs her own face but not the complete stranger in the background,safe
2240,2,2,honestly id find it pretty funny good party conversation,safe
2241,2,3,heres sneak peek of trashyboners nsfw using the top posts np com trashyboners top sort top amp year of the year seafood buffet on public beach redgifs com watch authorizedmagentamaltesedog comments np com trashyboners comments seafood buffet on public beach thicc bartender redd it yssedrpzdx jpg comments np com trashyboners comments tr thicc bartender hot tequila redgifs com watch fluffygrumpycollardlizard comments np com trashyboners comments odelg hot tequila im bot beep boop downvote to remove contact me com message compose to sneakpeekbot info np com sneakpeekbot opt out np com sneakpeekbot comments wk blacklist ix,nsfw
2242,2,2,this is trashy af,safe
2243,2,2,xfantazy com video dc,safe
2244,2,2,my god just wanted to see if there were any comments but got spammed tf out by constant ads was not worth the trouble,safe
2245,2,2,nah knew girl like this she once gave my friend bj in the back of bus while me and my other friend were having conversation with him we thought she was just sleeping on his lap but he was getting head under that blanket nice girl still in touch to this day but was kinda psycho to be in relationship with tho daddy issues,safe
2246,2,2,any girl who gives public bjs has to be crazy source my friend used to blow me in forest regularly when we didn have our own places daddy issues of her own and she now gone awol,safe
2248,2,2,hate that youve received dislikes because this is valid and you are correct,safe
2249,2,2,and not denying it,safe
2250,2,4,thank you don worry too much about the dislikes also love to give blow jobs in public and don know what everyone definition of crazy is but just hate how any blame gets put on female yet they are expected to be constant sexual beings,nsfw
2251,2,2,apologies can see how my original post could be interpreted that way takes two to tango and all that,safe
2252,2,2,what kind response thank you wish you all the blow jobs you desire public or not,safe
2253,2,0,any guy who says no to blowjob in public has to be crazy,nsfw
2254,2,2,this has to be spirit,safe
2255,2,2,do it once say but try to avoid giving her your address real name or contact info unless youre an utter saint and god owes you favor,safe
2256,2,2,definitely dont work with her either,safe
2257,2,2,my ex girlfriend used to give me hand jobs on bus trips and yes she had daddy issues starting to see pattern here,safe
2258,2,2,need this type of woman,safe
2259,2,2,don know how people pull this off without getting busted always fascinating,safe
2260,2,2,not on the corduroy pants,safe
2261,2,2,good gawd that crazy,safe
2262,2,0,imagine the guy in the background scrolling reddit and sees himself ahahah like wtfff look hunnie my first semi porn,nsfw
2263,2,2,they could smell it,safe
2264,2,2,would you like anything else to drink ma am,safe
2265,2,2,wow what an experience that must ve been,safe
2266,2,2,anyone catch the person peek then duke out,safe
2267,2,2,thats stupid what are you gonna do if kid see you say you re sorry do that in bed not in public,safe
2268,2,2,bet they both got arrested as soon as they landed,safe
2269,2,2,for everyone wondering it leolulu,safe
2270,2,2,flight attendant ma am would you like snack her no thanks already had some nuts,safe
2271,2,2,this video is adventurous,safe
2272,2,0,that was hot nice blowjob,nsfw
2273,2,2,you re everyone dream girl,safe
2274,2,2,you know she loves that nut when she willing to go on the no fly list for it,safe
2275,2,2,the dude who walked then stopped at the end for sure saw it,safe
2276,2,2,any more of this couple also wonder if this is staged,safe
2277,2,2,wow talk about flying the friendly skies,safe
2278,2,2,this is by far one of the best public videos ve ever seen,safe
2279,2,2,damn that is next level ballsy or shafty,safe
2280,2,2,got feeling this will become the top post of all time by the end of the week,safe
2281,2,2,impressive thrill seekers for sure,safe
2282,2,2,couldn even enjoy this due to the overwhelming anxiety it gave me,safe
2283,2,0,this is leolulu its from her onlyfans,nsfw
2284,2,2,still remember getting lovely blow job in bus years ago on road trip to gold coast from mature babe,safe
2285,2,2,dont do this its just registry waiting to happen and no one wants you doing this on plane,safe
2286,2,2,so many comments but anybody knows the source and where to find more videos of this couple,safe
2287,2,2,this was the dumbest thing they couldve done what were they thinking,safe
2288,2,2,anyone knows who she is,safe
2289,2,2,will jemand dirty chatten,safe
2290,2,2,premium valet service oc,safe
2291,2,2,the smile at the end oofff,safe
2292,2,2,there is so much to unpack in this comment,safe
2293,2,2,had to read it thrice but hes right about the knot though,safe
2294,2,0,no arguments just rich font of porn thoughts in one post,nsfw
2295,2,2,just imagine the poster looking at his monitor and saying enhance,safe
2296,2,2,ayyye now thats good partner defend your man,safe
2297,2,2,yea guys expected to be rock hard every single time is just not realistic nice girls at least understand that too,safe
2298,2,2,these comment are crazy disrepectful really appreciate your skill and effort and look up to become as good as you when it comes to deepthroating thank you and your friend for the content lt,safe
2299,2,2,it not that deep bro,safe
2300,2,2,he never is he flaccid in every vid of hers,safe
2301,2,2,what are you saying,safe
2303,2,2,how is he not fully hard,safe
2304,2,2,after further review initial call is reversed that is in fact not in her pooper no foul on the play,safe
2305,2,2,doesnt look that way,safe
2306,2,2,poor girl deserves more than gummy worm,safe
2307,2,3,sucked that niggas soul out goddamn,nsfw
2308,2,2,there is girl who is confident in the cleanliness of her rectum,safe
2309,2,2,story of my life,safe
2310,2,2,staying soft and hard at the same time,safe
2311,2,2,how does he stay that soft yet hard at the same time,safe
2312,2,2,mean not gay but can help homie out,safe
2313,2,2,you can also ride and blow mine when youre done with his if you want,safe
2314,2,2,damn let me give you another load in your throat,safe
2315,2,2,she should give lessons,safe
2316,2,2,this is one of the best clips ve ever seen well done girl,safe
2317,2,1,im bot bleep bloop someone has linked to this thread from another place on gonewild bouncy com gonewild comments nfcxj bouncy heman stellavioletxx com heman comments ymd stellavioletxx amp nbsp if you follow any of the above links please respect the rules of and dont vote in the other threads info totesmessenger contact message compose to totesmessenger,nsfw
2318,2,2,typa stuff my girl does to me the best,safe
2320,2,3,that is one hot woman,nsfw
2321,2,2,now thats good girl,safe
2322,2,2,bro no matter what there always god damn nsfw result like bro let me see other people oc,safe
2323,2,3,the atm into perfect throat pie is everything this is really one of the hottest clips ever like damn,nsfw
2324,2,4,aaaaahhhh dm me girls lets sext,nsfw
2325,2,2,this is not the oc was looking for,safe
2326,2,2,was looking for oc artists what in copper is this bullshit,safe
2327,2,2,she was performs like godamn suction vacuum lol,safe
2328,2,2,you are keeper need to find myself one like this,safe
2329,2,2,heyo happen to be available put down as reference for miss here,safe
2330,2,3,want to ride that and have you finish on my big areolas,nsfw
2332,2,2,have to try that one,safe
2333,2,2,gawd damn that amazing,safe
2334,2,2,need ride from her were can find her,safe
2335,2,2,now that is service,safe
2336,2,2,excellent please sign me up,safe
2337,2,2,omg what good girl,safe
2338,2,2,totally keeper marry her,safe
2339,2,2,do that to meeeeee,safe
2340,2,2,dude needs to hit the gym,safe
2341,2,2,guy is softer than air,safe
2342,2,2,this is top tier,safe
2343,2,2,weird no girl has ever done that to me,safe
2344,2,2,that part of polyamory,safe
2345,2,2,what exactly as part of polyamory to rub against leg,safe
2346,2,2,don get it lol,safe
2347,2,0,hi peter here to explain the joke makefeel is suggesting that the gentleman who is in highly desired position being in this threesome attained this opportunity by reaching high level of benevolence in past life suggesting he was reincarnated and placed in this situation as reward for being gift to society by saving bus full of children,nsfw
2348,2,2,the hi peter here to explain the joke got me so good almost fell out of my chair,safe
2349,2,2,this interaction is honestly better than the post lmao,safe
2350,2,2,only downvoted cause eryone else did,safe
2351,2,2,lol why have so many people downvoted tho,safe
2352,2,2,gotta keep them guessing,safe
2353,2,2,homie throwing wicked curveball with that pop shot at the end,safe
2354,2,2,possibly the best account on twitter,safe
2355,2,2,why does bro sound like zombie when hes nutting,safe
2356,2,2,twitter com gothjockof status with sounds,safe
2357,2,2,yeah have to open it in new tab to load works normal on mobile rif though,safe
2358,2,2,anybody else getting rg not working,safe
2359,2,2,am so jealous of him,safe
2360,2,2,some people really be living their best life,safe
2361,2,2,all this while im over here starving,safe
2362,2,2,are you sure you re not referring to dxdiamond,safe
2363,2,2,it him it the guy and his three weed smoking girlfriends where is the third though,safe
2364,2,2,what do you mean,safe
2365,2,2,hope he married you already,safe
2366,2,2,yeah depends on the girl tho,safe
2367,2,2,will all ever do anal,safe
2368,2,2,how many besties do you have,safe
2369,2,3,the way she casually smokes the joint while watching her friend get railed is sexy af,nsfw
2370,2,2,look at him pound away ugh that position has me falling in love with you two,safe
2371,2,0,wish my gf would let me have threesome,nsfw
2372,2,2,who the best friend,safe
2373,2,2,best girlfriend ever other girls have must learn from you,safe
2374,2,2,who is the friend,safe
2375,2,2,redgifs doesnt working anymore where can find this vid again,safe
2376,2,2,totally agree check out their user profile bud pretty legendary stuff in there to be found and lots of it,safe
2377,2,2,making sure shes still good after that pounding,safe
2378,2,3,this is so hot love how you re holding her hand too,nsfw
2379,2,2,the chick is taking that impaling well,safe
2380,2,2,impressive very nice let see her relationship with her father,safe
2381,2,2,those are real best friends,safe
2382,2,4,loved weed and sex especially at the same time,nsfw
2383,2,2,cant stop watching this,safe
2384,2,2,does she only have one leg,safe
2385,2,2,need it so bad,safe
2387,2,2,name of the one laying down,safe
2388,2,2,some people are too lucky,safe
2389,2,2,bro is living the dream,safe
2390,2,2,wow please urce vid,safe
2391,2,2,where the third girls didnt he have weed smoking girlfriends,safe
2392,2,2,who is the girl smoking,safe
2393,2,2,life goals right there,safe
2394,2,2,that what dreams are made of,safe
2395,2,2,any other pic from your friend,safe
2396,2,2,very cute how you hold her hand,safe
2397,2,3,where do you find all these sexy friends who are down,nsfw
2398,2,2,wo this is awesome,safe
2399,2,3,hope he lets you try som extra meat in return super hot vid,nsfw
2400,2,2,next time please tell him to be quiet his loud moaning ruined the video,safe
2401,2,0,this is oc but guessing the source is their onlyfans,nsfw
2402,2,2,this was good one,safe
2403,2,2,til need nore chicks face tatts in my life,safe
2404,2,2,do you have full length videos on your of wall or are they ptv thanks,safe
2405,2,2,matter of fact what both the girls ig,safe
2406,2,2,that is something beautiful to watch damn that viewing has dude rock hard,safe
2407,2,2,two girlfriends better than one,safe
2408,2,2,damn whats the bestfiends name,safe
2409,2,2,did you share the load with her,safe
2410,2,2,wish had spent my twenties in camming menage trois,safe
2411,2,2,how get life like that,safe
2412,2,2,well everybody gonna be living in hell from now on because there no more luck around cus this mf stole it all,safe
2413,2,2,my god thats the dream,safe
2414,2,0,literally happiest guy in the world in terms of cum slut,nsfw
2416,2,4,forum leaked nudes lol threads catkitty nude mega pack,nsfw
2417,2,2,its kinda far but its pleasure to look for,safe
2419,2,2,thanks for that bit of info good sir,safe
2420,2,2,don believe you trust neverkbest and she is so beautiful,safe
2421,2,2,thought it was cetaphil,safe
2422,2,2,was gunna go with jergens lotion,safe
2423,2,2,this has awoken whole new fetish in me,safe
2424,2,2,today your prayers have been answered,safe
2425,2,2,blessings upon you the church of lust is very proud of all the work youve done so far,safe
2426,2,2,mean you don really have to pray for it sure there plenty of dudes that will willingly nut on you,safe
2428,2,2,you right you right,safe
2429,2,2,because hes not an idiot bit early for kids,safe
2430,2,2,like little prayer you re down on your knees,safe
2431,2,2,praise be to gizeus,safe
2432,2,2,id love to bless you,safe
2433,2,2,this outfit is so cute,safe
2434,2,2,you deserve more than that,safe
2435,2,2,you have such pretty face,safe
2436,2,2,what her name pls,safe
2437,2,2,omg your the sandwich chick on insta,safe
2438,2,2,would love to give it to you everyday,safe
2439,3,0,didnt find any posts that meet the matching requirements for cumsluts it might be oc it might not things such as jpeg artifacts and cropping may impact the results im not perfect but you can help report false negative com message compose to repostsleuthbot amp subject false negative amp message post id jgnsms meme template null view search on repostsleuth com repostsleuth com search postid jgnsms amp samesub false amp filteronlyolder true amp memefilter false amp filterdeadmatches false amp targetimagematch amp targetimagememematch scope reddit meme filter false target check title false max age unlimited searched images search time,nsfw
2440,2,2,you should start praying for bigger loads,safe
2441,2,2,christ is king amen,safe
2442,2,2,sorry but that bit messed up,safe
2443,2,2,used two hands like she tryna say grace said amen then blessed her face,safe
2444,2,2,don bring christ into lust please,safe
2445,2,2,did you pray today ah pic amazing,safe
2446,2,2,my lord you look perfect when you re dripping,safe
2447,2,2,hahahhaha this is awesome,safe
2448,2,2,bless you like to answer ur prayers,safe
2449,2,2,kneeleth before the temple,safe
2450,2,2,look like my kindergarten teacher mrs smith is this you,safe
2451,2,2,look how bad the alignment on the door handles is poor workmanship right there,safe
2452,2,2,you wouldn even have to ask nicely never mind ducking pray for it,safe
2453,2,2,wow you are cute,safe
2454,2,2,and all god people said amen,safe
2455,2,2,omg you re perfect,safe
2456,2,2,kinda just looks like over the top animated tears or rain,safe
2457,2,2,see both of us had the same idea lol,safe
2458,2,0,praying for sky daddy cummies,nsfw
2459,2,2,bit of blasphemy is always appreciated,safe
2460,2,2,you better repent on sunday,safe
2461,2,2,omg you look amazing love the glow,safe
2462,2,2,if only my prayers for cash were answered so readily,safe
2463,1,2,for just one dollar day less than the price of cup of coffee you can ensure these slutty nuns dont go hungry wont you be someones hero today can only imagine when that day comes,safe
2464,2,2,you are incredibly cute,safe
2465,2,2,yo those are some cute eyebrows,safe
2466,2,2,ill fill you full everyday baby,safe
2467,2,2,ask and ye shall receive xxx,safe
2468,2,2,your sins have no absolution,safe
2469,2,2,as soon as my balls make it you can have it,safe
2470,2,2,always had huge sacrilegious kink for some reason this is one of the best things ive ever seen to indulge it haha love this,safe
2471,2,2,that an odd prayer but pray to be cool so have no room to talk lol,safe
2472,2,2,show more of those nails,safe
2473,2,2,oh wow hope your prayers are answered every day,safe
2474,2,2,the costume and the pose is everything,safe
2475,2,2,looks like your prayers are answered,safe
2476,2,2,this world needs more people like you,safe
2477,2,2,we need more people like you,safe
2478,2,2,yes baby have lot more,safe
2479,2,2,this is not okie dokie,safe
2480,2,2,would love to be your blessing,safe
2481,2,2,guess there is god,safe
2482,2,2,you are so adorableeee,safe
2483,2,2,omg this is funny ngl,safe
2484,2,2,if you want it multiple times day can drop ropes as many times as requested all over that gorgeous face of yours,safe
2485,2,2,so do but havent gotten any in years,safe
2486,2,2,come to me youll get thrice day,safe
2487,2,2,that tatt is groovy,safe
2488,2,2,jesus is not happy,safe
2490,2,2,this sounds like letterkenny line,safe
2491,2,2,stached her from yard away,safe
2492,2,3,id be cracking tf up while nutting if this happened shes trying to look sexy and all can think is its meee marriooo,nsfw
2493,2,2,its marios other brother gooigi,safe
2494,2,2,this got my laughing for good minute,safe
2495,2,1,nigga sprayed mario mustache on her,nsfw
2496,2,2,jesus that an impressive load and shot,safe
2497,2,2,yeah but whats his name,safe
2498,2,3,wow that was hot,nsfw
2499,2,2,love when people jack other peoples posts without tag,safe
2500,2,2,olympics isnt far away,safe
2501,2,2,or from the lips to the lips,safe
2502,2,2,bodyshots probably the closest,safe
2503,2,2,almost comments and no one has source lol,safe
2504,2,2,heyyyyy mann man man man,safe
2505,2,2,hey man nice shot,safe
2506,2,2,gonna need dat sauce,safe
2507,2,2,no it is jojos reference,safe
2508,2,2,good eye sniper ill shoot you run,safe
2509,2,2,odd place for coheed reference ll allow it,safe
2510,2,2,had to shoot my shot,safe
2511,2,0,as man with keywork tattoo who enjoys porn approve,nsfw
2512,2,2,may volunteer for service,safe
2513,2,2,need marksman in my life,safe
2514,2,2,my guy really covered both pairs of her lips,safe
2515,2,2,give that man teddy bear top draw shooting,safe
2516,2,2,hell this guy puts peter north to shame,safe
2517,2,2,found it harleyraiyn on manyvids,safe
2518,2,0,bet her name isa cumario,nsfw
2519,2,2,well that was delightful,safe
2520,2,2,omg where is guys like this even if he cheat me still ill keep him if he has this skill,safe
2521,2,2,he gave her nutstache lol,safe
2522,2,2,he gonna drown her,safe
2523,2,2,one of the best love this one,safe
2524,2,2,right down the middle of the fairway,safe
2525,2,1,right on the kisser,nsfw
2526,2,2,sauce please amazing video,safe
2527,2,2,dam one hell of an aim,safe
2528,2,2,would make an interesting olympic sport,safe
2529,2,2,my kid is obsessed with super mario now and this is all gonna think of when he playing it lol,safe
2530,2,2,did you find out the name,safe
2531,2,2,download mp mp xyz mention redditmp bot under post to download videos and gifs from redd it redd it youtube imgur twitter gfycat gif vif streamable redgifs giphy etc,safe
2532,2,2,wtf mean yeah it great shot but why isn anyone trying to figure out who she is and where the sauce is someone please help me out fr,safe
2533,2,2,damn shes so pretty and thats an amazing load is there longer video,safe
2534,2,2,forever wishing was her,safe
2535,2,2,bro gave her mustache,safe
2536,2,2,very envious drool like dying dog and only produce quarter that amount,safe
2537,2,2,the one piece is reeeaaalll,safe
2538,2,2,omg how can get my bf to do that,safe
2539,2,2,that was sniper shot,safe
2540,2,2,what wouldnt give to be able to shoot like that wow,safe
2541,2,0,the cum stache is real,nsfw
2542,2,2,thats olympic level marksmanship right there,safe
2543,2,0,spankbang com wwn video harley cumstache,nsfw
2544,2,2,he corrected nicely on your mouth after his first shot was wide left,safe
2545,2,2,she got shot up,safe
2546,2,2,damn that boy could win gold at the olympics to how straight he shoots,safe
2547,2,2,now that milk mustache,safe
2548,2,2,dude went with the awp and got the headshot,safe
2549,2,2,that is impressive congrats to you man,safe
2550,2,2,hey man great shot,safe
2551,2,2,saving for futur faps,safe
2552,2,2,what would give to be shooter like this lol,safe
2553,2,2,bloody good shot sir,safe
2554,2,2,should be an olympic sport,safe
2555,2,2,is it possible to learn this power,safe
2556,2,2,god damn what spray down,safe
2557,2,2,cover me next time,safe
2558,2,2,excellent shots congratulations shots like that take lots of practice day and night maybe he should try being with woman it might not improve his aim but it could prove much more entertaining,safe
2559,2,2,um thats still amazing but cmon counting isnt hard,safe
2560,2,2,that quite an amazing shot,safe
2561,2,2,if it was an olympic event he just won the gold,safe
2562,2,2,no scope shooting from the hip,safe
2563,2,3,how many licks does it take,nsfw
2564,2,2,hell yeah he is,safe
2565,2,2,mmf is way more fun,safe
2566,2,2,if you re gay,safe
2567,2,2,teacher of magic and laruna mauve,safe
2568,2,2,not sure who this guy is but he is king,safe
2569,2,3,it just keeps getting hotter and hotter,nsfw
2570,2,2,where can watch full vid,safe
2571,2,2,teacher of magic is it,safe
2572,2,2,id love to get service from two babes like that,safe
2573,2,3,must be nice to get sucked off by girls,nsfw
2574,2,2,reminds me of my bf and my younger sister,safe
2575,2,2,want to be all three of them,safe
2576,2,2,that girl on the right should have swallowed the whole load she was taking some off of the other girls face and eating it love that,safe
2577,2,2,op has great handle,safe
2578,2,2,damn that was awesome,safe
2579,2,2,this is good girl,safe
2580,2,2,te mo toda la boca llena de leche,safe
2581,2,1,well the ending was super hot kiss them both,nsfw
2582,2,3,that just so hot,nsfw
2583,2,3,anyone know the redheads name shes so damn hot,nsfw
2584,2,2,jooooo ni as est rico pido la vez es una fantas que con mujeres en vez de estas venes inexpertas pero joer motivadas qu te pasas,safe
2585,2,2,it is so beautiful,safe
2586,2,2,id like to help them find out,safe
2587,2,2,every mans dream come true,safe
2588,2,2,great job now sit on it,safe
2589,2,2,become man of quality and everywhere will be the best place,safe
2590,2,2,oh cool so like how can approach them and what is the best way to approach girls like them,safe
2591,2,2,damn was wondering how can blow nice huge load like that and how can get girls like them like where is the best place for me to meet girls like them at,safe
2592,2,2,se tuvinque quitar un pelondel la lengua,safe
2593,2,2,we aren vanilla you re just sub boy,safe
2594,2,2,so naughty and mf nasty perfect little nut sippers,safe
2595,2,2,lol lll lol lol lol,safe
2596,2,2,any girls wana try,safe
2597,2,3,me next please gorgeous beautiful hotties everyday anytime anywhere in north texas beautiful hotties everyday,nsfw
2598,2,2,thats whats im talking about,safe
2599,2,2,every single one lol,safe
2600,2,3,oh my this is so hot,nsfw
2601,2,2,lock it up sweetie,safe
2602,2,0,daddy squirted so much on me mommy,nsfw
2603,2,2,need the whole video stat,safe
2604,2,2,sharing that ice cream what about it want my ice cream,safe
2605,2,2,very naughty but very nice,safe
2606,2,3,love this video very hot,nsfw
2607,2,3,so hot they was it erupts out and hits her face,nsfw
2608,2,2,need to be the left one,safe
2609,2,2,that one of the most beautiful things ve ever seen brang tear to my eye,safe
2610,2,2,gotta save this video,safe
2611,2,2,omg wanna taste it,safe
2612,2,3,what is sexy girl name,nsfw
2613,2,2,could have helped them,safe
2614,2,2,my two sisters used to always do this to me,safe
2615,2,0,quem tem grupo de porno me adiciona,nsfw
2616,2,2,let make it happen,safe
2617,2,2,would watch my wife and my sister giving bj,safe
2618,2,2,milk shake is ready,safe
2619,2,2,this is better than the former charms lollipop commercial amp ill bet to these ladies way tastier lucky guy for sure,safe
2620,2,2,woah wish could do this at as girl,safe
2621,2,2,looks like mother daughter action,safe
2622,2,2,should ve been me,safe
2623,2,2,at least one of them is well trained,safe
2624,2,2,not enough ll need to thrust inside those two mouth to be satisfied,safe
2625,2,2,that they will have to mine pp,safe
2626,2,2,that was nice shot,safe
2627,2,3,stereo sucking like it very much,nsfw
2628,2,2,what lucky guy he is,safe
2629,2,2,unloaded on her like fire hydrant,safe
2630,2,2,she goes by alohalisa,safe
2631,2,4,love those pierced nipples and that she likes facials,nsfw
2632,2,2,decent load would be generous fire hydrant hell naw,safe
2633,2,2,let me do that too baby,safe
2634,2,2,can turn the jealousy into reality for,safe
2635,2,2,let me do that to you baby,safe
2636,2,2,will help in that,safe
2637,2,2,oh gonna need good shower like that real soon,safe
2638,2,2,but have not done yet,safe
2639,2,2,lemme clean up those messs,safe
2640,2,2,gents quick question how do yall stand that mind you its just been me but even with lube stroking the tip like that just hurts,safe
2641,2,2,right in the face,safe
2642,2,2,need someone to do this to me so bad,safe
2643,2,2,good girls get rewarded wear your reward babygirl,safe
2644,2,2,can someone do that to me,safe
2645,2,2,yeah you did thats awesome,safe
2646,2,2,she took it like queen,safe
2647,2,3,can lick it up,nsfw
2648,2,2,let go for dm,safe
2649,2,2,dm for dirty talk only girls,safe
2650,2,2,reminds me of when me and my cousin had sleepovers,safe
2652,2,2,want to see more of her and him who are they,safe
2653,2,3,me next please beautiful hottie anytime anywhere in north texas beautiful hottie everyday,nsfw
2654,2,2,hit us up if your looking,safe
2655,2,3,wow she is purrty hot,nsfw
2656,2,2,are they inside fast food kitchen or something,safe
2657,2,2,yep this ones going in my saved,safe
2658,2,2,can do that for you,safe
2659,2,2,need like her facial thick mask white,safe
2660,2,2,ladies for load dmm me,safe
2661,2,2,not even close to fire hydrant,safe
2662,2,2,can someone do this to my thick wife shes mom,safe
2663,2,2,dm if you want me to do this to you,safe
2664,2,2,crave to be in her position having alphas giving me their delicious load,safe
2665,2,2,ill help you clean everything up again,safe
2666,2,2,don know for anybody else but for me was her nose bein painted,safe
2667,2,2,lady who enjoys her work,safe
2668,2,3,whatta sexy lookin woman,nsfw
2669,2,2,can do that for,safe
2670,2,2,wo cover me just like this,safe
2671,2,2,patiently waiting for her shot,safe
2672,2,0,porn viralhub com ex ryz,nsfw
2673,2,2,alex for what is the sauce,safe
2674,2,2,he needs to drink more water,safe
2675,2,2,bro ngl as soon as read this chugged the rest of my drink bottle,safe
2676,2,2,was too long wait to not be covered,safe
2677,2,2,was gonna say she dazzling and then he anti climatic,safe
2678,2,0,all that waiting for little squirts lol,nsfw
2679,2,2,her waiting wasnt worth,safe
2680,2,2,exactly if you wanna handcrank it do it when youre alone theres girl there have some fun together,safe
2681,2,2,some girls like it,safe
2682,2,2,im kinda lost here what does being death gripped mean,safe
2683,2,2,the prevalence of circumcision in na is partly to blame for this imo amp im one of the rare ones that got the procedure as an adult and need easily the pressure as did before,safe
2684,2,2,if we reverse your statement we see why its not one we use for reasons of evidence for claim gt im one of the rare ones that got the procedure as an adult gt the prevalence of circumcision in na is partly to blame for this imo your circumstance is not generalizable it is as you said rare,safe
2685,2,2,you have one anecdote have publications youre obnoxious,safe
2686,2,2,damn ve never been harder before,safe
2687,2,2,bet she disappointed with those drops,safe
2689,2,2,lol could bust much bigger nut than that,safe
2690,2,3,this is hot need this in my life,nsfw
2691,2,2,weales shot ive ever scene,safe
2692,2,2,first second or third booster,safe
2693,2,2,looks like she is in military barracks room,safe
2694,2,3,this video is still very hot,nsfw
2695,2,2,need this so bad,safe
2696,2,2,this is save for later good,safe
2697,2,3,make sexy kittens thing again,nsfw
2698,2,2,good girl youd make great daughter,safe
2699,2,2,lol maybe they just werent trying to make that kind of video,safe
2700,2,2,is she in jail cell whats with those walls,safe
2701,2,2,man her future children will have so much dirt to use,safe
2702,2,2,love that little tongue,safe
2703,2,2,why she looking at me like its my fault,safe
2704,2,0,want to be shared by group of guy atleast and have them use all my holes degrade me and treat me like their cum slut im unsure of how to make that happen any advice,nsfw
2705,2,1,want to kiss her,nsfw
2706,2,2,her shot is weak,safe
2707,2,2,that face filter is desperately hanging on there like trump on the presidency,safe
2708,2,2,need one of these,safe
2709,2,2,been patiently waiting for thot to explode on,safe
2710,2,2,who is the beautiful girl,safe
2711,2,2,she looks very disappointed,safe
2712,2,2,wow im super hard omg,safe
2713,2,2,redgifs com users traces order top redgifs com users traces order top,safe
2714,2,2,full video com cultural station py rltoyfk,safe
2715,2,2,full video peakclip com ttk hh,safe
2716,2,2,full video in ftfy,safe
2717,2,3,in better quality spankbang com kh video stella violet,nsfw
2718,2,0,really hope shooting porn vertical is just phase,nsfw
2719,2,2,you dont deserve wife in the first place,safe
2720,2,2,she not gon let you hit lil bro,safe
2721,2,2,jedi tricks dont work on me little bro,safe
2722,2,2,well we re gonna have to fight it out,safe
2723,2,2,bros not allowed to moan his girl,safe
2724,2,2,not if he sounds like dying mongoose,safe
2725,2,2,why did he have to moan like that,safe
2726,2,2,need you like this,safe
2727,2,2,how long since you ve had this,safe
2728,2,2,you probably like cuckquean,safe
2729,2,0,does he have to sound like stimulated moose when hes cumming,nsfw
2730,2,2,bro going super saiyan to bust that nut,safe
2731,2,2,jealous af of her,safe
2732,2,3,so hot love it even more when she keeps her eyes open,nsfw
2733,2,2,damn dudes right feet is so long and narrow,safe
2734,2,3,spankbang com kh video stella violet,nsfw
2735,2,2,love getting my cheeks clapped,safe
2736,2,2,does exist sub of this,safe
2737,2,2,yo would divorce my wife just to hit one time,safe
2738,2,2,she look like gabriela andrade,safe
2739,2,2,then stop watching focus on other stuff or try to meet some women and get the real deal,safe
2740,2,3,that sucks man dont want to get there,nsfw
2741,2,2,wanna do this to sm,safe
2742,2,2,shes gotta be pro for sure,safe
2743,2,2,wrong youre supposed to finish in the gooch,safe
2744,2,2,get it in her mouth whats with the lame forehead shot smh,safe
2745,2,2,ill never get tired of seeing this video,safe
2746,2,3,woah so damn hot,nsfw
2747,2,1,mhmm come in the room and give me kiss now wifey,nsfw
2748,2,2,dude has food shave,safe
2749,2,2,love hearing his voice and desire and moans,safe
2750,2,2,great dismount to her knees,safe
2751,2,2,she seemed to enjoy it,safe
2752,2,2,should stayed in and unleashed balls deep never pull out,safe
2753,2,2,you deserve to be covered like that,safe
2754,2,2,do this to meeee,safe
2755,2,2,the guy ruins it,safe
2756,2,2,instructions unclear im now im facing years,safe
2757,2,2,available on the redgifs link,safe
2758,2,2,yes it is just piece of meat,safe
2759,2,1,you re built to breed,nsfw
2760,2,2,it what you re made for,safe
2761,2,2,is this part of the new sith code,safe
2762,2,2,idk about ruined lol you barely got gape,safe
2763,2,2,hehe thank you so very much,safe
2764,2,2,you are so lucky,safe
2765,2,2,warum is der schl bbi so dreckig,safe
2766,2,2,someone do this to me,safe
2767,2,2,good girl at least you know your place what else do you know,safe
2768,2,2,felt like lucky girl,safe
2769,2,2,love girl who likes it hard,safe
2770,2,2,have you ever came with that guy,safe
2771,2,2,the redgifs link use to post has sound but all full length videos are exclusive hope this helps lt im abbi btw,safe
2772,2,2,she is mine abbi,safe
2773,2,3,would pay to lick you clean,nsfw
2774,2,1,wanna breed you nonstop,nsfw
2775,2,2,all great activities to do,safe
2776,2,2,wish it were me filling you up,safe
2777,2,2,that okay like doing laundry,safe
2778,2,2,let her fun on,safe
2779,2,2,when is it my turn to,safe
2780,2,2,ve never been jealous guy but,safe
2781,2,3,love to lick it up,nsfw
2782,2,2,sounds about right why you need more help,safe
2783,2,2,only just seen this my goodness she is beautiful,safe
2784,2,2,thats what say about spooning spooning leads to forkin and then theres juices everywhere,safe
2785,2,2,want to join what do have to do,safe
2786,2,3,would love to be the one doing that to you you are so hot and sexy,nsfw
2788,2,2,good job bro that puss needs pounded,safe
2789,2,2,very nice it all looks soooooo yummy,safe
2790,2,2,you are super fine,safe
2791,2,3,you re gorgeous and the only thing that could make you even hotter is dripping out of you at the end of the scene perfect clip in every way,nsfw
2792,2,4,thats what my hands would do also except pinch on the nipples and play with them more,nsfw
2793,2,2,omg im your new boyfriend,safe
2794,2,2,would love to join,safe
2795,2,2,whats sub for content exactly like the first part of this video,safe
2796,2,2,good girl getting railed excellent little video,safe
2797,2,2,omg just fell in love with you,safe
2798,2,2,can please please please join you,safe
2799,2,2,you need to work on your arch,safe
2800,2,2,damn it if wish this had sound,safe
2801,2,2,love to bust load in you,safe
2802,2,2,well you like it rough,safe
2803,2,2,the pillow made it look like you were being spit roasted lol,safe
2804,2,2,how my bm looks rnow cheating,safe
2805,2,2,imagine you gf sends you this video,safe
2806,2,2,this is so skibidi sigma think iam edging but honestly that gyatt got me mewing all over the riizzler of brawl stars ell primooo si dolor no hay gloria buenas noches,safe
2807,2,2,looks like great time,safe
2808,2,2,not if you sit on my face,safe
2809,2,2,saving this video but man do wish could here you getting railed,safe
2810,2,2,she knew her position next time little hair pull,safe
2811,2,2,love to clean you,safe
2812,2,3,mmmh wish could hear your hot moans,nsfw
2813,2,2,love to have seconds,safe
2814,2,2,absolutely love being grabbed like this,safe
2815,2,3,love hearing you get clapped so hot,nsfw
2816,2,4,watching your nipples getting hard at the beginning is,nsfw
2817,2,2,please help me find the sound,safe
2818,2,3,no dripping on the bed if am underneath licking,nsfw
2819,2,2,would of stretched you more,safe
2820,2,2,you like getting dicked down huh,safe
2821,2,3,now gonna have to buy new panties,nsfw
2822,2,2,disagree think it looks sensational,safe
2823,2,0,since no one ele is gonna say it that handjob finish looks painful if youre pulling skin off the torso whilst giving hj youre doing it wrong,nsfw
2824,2,2,mmm very true xx,safe
2825,2,2,hope you do babe xx,safe
2826,2,2,love to experience that ride,safe
2827,2,2,the epitome of win win situation,safe
2828,2,2,hey what if people see you,safe
2829,2,2,can have cleanup duty please,safe
2830,2,2,man housing is insane these days,safe
2831,2,2,would love to have this view,safe
2832,2,2,do you go by snow angle on other platforms,safe
2833,2,2,may get invitation please,safe
2834,2,2,damn wish women were that way to bed,safe
2835,2,2,can share this with clublatenight,safe
2836,2,2,thats reasonable and damn you know how to ride,safe
2837,2,2,you have nice back,safe
2838,2,3,this is so damn hot what part of tx are you love to set something up,nsfw
2839,2,2,you are one hell of guest,safe
2840,2,2,would ve came so face with that ride,safe
2841,2,2,how considerate of you,safe
2842,2,2,ready to give you these thick inches baby,safe
2843,2,2,in that case this is your open and standing invitation to join me anywhere and anytime,safe
2844,2,2,youre amazing youve got amazing talents,safe
2845,2,3,perfect position want you to ride me and drain my balls deep inside you multiple times and make baby together sexy love,nsfw
2846,2,3,the reinsert is so sexy you re welcome in my hotel anytime,nsfw
2847,2,3,wow that was very sexy your naked back is sexy af,nsfw
2848,2,3,baby doll you got open invitation to my hotel room,nsfw
2849,2,2,the view is immaculate,safe
2850,2,2,id like to invite you to room too,safe
2851,2,3,thats beautiful body you have,nsfw
2852,2,2,want to be next babe,safe
2853,2,2,geeeezussss hit em with the reach back hand job and then popped it back in be screaming lol,safe
2854,2,2,sounds like great invite you offered,safe
2855,2,3,babe tell me where have to travel and will book every hotelroom you wants,nsfw
2856,2,0,you know how to give guy an good orgasmus,nsfw
2857,2,2,why would you ever pull out,safe
2858,2,2,just love it so freaking much just enjoying seeing an amazing looking person that just knows how to ride the pony,safe
2859,2,2,youre gonna rip his skin off pulling like that,safe
2860,2,2,same dude in all vids lol,safe
2861,2,2,you are welcome to come to my room when ever you want to do gorgeous,safe
2862,2,2,perfect working tf outta those hips no way id pull out,safe
2863,2,2,no way would pull out of course im fixed so no danger,safe
2864,2,2,bro sure if im was here couldnt breathe so just do with him ez,safe
2865,2,2,what lucky man looks fantastic,safe
2866,2,3,fair trade so sexy,nsfw
2867,2,2,im inviting you into my bedroom,safe
2868,2,2,uff esos sentones de diosa,safe
2869,2,2,would als do it for you baby,safe
2870,2,2,bro living dream life,safe
2871,2,3,wow that hot and amazing,nsfw
2872,2,2,come to my room,safe
2873,2,3,that hot also use some live and be less hard grip easy with it not rough,nsfw
2874,2,2,gorgeous wish that was me,safe
2875,2,3,dammmmm that one lucky hotel guest,nsfw
2876,2,2,wish you was on my bbc,safe
2877,2,2,got an open invitation for you of youre ever in the netherlands,safe
2878,2,2,got an open invitation for you if you are ever in the netherlands,safe
2879,2,2,wish it was me,safe
2880,2,2,this is what dreams are made of,safe
2881,2,2,someone is very lucky man,safe
2882,2,2,beautiful grind and ride,safe
2883,2,2,my kind of roommate,safe
2884,2,2,call me and do me,safe
2885,2,2,it has audio click the redgif link,safe
2886,2,2,wheres it teach me please,safe
2887,2,2,on top beside the date,safe
2888,2,2,audio please she is killer,safe
2889,2,2,have seen me around ck ill swallow all that,safe
2890,2,2,give this lady ring,safe
2891,2,2,with all the days lived on this earth ive never experienced skills like this girl has,safe
2892,2,2,my wife got stuck at beginner,safe
2893,2,2,this video is awesome the only thing that would make it even better is if her top was off,safe
2894,2,2,take it down your throat,safe
2895,2,2,think the order is the opposite,safe
2896,2,2,love when my wife does that lol,safe
2897,2,0,snh very soon we will have lvl crook and lvl mafia boss porn videos,nsfw
2898,2,2,im at intermediate level,safe
2899,2,2,damn that is insane,safe
2900,2,2,do that to me,safe
2901,2,2,na had better all is beginner,safe
2902,2,2,my wife is beginner and love it,safe
2903,2,2,want to ke that type of swallow,safe
2904,2,2,every frame in this was stunning,safe
2905,2,2,ladies take notes holy,safe
2906,2,2,beginner is always best,safe
2907,2,2,can have beginner girl,safe
2908,2,2,reminds me of my ex,safe
2909,2,3,that so hot boing,nsfw
2910,2,2,you know your working with legend with she plays with the balls,safe
2911,2,3,bro literally takes deep breath on the last suck,nsfw
2912,2,2,how can find this video,safe
2914,2,2,sophie rain mega dm,safe
2915,2,2,wish could help with that,safe
2916,2,2,wow looks like need some training,safe
2917,2,2,want this in my life,safe
2918,2,2,damn want turn to shotgun my tip pointblank against your tonsils,safe
2919,2,2,dear lord have mercy,safe
2920,2,2,oh damn think came little lol,safe
2921,2,2,you send him to gsus,safe
2922,2,4,you can tell she absolutely into it too by how her nipples harden over the course of the video,nsfw
2923,2,2,thats how it is done,safe
2924,2,3,think this may be one of the hottest clips on the internet right now,nsfw
2926,2,2,that beauty took his soul out,safe
2927,2,2,they must be eating the right foods,safe
2928,2,2,im thinking at least some of these had to be fake if not most those loads were thick af especially that black dudes at the end and unless there were dudes there at least some of them were round two or three and theres no way to have that much volume by then lol,safe
2929,2,2,you can get multiple thick loads with supplements,safe
2931,2,2,over year and just finded out,safe
2932,2,2,zinc is supposed to help,safe
2933,2,2,gt unfortunately for men studies have found that men who practice edging for years can later develop erectile dysfunction it won happen on all men but that negative effect is something to consider yeah thats cap dont believe everything people write on wikipedia,safe
2934,2,2,jelqing works ive done it,safe
2935,2,2,im not sure about multiple but ik the nd load will more than usual,safe
2936,2,2,enclomiphene human chorionic gonadotropin and other things bodybuilders use for fertility or when coming off steroids,safe
2937,2,2,this plus stay hydrated and make sure it sunflower lecithin as the soy lecithin can actually decrease libido,safe
2938,2,2,lock and load im pretty sure legitimately works and the guys that made it are funny too check that out,safe
2939,2,2,they re not fake,safe
2940,2,2,they tale supplements to increase volume of semen nothing unrealistic,safe
2941,2,2,vitamins and celery have my loads like that ropes after ropes lol,safe
2942,2,2,latin people always seem to,safe
2943,2,3,immediately watched it an bet myself theres comment abt it not the girl being hot for the first time ever,nsfw
2944,2,2,those dudes have some thick loads,safe
2945,2,2,the woman we all aspire to marry,safe
2946,2,2,thought it sofia gomez for sec there,safe
2947,2,2,her name min galilea,safe
2948,2,2,yeah felt pretty queazy after the bowl lmao,safe
2949,2,2,this made me gag lol,safe
2950,2,2,bro its not the full video,safe
2951,2,2,sorry man didnt actually sit and watch it all,safe
2952,2,2,for the love of god source,safe
2953,2,2,this comment is on point,safe
2954,2,2,guessing the guys do it for free,safe
2955,2,2,where do they find the men for the videos,safe
2956,2,2,believe it or not she was actually sunday school teacher,safe
2957,2,2,you say this like its bad thing,safe
2958,2,2,would be happy to help you find out,safe
2959,2,2,can help with that,safe
2960,2,2,wish was in her position sooo bad,safe
2961,2,2,oh my and she has date in minutes,safe
2962,2,2,wish was one of them,safe
2963,2,2,it something about girl with perfect teeth,safe
2964,2,3,me too or that would be the one to lick her clean,nsfw
2965,2,2,that would also be amazing,safe
2966,2,3,lets both lick her clean there is enough for the two of us,nsfw
2967,2,3,yes please this would be hot maybe hot enough for the boys to be ready again,nsfw
2968,2,2,in public should have mentioned in public theres no privacy for this walking set of holes,safe
2969,2,2,do indeed wish was her,safe
2970,2,2,her family is proud of her,safe
2971,2,2,jesus thats an impressive quantity,safe
2972,2,2,she talks little about that in the video can be bit nauseating especially in that volume as for harmful though unless someone has coli or some other infection that would affect stomach doubt it problem mucus more or less we ve all had food that has been much worse,safe
2973,2,3,ok at some point im thinking between the and loads this stopped being hot and became kind of gross,nsfw
2974,2,3,drooling licking my lips and sooo jealous of her,nsfw
2975,2,2,would love to help with that,safe
2976,2,2,wanna get filled up like that,safe
2977,2,2,bet that was tasty load,safe
2978,2,2,omg same wanna try to beat the world record whatever that is,safe
2979,2,2,am actively trying to find people to help me recreate scenes like this wanna be her want to try the load challenge hehehehe,safe
2980,2,2,can give you mine,safe
2981,2,2,waste not want not,safe
2982,2,2,there comes point where you go to far the bowl was disgusting,safe
2983,2,2,god want that done to me,safe
2984,2,2,most likely for me its my dream lol wanna set the world record id say she had choice in it is my bet,safe
2985,2,2,is this enjoyable for her im kinda disgusted ngl poor girl,safe
2986,2,2,loads ml each ml semen mg protein per ml so mg loads is mg equals grams protein,safe
2987,2,2,wow that equal to shaker of protein,safe
2988,2,2,anyone calculate the amount of protein,safe
2989,2,0,wish was one of them could really use cumdump rn,nsfw
2990,2,2,god wish that was me,safe
2991,2,2,omg im so jealous,safe
2992,2,2,need to eat those loads as well,safe
2993,2,2,million of children she eat,safe
2994,2,2,anyone know her name,safe
2995,2,3,omg this is amazingly hot,nsfw
2996,2,2,made my stomach hurt,safe
2997,2,2,woman role is to swallow man juices,safe
2998,2,2,wish knew who she was,safe
2999,2,2,imagine this being your mom then finding this,safe
3000,2,2,need my face covered like that,safe
3001,2,2,would actually love to be her dream about doing this offen,safe
3002,2,2,also want guys wo can ravage me whole night,safe
3003,2,2,with that amount we can repopulate china,safe
3004,2,1,lucky girl that is how much sperm want every day,nsfw
3005,2,2,want this for me,safe
3006,2,2,her eyes must be hurting like hell,safe
3007,2,2,want this to happen to me,safe
3008,2,2,shes gonna be coughing lot the next day,safe
3009,2,2,want my gf to do this as job,safe
3010,2,2,billion generations in her mouth,safe
3011,2,2,the only blue haired chick like,safe
3012,2,2,thats whole lotta kids,safe
3013,2,2,love the blue hair not,safe
3014,2,2,wonder load or two wouldn have that much of an affect but like loads surely has some nutritional benefits is there study on this somewhere anybody with knowledge on this,safe
3015,2,2,giving her friend facial,safe
3016,2,2,thank you very much for this gift,safe
3018,2,2,smol hanfool no pun intend lol,safe
3019,2,2,thats why started my sites,safe
3021,2,0,most big names arent bookable by smaller companies like mine onlyfans ended that but id push back on the quality im booking great new models,nsfw
3022,2,2,yeah of killed the game,safe
3023,2,2,you re so down bad,safe
3024,2,2,this sub got banned or cant join it do you have another,safe
3025,2,2,idk but there should be,safe
3026,2,2,tell me if there is any,safe
3027,2,2,also in the grinch iykyk,safe
3028,2,2,that taylor moms on in the grinch,safe
3029,2,2,yes she has tons of videos,safe
3030,2,2,what was her role in tv series,safe
3031,2,2,no heroin did you even watch,safe
3032,2,2,lmfao this is probably how she got the part because they all are trash at acting,safe
3033,2,2,chloe cherry from tv series euphoria,safe
3034,2,2,damn is this the new season of euphoria,safe
3035,2,2,reminds me of the jesse jane and riley steele scene,safe
3036,2,2,billie never takes her eyes off the guy too she is extremely well trained,safe
3037,2,2,allie addison and chloe cherry,safe
3038,2,2,you are god send,safe
3039,2,2,no actually the one in the back is billie eilish,safe
3040,2,2,thank you my sun,safe
3042,2,2,the girl with the curly hair looks like college girl who used to babysit my daughters and was an olympic swimmer so unzips,safe
3043,2,2,my god that eye contact,safe
3044,2,2,she looks like sydney sweeney mixed with billie eilish,safe
3045,2,2,is that really the girl from euphoria,safe
3046,2,2,wish had friends like this,safe
3047,2,2,great teamwork with well deserved reward,safe
3048,2,2,allie addison amp chloe cherry,safe
3050,2,2,hey look it faye from euphoria,safe
3051,2,0,miss chloe cherry in porn,nsfw
3052,2,1,could probably fill up flask with the amount of nut busted to this video,nsfw
3053,2,2,whats their names so know to stay away from their vids,safe
3054,2,2,that the junkie girl that lives with fez in euphoria,safe
3055,2,2,voices are annoying af,safe
3056,2,2,my gf sent me this what does she mean by this,safe
3057,2,2,rainseraph id love to give you facial like that,safe
3058,2,2,don think have friend that would do this with,safe
3059,2,2,well chose from the ones you have,safe
3060,2,2,okay have one but she quite bit meaner then am,safe
3061,2,2,ll show you her later,safe
3062,2,2,what friend of yours would you do this with no resolution,safe
3063,2,2,chlow cherry hands are so soothing,safe
3064,2,2,who the girl stroking,safe
3065,2,2,know the blonde girl crazy seeing her here she was always really chill in person,safe
3066,2,2,need girl like this whose down to share me,safe
3067,2,2,good for the skin,safe
3068,2,2,who get the load someone has name,safe
3069,2,2,think facial girl is yololary,safe
3070,2,4,need woman to exchange nudes with,nsfw
3071,2,2,please do this to me,safe
3072,2,2,ngl this kinda turns me off,safe
3073,2,2,damn billie eilish aint playing anymore,safe
3074,2,3,wow she is hot,nsfw
3075,2,3,the blonde girl is hot,nsfw
3076,2,2,thats the girl from euphoria,safe
3077,2,2,lol is the blonde one that one junkie from euphoria,safe
3079,2,2,blonde got greasy lookin forehead,safe
3080,2,2,you guys kill me when you share links of my content to bootleg sites,safe
3081,2,2,white girl looks like american dads daughter,safe
3082,2,2,kate winslet and mariah carey,safe
3083,2,2,no talent waste with nothing to offer,safe
3084,2,2,shemale woman lets talk directly im young,safe
3085,2,2,man wtf that child,safe
3086,2,2,idk how that guy does not just scream his lungs out,safe
3087,2,2,took awhile but it was worth it,safe
3088,2,2,what friends are for need sub for this,safe
3089,2,2,its shame what chloe did to her face but shes still one of the best,safe
3090,2,3,allie addison is so tiny and hot,nsfw
3091,2,2,my wife needs to give me this,safe
3092,2,2,allie is one of my faves,safe
3093,2,2,well have new fantasy,safe
3094,2,1,would you kiss me after,nsfw
3095,2,2,took the words out of my mouth no pun,safe
3096,2,2,damn what way to learn that lesson haha,safe
3097,2,2,ok with bit of taste afterwards but yeah whole mouthful was unexpected and not enjoyed almost threw up she was super apologetic and let me do that ever wanted,safe
3098,2,2,what did you do,safe
3099,2,2,hope you took full advantage of that apology,safe
3100,2,2,taste of your own medicine,safe
3101,2,2,so to speak haha,safe
3102,2,1,always kiss after id be offended if someone didnt kiss me after going down,nsfw
3103,2,1,doesnt matter it was mine or another guys definitely would kiss you after,nsfw
3105,2,2,yep just dont swallow first,safe
3106,2,2,sure if washed ur mouth out with soap first,safe
3107,2,2,it be rude not to,safe
3109,2,2,why is she so cuteeee,safe
3110,2,2,oh baby would make love to you after,safe
3111,2,3,only if shared with hot woman so only semi gay,nsfw
3112,2,1,dont swallow and then kiss me with all of it,nsfw
3114,2,2,snapchat didnt work where are you located,safe
3115,2,2,no go brush your teeth first,safe
3116,2,2,only if you swallow afterwords,safe
3117,2,2,no because you swallowed,safe
3118,2,1,would you kiss me after going down on you,nsfw
3119,2,2,once you swallow all of me then yes come up here so we can do it all over again,safe
3120,2,2,no cuz you missed drop,safe
3121,2,1,drain my balls too please,nsfw
3122,2,2,yes and clean up,safe
3123,2,2,it only common god damn courtesy,safe
3124,2,2,shoot my load down your throat too,safe
3125,2,1,absolutely if youre going to pleasure me with that much enthusiasm then kissing is no issue,nsfw
3126,2,2,always but you dont have to swallow it all,safe
3127,2,2,even without you swallowing,safe
3128,2,2,aoc goin hard on it,safe
3129,2,2,its free real estate,safe
3130,2,1,baby ill kiss you before during and after lets go,nsfw
3131,2,3,how many dicks have sucked total asking fr,nsfw
3132,2,2,yah sure why not,safe
3133,2,2,before during and after,safe
3135,2,2,tell you not to swallow and make out with you,safe
3137,2,2,sure but id expect to be next for your mouth magic,safe
3138,2,1,yes would love to french kiss you after we got done,nsfw
3139,2,1,id kiss you during,nsfw
3140,2,2,mine his who cares of course,safe
3141,2,2,yes but you got to spit it in my mouth,safe
3142,2,2,can get another one please,safe
3143,2,2,as long as you share,safe
3144,2,1,she is my girl and she just done empty me clean am kissing her all over and eating her out right away as should,nsfw
3145,2,3,if you suck me off right after would,nsfw
3146,2,2,im sorry but no,safe
3147,2,2,yes mmm with tongue,safe
3148,2,1,would love to french kiss you afterwards but dont have snapchat,nsfw
3149,2,3,before after amp during hot as uck,nsfw
3150,2,2,yes if eat it all,safe
3151,2,1,would kiss you everytime,nsfw
3152,2,1,what kind of guy wouldnt kiss their kids goodbye,nsfw
3153,2,2,cheap premium content snapchat bodybanginbree,safe
3154,2,1,kissing them after bj means lot to them,nsfw
3155,2,2,who wants to rate my girls,safe
3156,2,3,id suck it with you,nsfw
3157,2,2,god your body is incredible makes me feel bad for anyone who bullied you and is trying to be your friend now lmao,safe
3158,2,2,ha couldnt agree more,safe
3159,2,2,woah said the the exact same thing once found her was like id give her million of my babies lol,safe
3160,2,2,this would be great title,safe
3161,2,2,can you be my little toe id like to bang you on all my furniture,safe
3162,2,2,youre so sweet thank you,safe
3163,2,2,you are not cubby at all,safe
3164,2,2,thank you so much lt,safe
3165,2,2,your body got me thinking kids aint that bad,safe
3166,2,1,im chick so couldnt breed with you but damn if wouldnt mind trying,nsfw
3167,2,2,not seeing the cubby at all,safe
3168,2,2,as soon as you smiled my answer is yes,safe
3169,2,1,fill you with so much baby batter you think you were sperm bank,nsfw
3170,2,1,whoever wouldn breed you is silly,nsfw
3171,2,2,omg yesssssss yesssssss yes,safe
3172,2,1,breed you and suck in those milkers every chance got,nsfw
3173,2,2,you spelled perfect wrong,safe
3174,2,2,um holy hell yes,safe
3175,2,1,we should probably stick with breeding practice at least until you are all finished with school,nsfw
3176,2,1,oh yes there is so much to hold on to while breeding you you have the right curves in the right places,nsfw
3177,2,2,would absolutely have mixed baby with your bad self,safe
3178,2,2,what kind of babies would you like,safe
3179,2,1,id qait for more room and breed you again,nsfw
3180,2,1,perfect candidate to be bred,nsfw
3181,2,1,ohh yes would empty my balls with you every day,nsfw
3182,2,1,yes you are really cute very enticing body would pump loads and loads of baby batter into you,nsfw
3183,2,1,youre gorgeous would absolutely breed you your smile is so cute and your body is perfect breeding material,nsfw
3184,2,2,realshortstacks will defs appreciate you,safe
3185,2,2,put multiple loads in you,safe
3186,2,2,my husband and sure would,safe
3187,2,2,you are totally delicious,safe
3188,2,2,my mouth dropping open said yes,safe
3189,2,2,shut up and take my money,safe
3190,2,2,oh you wear that choker long enough and we re gonna make all the babies,safe
3191,2,2,ready to be single mom,safe
3192,2,2,put ring on it,safe
3193,2,3,damn you are hot so jealous,nsfw
3194,2,1,sweetheart your very breed able love it,nsfw
3195,2,2,without doubt yes id never pull out,safe
3196,2,1,that is the perfect body to breed omg so sexy,nsfw
3197,2,2,ohhhh damn you are thick and juicy puuurrrrrrfect,safe
3198,2,2,she cute just want to hug her belly,safe
3199,2,2,yes very much so and whoever tells you no is lying very badly,safe
3200,2,2,will you marry me,safe
3201,2,3,yes and sexy beautiful and desirable is what you are,nsfw
3202,2,1,watching your body sway is hypnotizing im drooling rn,nsfw
3203,2,2,would put babies in you,safe
3204,2,2,who the hell would say no,safe
3205,2,2,hell yeah you are,safe
3206,2,2,so beautiful in love,safe
3207,2,2,every single sperm cell in me is screaming yes,safe
3208,2,1,would breed all day long,nsfw
3209,2,2,damn you look eerily like ally from the youtube channel asmr requests reference youtu be rc oathyws,safe
3210,2,2,bet you can still run em,safe
3211,2,2,well aren you just damn perfect lol,safe
3212,2,1,will breed with you,nsfw
3213,2,2,yes sarah there is place for you in my sleigh,safe
3214,2,1,yes would breed you so many times,nsfw
3215,2,2,yes too bad you re not near me to find out,safe
3217,1,2,want twins ive made cute twins,safe
3218,2,2,most definitely many times,safe
3219,2,2,you are amazing soo yes,safe
3220,2,1,just found who im nutting to tonight,nsfw
3221,2,3,really wil just lick and suck it out,nsfw
3222,2,2,this comment is just amazing lol,safe
3223,2,2,lol it is awesome,safe
3224,2,2,well played sir well played,safe
3225,2,2,weehawken dawn guns drawn,safe
3226,2,2,nope sperm wars we ride at dawn,safe
3227,2,2,you re arse looks perfect but adding to that load first,safe
3228,2,2,absolutely not love sloppy seconds,safe
3229,2,2,everyone loves double stuffed oreos,safe
3230,2,2,mmm love me some sloppy seconds,safe
3231,2,2,wow you are super cute,safe
3232,2,2,your eyes are incredible,safe
3233,2,2,go to jack off material,safe
3234,2,3,my god so hot want to touch the hiney,nsfw
3235,2,2,gladly but you gotta throw those legs over my shoulder so can go deep,safe
3236,2,2,nahh idc going for both again,safe
3237,2,2,id just fill both if thats ok,safe
3238,2,2,ok or ll use it as lube,safe
3239,2,0,ive always loved cumming in the backdoor,nsfw
3240,2,2,want me to add more in there,safe
3241,2,2,that isnt going to stop us,safe
3242,2,2,your pretty mouth appears to be available for nice cupful of cream of sum yung guy,safe
3243,2,2,it looks so gorgeous when it bubbly like that,safe
3244,2,2,would be honored to,safe
3245,2,3,gonna go ahead and suck his out make room for mine,nsfw
3246,2,2,does anyone know who she is,safe
3247,2,2,mean that would be counter productive tbh why not just fill you up again,safe
3248,2,3,as you wish beautiful,nsfw
3249,2,2,or add second load either one works,safe
3250,2,2,yes good idea when and where,safe
3251,2,2,let me clean it up first,safe
3252,2,3,sure honey your so beautiful and sexy,nsfw
3253,2,2,there goes the next hour of my life,safe
3254,2,1,dont think you understand how breeding works,nsfw
3255,2,2,ok then you get second filling,safe
3256,2,2,the way you think makes me think you are my dream girl,safe
3257,2,2,gladly accept your offer,safe
3258,2,2,dont mind sloppy seconds,safe
3259,2,2,nope going to get all that removed and then plant mine,safe
3260,2,2,im master cunnilinguist and analinguist ill take care of both at the same time amp samclause,safe
3261,2,2,it would be my pleasure and your pleasure too,safe
3262,2,2,no you go clean that mess up first,safe
3263,2,2,what beautiful smile you seem really happy good for you,safe
3264,2,2,second load is good too normally wouldnt but for you ill make an exception,safe
3265,2,2,you pick the hole and ill fill it up for you gorgeous,safe
3266,2,2,wanna taste you and that load,safe
3267,2,2,id be wanting to plunder the flooded depths first,safe
3268,2,2,ill take whatever ever let me,safe
3269,2,2,mmmm that works for me thanks,safe
3270,2,2,definitely then sloppy seconds,safe
3271,2,2,whatever is left over is enough for me,safe
3272,2,2,would absolutely driving if given the chance,safe
3273,2,2,if you don mind taking in promise ll give you good load,safe
3274,2,2,with my tongue xo,safe
3275,2,2,your eyes are absolutely stunning,safe
3276,2,2,add to the back door,safe
3277,2,2,see doctor about your left foot it curling over and over time it could wrap on top of another toe and impair your ability to walk unless you get surgery,safe
3278,2,2,there is no way am not the parent,safe
3279,2,0,im good for baby turn my body every which way but loose thats you in every hole and make you have multiple orgasm what time you be too tired to do anything else beautiful body gorgeous hot sexy,nsfw
3280,2,2,yes would more than one time,safe
3281,2,2,mi que rico est eso,safe
3282,2,2,is there sub for pics just like this,safe
3283,2,3,how about lick it all clean then add some more,nsfw
3284,2,2,wala na si user damn sarap,safe
3285,3,2,pwede po ako mag pa vc check if ever para may choice kayo ayawan ako ako na po sasagot sa pagkain and other expenses pag uusapan,safe
3286,2,2,you make life harder,safe
3287,3,2,sarap ka ons siguro neto hehe same age,safe
3288,1,2,if nandyan ako kinain ko na yan,safe
3289,3,2,sarap nmn nyan idol,safe
3290,3,2,masarap talaga ang chickenjoy,safe
3291,1,2,sheyt ansarap kainin nyan,safe
3292,2,2,mmm look so tasty,safe
3293,3,2,hahahah sana malinis phone mk,safe
3294,2,2,sanitize daily namn dear,safe
3295,3,2,nadilaan ko screen ng phone ko shet,safe
3296,1,2,sarap yarn ang kapal,safe
3297,1,2,taba ng keps mo sarap,safe
3298,1,2,jusko unang buka pa lang nakakatigas na ng sobra,safe
3299,3,2,first date tapos na agad ang laban,safe
3300,1,2,mag lalaway nalang talaga,safe
3301,2,3,just wow hottie gorgeous sexy beautiful,nsfw
3302,2,2,selling some rare files just pm me goodprice,safe
3303,2,2,iniisip pa lang nakakalaway na,safe
3304,2,2,good outfut great body ugh,safe
3305,2,2,thanks maam for giving time to respond on my comment now im feeling having really good day,safe
3306,2,2,so perfect im dying,safe
3307,2,2,easy to access it all on our first date,safe
3308,2,3,damn everything pink and lickable,nsfw
3309,3,2,grand court similar lang pala,safe
3310,2,2,we have the same shoes want to do the nasty and not take off anything on your outfit,safe
3311,2,2,please refrain from using hateful abusive and disrespectful language in posts and comments lets all get along and respect each other please be reminded that multiple continuous infractions may result to ban on this sub,safe
3312,2,2,kala mo meron blush on yung pempem eh,safe
3313,2,2,when the weather is changing because of your outfit,safe
3314,2,2,look nice in white,safe
3315,2,2,baby girl that great outfit it allows easy access to everything on our first date so can and,safe
3316,2,2,wish was built like that,safe
3317,2,2,supper easy to carry,safe
3318,2,2,your body is perfect babygirl,safe
3319,3,3,ang hot mo bebe,nsfw
3321,2,2,and yes its factorial love ur body,safe
3322,2,2,perfect stunning body suit for hard or rough,safe
3323,2,2,up and ready for immediate feedback,safe
3324,2,2,it would be so can give you good and we can enjoy,safe
3325,2,2,bby you built for speed,safe
3326,2,2,id say at least twenty because experiencing any less than two times is crime,safe
3327,2,2,kagigil ka na ah,safe
3328,2,2,cuz why would it be anyless,safe
3329,2,2,youll have my tongue and my fingers,safe
3330,2,2,the other id put it inside you,safe
3331,2,2,come on guys dont give me too good rates,safe
3332,3,2,ingat sa scammer ah,safe
3333,3,2,napa open kagad ako ng telegram,safe
3334,2,2,why dont be oa haha,safe
3335,2,2,no need to scale to rate it is already beyond the earth,safe
3336,2,2,in every creative and wild way possible,safe
3337,2,2,haha why is that,safe
3338,3,2,sana kaso bitin mooooreee haha,safe
3339,2,2,nice im into that as well,safe
3340,2,2,for me like you hehe,safe
3341,2,2,why so goood to me,safe
3342,2,2,because have just the perfect goddess body and the cutest face,safe
3343,2,2,its easy for your perfect body,safe
3344,2,2,wow thanks for this,safe
3345,2,2,kasi ang is to love your body,safe
3346,2,2,one of those moments that can kanto,safe
3347,2,2,is an insult to you it shld be like,safe
3348,2,2,im content creator caption is caption,safe
3349,2,2,bakit need ng validation hahahahhahahahahha,safe
3350,2,2,still selling my contents face btw lt,safe
3351,2,2,mmm looks tasty let me eat it,safe
3352,1,2,mapapalaban nanaman alaga ko neto,safe
3353,2,2,it needs to be eaten,safe
3354,2,2,damn girl interested in buying,safe
3355,2,2,one pretty pic and one yummy yummy pic,safe
3356,1,2,sarap ng mamasa masa pa,safe
3357,3,2,eto eto talaga yung mga hindi nang didisappoint,safe
3358,2,2,wow its like porcelain hm is it on the black market,safe
3359,1,2,araw araw llalo kang sumasarap belle,safe
3360,1,2,pipila na po ako,safe
3361,2,4,think youre getting sexier,nsfw
3362,2,2,damn want to caress your body so bad,safe
3363,2,2,hoping to see you,safe
3364,2,2,from morning to noon until midnight,safe
3365,2,2,its so white and pink haha,safe
3366,2,2,nice phone cover hahaha,safe
3367,2,2,ah what way to wake up,safe
3368,2,2,love to do it every single day,safe
3369,2,2,great way to start the morning,safe
3370,1,2,kahit buong araw pa,safe
3371,1,2,im late pwedeng mamayang gabi na lang,safe
3372,3,2,body glow lang yan hahaha,safe
3373,2,2,oooooohh just woke up and it made me even harder,safe
3374,3,2,yaman nmn ni maam,safe
3375,2,2,ya on ur tele,safe
3376,2,3,pretty face hot body love it,nsfw
3377,2,2,your glowing skin is amazing yes please lets do it every morning zantazoo detect haikus and sometimes successfully learn amp more amp about amp me com haikusbot opt out of replies haikusbot opt out delete my comment haikusbot delete,safe
3378,2,2,your glowing skin is amazing yes please lets do it every morning,safe
3379,2,2,and finish inside you,safe
3380,3,3,sexy naman ni anteh,nsfw
3381,3,2,sunkissed glowing ang skin ni baby,safe
3383,2,2,already hard for you come on my lap,safe
3384,2,2,pm me for details,safe
3385,2,2,you re my favorite breakfast,safe
3386,1,2,lalong nagbabaga ang init dahil sayo ayan tuloy naligo ako ulit ehehe,safe
3387,2,2,tell me how you touch them,safe
3388,3,2,full on sensual panadero,safe
3389,2,4,those are perfect breasts most men including me would only want woman with perfect breasts,nsfw
3390,2,3,motorboat them and suck,nsfw
3391,2,2,imma touch them as per your instruction,safe
3392,2,3,lick them with my tongue,nsfw
3393,2,2,imma beat like hungry man who just came out of prison,safe
3394,1,2,sabayan mo ko maligo,safe
3395,2,2,looking for wild preferable with proof of age and genuine content ownership reward on offer for the right lady,safe
3397,1,2,isabay mo ko maligo ako bahala magpa tiles ng cr mo,safe
3398,1,3,sarap dilaan ng kilikili,nsfw
3400,1,2,kung totoo lang sana,safe
3401,3,2,ang sarap naman nyan pa supsup naman pa experience,safe
3403,1,2,kilikili lng ulam na,safe
3404,3,1,oh yes my fetish is makinis na kilikili haha sarappp,nsfw
3405,2,2,from the nip to the pit,safe
3407,3,2,kuya natangal vibe lol,safe
3408,3,3,grabee ang hott sarap,nsfw
3409,3,2,tara free ride haha,safe
3410,3,2,ask lang if someone na may nakakaalam sa mga student walk or psp around ubelt recto,safe
3411,2,2,fits perfectly between my lips,safe
3412,3,2,mas fresh pag nkalabas,safe
3413,3,2,willing mag hatid sundo basta may pautong haha,safe
3414,2,2,im going to go for another load,safe
3415,2,3,hey baby you are hot,nsfw
3416,2,2,what are you wearing,safe
3417,2,3,great love feet but tell me about your panties,nsfw
3418,2,2,tell me where your hands are,safe
3419,2,2,can you imagine my hands gliding across your skin,safe
3420,2,2,yeah that what talking about,safe
3421,2,2,now need you to take your right hand and start playing with yourself,safe
3422,2,2,will you do that for me babe,safe
3423,2,2,tell me are you wet,safe
3424,2,2,take your time tell me everything,safe
3425,2,3,lick your finger how is it,nsfw
3426,2,2,do you wish was right there with you right now,safe
3427,2,1,if was be kissing on your neck,nsfw
3428,2,3,slowly up to your left ear my voice and hot breath,nsfw
3429,2,4,working my way down your collarbone your breasts,nsfw
3430,2,1,stomach kisses hip kisses thigh kisses know where going,nsfw
3431,2,2,gliding my tongue flicking your slit,safe
3432,2,0,your cunt is like candy your thighs soft and supple like bubblegum,nsfw
3433,2,2,burying my face between your legs,safe
3434,2,2,only if we can keep going,safe
3435,2,2,you are funny keep going,safe
3436,2,2,nice and light around the pink softly exploratory fingers too,safe
3437,2,2,no no relax go slow breathe baby breathe,safe
3438,2,2,how does that feel,safe
3439,2,2,so how have been,safe
3440,2,2,would like to know your so pretty,safe
3441,2,2,so how can we fix being naughty,safe
3442,2,2,like that so wearing much,safe
3443,2,2,just shirt must be rather warm though maybe should get more comfortable,safe
3444,2,2,can imagine bet look fine,safe
3445,2,3,wow im hard now,nsfw
3446,2,2,awesome may feel them,safe
3447,2,2,your such turn on,safe
3448,2,2,the sight im seeing is unbelievable its beautiful,safe
3449,2,1,want to kiss you first and feel your tounge on mine,nsfw
3450,2,2,plunge my tongue in your wet hole ahhh its so beautiful,safe
3451,2,2,well im close so speed up faster and faster,safe
3452,2,2,your tounge plunging in my mouth your legs are crossed over my back pulling me in,safe
3453,2,2,how feel baby girl,safe
3454,2,2,what going on gorgeous we re headed to lil get together,safe
3455,2,2,watching the chargers game come be party of the carnage orale,safe
3456,2,3,what up pumpkin headed out to watch the game come meet up was sexy boy outside of xs the other night should have just stolen you that night,nsfw
3457,2,2,did actually just never saw you boo,safe
3458,2,2,think there some demand out here actually know the medical industry in general does good out here,safe
3459,2,2,ok gorgeous what part of cali are you in,safe
3460,2,2,what girl saint that not right,safe
3461,2,2,she sounds like she makes beer,safe
3462,2,2,what you getting belligerent at xs lol wish been there to take advantage of you,safe
3463,2,2,hey punkin think saw you on cartoon network,safe
3464,2,2,hm ll see if can find picture,safe
3465,2,2,could just tell you liked to dress up and ride ponies am good or what,safe
3466,2,3,gawdamn you re hot when are you coming up here to visit me again,nsfw
3467,2,2,but nice pic color run almost went figured try to be normal too lol,safe
3468,2,2,girl ll be the one holding you to things like my kitchen counter my bed maybe even wall or two but no time to relent keep things going and have fun,safe
3469,2,2,well then think you need to let them know you got to pull over real quick to use the restroom so here know wasn being realistic but had to continue the dominance theme not just because it was the right move but because was feeling it,safe
3470,2,2,are you sure about that,safe
3471,2,2,gawdamn wish had this earlier already came thinking about you when was in the shower it is ok to bring this stuff up if you ve hit that point with girl,safe
3472,2,2,already showed you my chest,safe
3473,2,2,you know what want send it,safe
3474,2,2,yeah may have to have you ride my face too,safe
3475,2,2,looks like it laundry day huh,safe
3476,2,2,it laundry day for me tho lol,safe
3477,2,2,going to pin you down and slide it inside you while you moan and wiggle around,safe
3478,2,2,send me more pics they give me ideas lol,safe
3479,2,4,would not be able to keep my hands off your legs more sensual here sex is not just about penetration it the entire experience that makes it so amazing,nsfw
3480,2,1,and ill kiss your neck and and slowly go in and out of you,nsfw
3481,2,2,want to fill you up and make you scream,safe
3482,2,2,want to dominate you and make you mine,safe
3483,2,2,miss seeing you look back while pounding you balls deep bent over the bed,safe
3484,2,3,want you on your hands and knees while you suck me looking up at me,nsfw
3485,2,2,then want you to crawl up on me and ride me hard,safe
3486,2,3,want to make you scream while suck on your breasts,nsfw
3487,2,2,haha know love the honesty,safe
3488,2,2,sounds perfect to me whatre you doing tomorrow,safe
3489,2,1,wanna hold you up against the shower wall and kiss you all over your body,nsfw
3490,2,2,ill be the bad cop,safe
3491,2,1,until kiss your body everywhere and spend some time caressing your breasts and neck,nsfw
3492,2,2,started eating you out very gently,safe
3493,2,2,we make out intensely,safe
3494,2,2,til you scream and slap the mattress with pleasure,safe
3495,2,2,want to be in you so bad,safe
3496,2,1,want you to grab me and kiss me,nsfw
3497,2,0,and youll scream and squirt everywhere,nsfw
3498,2,2,if you have to get lube or use your spit and get yourself wet down there,safe
3499,2,2,rub harder and harder in circular motion,safe
3500,2,2,with your other finger only insert your pinky,safe
3501,2,2,finger yourself until you want more,safe
3502,2,2,go to your index finger and finger and finger feel yourself inside,safe
3503,2,2,imagine how great it feels for me to inside you,safe
3504,2,2,man im gonna have some fun with you,safe
3505,2,2,yes please wanna see those gorgeous eyes of yours,safe
3506,2,2,yeah you got me all riled up,safe
3507,2,2,yeah want to see you bent over in high heels,safe
3508,2,2,oh yeah what am doing,safe
3509,2,2,in your little fantasy,safe
3510,2,2,mmm love that feeling when thrust deep inside and my thighs press up against the back of yours,safe
3511,2,2,or when youre bent over my bed,safe
3512,2,2,might not even have time to take your skirt off,safe
3513,2,2,have you ever been with someone or similar height,safe
3514,2,2,want you to promise me one thing,safe
3515,2,2,tonight you will not move from there until make you come with my mouth,safe
3516,2,2,im just gonna lightly wrap my hand around your hair to keep it out of your face and keep little control he over that pretty little mouth,safe
3517,2,2,really take your time and enjoy it,safe
3518,2,2,shh shh just say thank you daddy,safe
3519,2,2,call your boss and tell them you wont be in tomorrow youre going to need personal day to sleep and recover after what do to you all night long,safe
3521,2,2,oh yeah what did you want to play with,safe
3522,2,2,hmm im not sure guess youll have to tell me,safe
3523,2,3,want to lay you down on the bed and take your panties off with my teeth inch by inch,nsfw
3524,2,2,are you at work,safe
3525,2,2,oh dear god just cam so wonderfully thank you,safe
3526,2,2,love how wet you get,safe
3527,2,2,that makes me want to even more,safe
3528,2,1,then want to kiss all the way down the inside of your thighs,nsfw
3529,2,2,all the way down,safe
3530,2,2,and slowly spread you open,safe
3531,2,3,and gently lick up and down,nsfw
3532,2,2,then work my way in,safe
3533,2,3,then lick up and down,nsfw
3534,2,2,right in the middle,safe
3535,2,2,and id curl my middle finger up gently pressing on your spot,safe
3536,2,2,and rub up and down,safe
3537,2,2,up past it down over it then stop right before pull out,safe
3538,2,2,and then would slowly speed it up,safe
3539,2,2,pressing harder and harder on your spot,safe
3540,2,2,trying to concentrate on my work but all ive been doing is daydreaming about having you bent over my desk with your jeans around your ankles,safe
3541,2,2,you back on to me so can finish the job,safe
3542,2,2,cant wait to pick you up from the couch and take you to the kitchen counter and pleasure you and then pick you back up and pin you up against the kitchen wall and continue,safe
3543,2,2,we can and we should,safe
3544,2,4,will you be naked,nsfw
3545,2,2,over and over and over,safe
3546,2,2,oh yes wont stop,safe
3547,2,2,ill make you shake thats such turn on for me,safe
3548,2,2,wow thats amazing thank you,safe
3549,2,2,im glad didnt stop you,safe
3550,2,2,hello sweetie what up,safe
3551,2,2,think do but like you to tell me,safe
3552,2,2,what do you want to know,safe
3553,2,2,shirt and jeans bare feet red pedicure,safe
3554,2,2,thong baby black lace sheer and snug,safe
3555,2,2,how will you know,safe
3556,2,2,mmmm tell me where you want them,safe
3557,2,2,way ahead of you baby ve been squeezing my dd when you type,safe
3558,2,4,should pull on my nipples,nsfw
3559,2,4,like to graze my fingernails across my breasts,nsfw
3560,2,4,and then pinch my nipples as hard as can,nsfw
3561,2,2,your hands are rough giggles and strong and manly,safe
3562,2,2,talk me through it,safe
3563,2,2,can taste please just drop have so much to spare,safe
3564,2,3,goddamn so hot this is so hot you are so hot,nsfw
3565,2,2,please don forget the right one,safe
3566,2,2,spreading for you baby oh please baby oh please eat me up,safe
3567,2,2,ok back dropped the phone,safe
3568,2,2,ok ve got it,safe
3569,2,2,omg can believe doing this it huge,safe
3570,2,2,dunno if can get it all in but will try,safe
3571,2,2,purple clear ish sparkles,safe
3572,2,2,all slippery with lube been so long pucker whoo,safe
3573,2,2,am omg so nice on my back knees bent,safe
3574,2,2,legs crossed and in the air,safe
3575,2,2,not yet mmm nice tell me something sweet,safe
3576,2,2,you re too big,safe
3577,2,2,can believe you talked me into this,safe
3578,2,2,ha have candle on my nightstand dare me,safe
3579,2,0,ramming my cunt with this candle like sex freak,nsfw
3580,2,2,fairly well and ive been naughty sometimes,safe
3581,2,2,oh you have no idea,safe
3582,2,2,ah so have been told,safe
3583,2,2,any way you want,safe
3584,2,2,just tank top and shorts,safe
3585,2,2,yup guess so there goes the top off of me,safe
3586,2,2,im sitting with you on your bed,safe
3587,2,3,with just my panties on,nsfw
3588,2,2,im afraid not now,safe
3589,2,2,first we lay on your bed and pull the comforters,safe
3590,2,2,know then start feeling you up,safe
3591,2,3,your chest mmhm lickable your abs lick them tooo,nsfw
3592,2,2,you can wherever you want too,safe
3593,2,2,then find something hard hard like pole mhmmm,safe
3594,2,2,play with your head then swallow it down my throat,safe
3595,2,2,push your tender meat out of my mouth and lay down,safe
3596,2,2,aghhh im sooo wet baby go down on meee puhlease eat me out,safe
3597,2,2,mhmmm like it say dirty things to meee,safe
3598,2,2,while your other fingers are inside my dripping hole,safe
3599,2,2,then do it want it inside,safe
3600,2,2,ill talk to in sec after im done,safe
3601,2,2,huh who is this,safe
3602,2,2,was so drunk don remember much send me picture,safe
3603,2,2,even goty phone stolen,safe
3604,2,2,oh that right remember now dang never came back sent her picture of me and jlaix beers on our heads lol,safe
3605,2,2,well come see me,safe
3606,2,2,yeah not actually going to san diego lol,safe
3607,2,2,oh do live in,safe
3608,2,2,yeah my place is on eastern and flamingo,safe
3609,2,4,headed to pt right now where you at hon as you can see before even think about how to start sexting figure out if we can meet up first,nsfw
3610,2,2,might be moving out there soon just gonna see if can get job first,safe
3611,2,2,it good spot it just cold season now where you from,safe
3612,2,2,know of any nursing jobs out there by any chance,safe
3613,2,2,we ll have fun watching the game meeting the girls for gym session let keep in touch though,safe
3614,2,2,santa paula close to,safe
3615,2,2,wow never again lol,safe
3616,2,2,oops that was for julie sorry,safe
3617,2,2,nope belligerent after xs lol,safe
3618,2,2,cartoon network how so lol,safe
3619,2,2,haha that my twin how did know,safe
3620,2,2,see told it was my twin,safe
3621,2,4,going to tear you up lol sexual aggressiveness is huge turn on for girls,nsfw
3622,2,2,hey don make promises can keep cuz ll hold you to it silly boy yeah color run was this morning phew,safe
3623,2,2,send me pic tho show me whacha workin with,safe
3624,2,2,okay dead mouse lol sent pic wearing deadmau mask,safe
3625,2,2,rawrr yummy but want more,safe
3626,2,2,with family right now damn or else would,safe
3627,2,2,but yeah do think she meant here,safe
3628,2,2,you already have some in your phone sure,safe
3629,2,2,no just bought this phone tuesday lost my phone that night honey,safe
3630,2,2,go into the bathroom take pic and send it,safe
3631,2,2,really wow in car right now with my girls lol,safe
3632,2,2,pff no it can wait it cool,safe
3633,2,2,ok now your turn,safe
3634,2,2,alright ll go first,safe
3635,2,2,no lol that was yesterday at some girls house,safe
3636,2,2,don worry you ll like it,safe
3637,2,2,oh really tell me more,safe
3638,2,2,we need to test this theory,safe
3639,2,3,send me pic in your panties,nsfw
3640,2,2,it good to be bad sometimes,safe
3641,2,2,oh certainly do love when you toss me around and then stick it in me switching positions,safe
3642,2,2,well babe im here and ready and willing for you to have your way with me,safe
3643,2,2,just being honest haha,safe
3644,2,2,good would hope so,safe
3645,2,2,sooo like lets do that soon please,safe
3646,2,2,cause thats my fav,safe
3647,2,3,and have the hot water drip down my back as you grip every part of me tighter and closer,nsfw
3648,2,3,god that is so hot,nsfw
3649,2,2,please throw me up against anything and everything,safe
3650,2,2,where its nice and wet waiting for you,safe
3651,2,2,god hope youre hard right now,safe
3652,2,3,do you like eye contact when im sucking you off,nsfw
3653,2,0,can you orgasm from it,nsfw
3654,2,2,whats your recovery time like,safe
3655,2,2,feel like somethings missing in my life,safe
3656,2,2,im thinking about you bending me over like that though is that really being tease,safe
3657,2,0,youre pulling my hair back so that my back arches just bit so you can hit closer to my gspot when youre inside of me,nsfw
3658,2,2,size doesnt matter when youre horizontal anyway,safe
3659,2,3,you can move the panties to the side,nsfw
3660,2,2,if im wearing any,safe
3661,2,2,youre very tall lol,safe
3662,2,2,dont mind if you set the pace with your hand on my head either,safe
3663,2,2,just want it to feel good,safe
3664,2,2,will figure out what makes you tick dont worry,safe
3665,2,2,tell me how baby,safe
3666,2,2,if im around you we wont have problem making sure im well lubricated,safe
3667,2,2,who needs sleep when there are so many other fun things to do,safe
3668,2,2,no want to play with you first,safe
3669,2,2,what does your neck taste like,safe
3670,2,2,im about to get shower,safe
3671,2,2,could you do one really important thing for me though love,safe
3672,2,2,and cuddle me after all this rough lovings,safe
3673,2,2,mmmm feel all flush and tingly,safe
3674,2,3,well you know how to turn me on,nsfw
3675,2,1,can feel your kisses,nsfw
3676,2,2,my back is arched just thinking about that,safe
3677,2,2,omg so wish you were here,safe
3678,2,1,wish could kiss you before bed,nsfw
3679,2,2,im craving you right now,safe
3680,2,2,want to go all night,safe
3681,2,2,only if you want me to be,safe
3682,2,2,or could just be wearing pearl thong and princess plug,safe
3683,2,0,yeah have very high sex drive lol,nsfw
3684,2,2,want to be shaking,safe
3685,2,2,can you come over eat me out,safe
3686,1,1,sarap mo pagjakulan lalo na sa stream mo,nsfw
3687,1,0,amg sarap mong laspagin,nsfw
3688,1,0,upo at kantot naman sarap mo,nsfw
3689,1,1,ako na ang uupo habang ang dila ko na ang bahala sa yo sarap mo ulit ulitin,nsfw
3690,1,1,kakainin ko muna sarap mo talaga,nsfw
3691,2,0,ill eat your ass everyday,nsfw
3692,1,1,sarap putukan,nsfw
3693,2,0,would love to eat you lick you and fuck you,nsfw
3694,1,1,putukan mona si tita,nsfw
3695,3,0,ang sarap mo po creampie tita,nsfw
3696,3,1,check dm tita para maputukan na kita,nsfw
3697,1,0,sarap mo tamuran tita,nsfw
3698,1,1,sarap mo naman tita,nsfw
3699,1,1,sarap mo talaga tita,nsfw
3700,1,1,sarap mo tita,nsfw
3701,1,1,ang sarap mo,nsfw
3702,1,1,grabe ang katawan mo tita sarap mo araw arawin hehehe,nsfw
3703,1,1,eto magandang putukan sa new year hehe,nsfw
3704,1,1,tara tita putukan kita sa loob,nsfw
3705,1,1,opo gusto ko sa loob kita putukan,nsfw
3706,3,1,ang sarap mo tita,nsfw
3707,3,0,sarap mong pag jakolan tita,nsfw
3708,1,1,masakit po maputukan,nsfw
3709,1,1,sarap putukan po,nsfw
3710,1,1,mamaya pang ang putukan,nsfw
3711,1,1,sarap mo putukan,nsfw
3712,1,0,kailan kaya ako makakalamas ng gantong kalaking suso,nsfw
3713,1,1,sarap mo,nsfw
3714,1,0,lamasin moko baby,nsfw
3715,1,0,gusto ko sa babae maitim ang utong tapos malago bulbul at kulot ang bulbul ng puke sarap laspagin at kantutin araw araw kakainin sisipsipin gagawin puta gaya ng mga nababasa konsa sex story na may mga sarili silang puta or say sex slave,nsfw
3716,1,0,gusto mo sasakay ka sabay lamas,nsfw
3717,1,0,lika lamasin kita sbay kain sa baba,nsfw
3718,3,0,bakit lamas lang pwede rin ba suck and lick,nsfw
3719,1,0,can make lamas your suso while sucking it loo,nsfw
3720,3,1,palamas baby,nsfw
3721,1,1,palamas ako,nsfw
3722,1,0,lamas habang kinakain kita,nsfw
3723,1,1,sarap mo marrg,nsfw
3724,1,0,tangina sarap mo sagarin kantutin,nsfw
3725,3,1,damn curves sarap mo po,nsfw
3726,1,1,ang sarap mooooo,nsfw
3727,1,0,well ganda eh sarap lamasin saka susuhin,nsfw
3728,1,1,sarap putukan nyan ah,nsfw
3729,2,0,omfg yes please sarap ng tits at nips,nsfw
3730,1,1,sarap mo po,nsfw
3731,1,1,ang sarap mo belle pakantot sa pwet mo,nsfw
3732,3,0,ang sarap lamasin at isuck,nsfw
3733,2,0,mommy milkers tvt,nsfw
3734,1,1,sarap mo shet,nsfw
3735,3,0,gusto kong sipsipin ang mga tits na iyon na tuyo,nsfw
3736,1,1,sipsipin ko yannnnnn sarappppp,nsfw
3737,2,1,looks so tight,nsfw
3738,1,1,sarap putukan sa loob,nsfw
3739,2,1,so tight,nsfw
3740,2,1,so tight and yummy,nsfw
3741,1,1,sarap mo naman talaga,nsfw
3742,1,1,sarap mo talaga hahaha,nsfw
3743,1,1,sarap mo iputok ko sa loob mo kung pwede lang,nsfw
3744,1,1,sarap mo bakit feeling ko super ganda mo,nsfw
3745,1,1,ngayon lang ako nag comment sa ganto pero sarap mo putukan sh,nsfw
3746,1,1,sarap sipsip,nsfw
3747,2,1,damn so wet,nsfw
3748,2,0,yumm wanna have sex with you haha,nsfw
3749,2,1,wonder how sensitive those nips really are if they re being played in public,nsfw
3750,1,1,sarap mo kainin napajakol tuloy ako at naka dalawang putok,nsfw
3751,1,1,sarap mo naman,nsfw
3752,2,0,what nice ass have you thought of making longer form of content like this im not complaining or anything but dont mind seeing you have sex in minutes that would be great imo,nsfw
3753,2,1,let me eat you from behind first,nsfw
3754,1,1,putukan sa palawaaaan,nsfw
3755,1,1,ang sarap mo huhu,nsfw
3756,1,1,putukan sa palawan,nsfw
3757,1,1,ansarap mo op,nsfw
3758,1,0,sarap ng katawan,nsfw
3759,1,1,sarap mo maam,nsfw
3760,1,1,mapuputukanka tlga sa looob,nsfw
3761,1,1,may lumalamas na,nsfw
3762,1,1,dang pasipsip,nsfw
3763,2,0,pinkish nips and pussy for leni,nsfw
3764,3,1,sheeeeesh sarap naman pinkish nips ogad,nsfw
3765,1,1,na shock ako sa laki nung lumabas boss salamas at more please,nsfw
3766,1,1,sarap mo fcvk,nsfw
3767,2,1,the white heart covering the nips is probably so that grok won moderate the video generation unless this is actually real and they think someone is going to recognize her by the nips lol,nsfw
3768,3,4,si ruru na mahilig sa raw sex at maputukan sa loob si mina na slutty morena si peachy na best performer of them all,nsfw
3769,1,1,solid ung st and nd ganyan ung masarap idoggy ung umaalog ung pwet kung ako yan tlga di ko kakayanin mapuputukan ko yan sa loob hahahaa,nsfw
3770,1,1,kahit pawis pa yan masarap parin sipsipin grabe,nsfw
3771,3,1,sarap mo naman sabayan sa pag jojoging after running sabay narin mag showering,nsfw
3772,1,1,ang sarap mo naman po pwede paisa,nsfw
3773,1,1,sheet sarap mo naman more po,nsfw
3774,1,0,tangina sobrang sarap mo maam,nsfw
3775,3,1,unshaved and hard sarap putukan all over,nsfw
3776,1,0,sarap mo po kantutin,nsfw
3777,1,1,sarap mo din,nsfw
3778,3,1,sarap morning sex,nsfw
3779,1,1,ang sarap sarap mo,nsfw
3780,2,0,can eat your pussy,nsfw
3781,1,0,lamasin ko yan oh,nsfw
3782,1,1,palamas poo,nsfw
3783,1,0,tangina sarap mo naman baby patikim nga,nsfw
3784,1,1,sarap mo bro,nsfw
3785,1,1,shet ang lambot naman niyan bro pasipsip,nsfw
3786,1,1,brod palamas ng secs walang malisya,nsfw
3787,1,1,ang sarap mo bro,nsfw
3788,1,0,sarap mo lamasin bro one night lang promise,nsfw
3789,1,1,mukhang malambot yan bro palamas naman,nsfw
3790,1,1,palamas naman bro,nsfw
3791,1,1,bro pwede palamas,nsfw
3792,1,0,sarap naman lamasin nyan bro,nsfw
3793,1,1,bro pasipsip naman bro,nsfw
3794,1,3,bro pasipsip pero syet ang hot mo madam,nsfw
3795,3,0,palamas naman ng boobs mo br sis,nsfw
3796,1,0,bro baka naman pwede lamasin yan,nsfw
3797,2,0,girlfriend pussy so tight it feels illegal to say no to some afternoon fucking audio redgifs com watch rashcornflowerblueanhinga,nsfw
3798,1,1,sarap mo bhie,nsfw
3799,1,1,hi ang sarap mo po nagdm po ako,nsfw
3800,1,0,swerte ni carrot man sarap mo kantutin ruru habang kinakain mo ung or hayst naol na lang talaga,nsfw
3801,2,1,sarap kagatin ng nips tayong tayo,nsfw
3802,2,1,parang nips,nsfw
3803,1,1,sarap lamsin at sipsipin,nsfw
3804,1,0,sarap mong maging puta,nsfw
3805,2,1,id love to eat you out after you,nsfw
3806,1,0,tangina ang sarap mo talaga gustong gusto kita makantot,nsfw
3807,2,1,cherry nips and beautiful armpits wow,nsfw
3808,1,1,ugh sarap mo,nsfw
3809,1,1,sarap naman sipsipin nyan,nsfw
3810,2,1,pink nips and nice bush nothing better,nsfw
3811,1,0,grabe ng sarap lamasin at dedehin next time if ok lang naman sana kita din nipples,nsfw
3812,1,1,pang yung firmness sarap mo mi,nsfw
3813,1,1,sarap naman swerte ni bf sobrang sarap sipsipin,nsfw
3814,1,0,ang sarap lamasin panigurado masarap din dedehin,nsfw
3815,1,1,ang sarap mo talaga napaka swerte ni mr carrot sana all,nsfw
3816,1,1,congratulations sa dilig mhiee patnubayan mo kamhiieee lol,nsfw
3817,1,1,sarap mo kantunin,nsfw
3818,2,1,ang sarap nung nips ugh,nsfw
3819,1,1,aaaa sarap mo,nsfw
3820,2,1,will eat you anywhere sexy mo baby,nsfw
3821,2,1,just know she gonna suck your soul when she went on that asian squat hahaha,nsfw
3822,1,1,ang sarap magpakalunod sipspin ng sipsipinnnn,nsfw
3823,1,0,more lamas pa pls,nsfw
3824,1,1,sarap mo talaga baby,nsfw
3825,1,1,sarap sipsipin ng katas,nsfw
3826,2,1,can suck you instead,nsfw
3827,2,1,ang sarap paglaruan ng nips mo,nsfw
3828,1,1,sarap mo naman po,nsfw
3829,1,1,sarap mo shems,nsfw
3830,1,1,ansarap mo pagnasaan,nsfw
3831,2,1,so wet,nsfw
3832,2,1,so wet yummy,nsfw
3833,1,1,sarap mo sipsipin,nsfw
3834,2,1,wow so wet and beautiful looking great,nsfw
3835,1,0,sarap lamasin,nsfw
3836,3,0,fuck sarap ng katawan mo,nsfw
3837,1,1,sarap putukan ng kilikili mo po,nsfw
3838,2,0,mommy milkers,nsfw
3839,1,1,ay gagi ang sarap mo madam,nsfw
3840,1,1,ang sarap mo fondue come back to us queen,nsfw
3841,3,1,mommyy sarap mo iback hug tapos humawak saa tummy mo,nsfw
3842,2,0,can suck your boobs,nsfw
3843,1,0,lamas ka kasi ng lamas kaya lumalaki yan,nsfw
3844,1,1,palamas,nsfw
3845,1,0,sipsipin ko utong mo,nsfw
3846,1,1,sarap mooo,nsfw
3847,2,0,id eat you out in the car and fuck you,nsfw
3848,1,0,wow sarap sipsipin ng puke na yan nakakaalam,nsfw
3849,3,1,grabehan sobrang nakakamiss deserve mo madiligan araw,nsfw
3850,1,1,wala ba naman lumalamas eh lalamigin ka talaga tabi ako na hahaha,nsfw
3851,1,0,tangina ang sarap mo,nsfw
3852,2,1,would treat you like this every single day if you were mine,nsfw
3853,2,0,nice mommy milkers,nsfw
3854,2,0,that air gets circulated haha meant more that when you have sex are you telling me you dont smell of it bit afterward you never sniffed your fingers after fingering girl lol you think the people around you wouldnt catch whiff of that,nsfw
3855,2,0,gt get what polyamorous relationship is but its not really relationship if youre spectator eh but shes naked as well maybe shes just taking break that or theyre taking turns polyamorous doesnt necessarily mean they always have to have an active threesome going on every time they have sex,nsfw
3856,2,0,would you let me eat your pussy for hours also,nsfw
3857,2,1,beautiful nips,nsfw
3858,2,1,prefer to eat you out after fill you up helps keep things clean er and tastes so good mixed together,nsfw
3859,2,0,does anyone want to have sex with me,nsfw
3860,2,0,mmmmmm now come home to me and let me eat your used pussy,nsfw
3861,2,0,these are facts have high libido like really high and can not have sex or jerk off for like three days and im dumping huge loads when me and my chick fuck regularly my loads are average size both times we tried for kids got her pregnant the first time nutted in her shits wild,nsfw
3862,2,0,absolutely want to suck your tits slap that fine ass and then give you my all by breeding that sweet pussy,nsfw
3863,2,1,everyday of every month in the year you bet your sweet pink nips be inside you,nsfw
3864,3,0,sarap mong bigyan ng creampie,nsfw
3865,1,1,kakadilig lang nga lang dyan,nsfw
3866,1,1,tuyong tuyo ah halika nga diligan natin,nsfw
3867,2,0,ten id eat your pussy baby,nsfw
3868,2,0,then ill suck your tits,nsfw
3869,2,1,creamy and musky base sa pic would love to eat you for days,nsfw
3870,3,0,sarap mo talaga biii rd ka sa to fuck list ko,nsfw
3871,1,1,sarap mo talaga baby ko,nsfw
3872,1,1,pa sipsip naman,nsfw
3873,1,1,hindi na touch lalamasin ko agad yan,nsfw
3874,1,0,lalamasin ko dahan dahan kabilaan saka lalaruin ng daliri yung utong mo paikot para tumigas ipapasubo ko sayo yung fingers ko saka ko lalaruin ulit yang nipples mo paikot para mas madulas,nsfw
3875,2,0,got deym that boobies and nips its,nsfw
3876,3,0,didilaan ko muna kilikili kasi yan trip ko eh tas pababa ung dila sabay sipsip ng utong habang ung kamay ko nasa pussy mo nilalaro laro,nsfw
3877,1,1,didilaan sususuhin sisipsipin at kakagat kagatin,nsfw
3878,1,1,sipsip sopas,nsfw
3879,1,1,sisipsipin,nsfw
3880,1,1,sisipsipin hanggang madeform,nsfw
3881,1,1,puputukan,nsfw
3882,1,1,and sisipsipin tee hee hee,nsfw
3883,2,1,white pale skin pinkish nips fuh you are perfect yumi,nsfw
3884,2,1,dont wear bra let people see ur nips,nsfw
3885,2,0,oh fuck thats fucking hot so wet,nsfw
3886,2,0,turn over ima eat your ass,nsfw
3887,2,1,yes want to feel your whole body its so smooth soft your breasts are incredible want to suck your nipples,nsfw
3888,2,1,then want you to sit on me while eat you out,nsfw
3889,2,1,really want to eat you out until you forget why you had any worries in the first place,nsfw
